[22:51:43.478] [36924] [I] CharacterPanel v1-2-1-0
[22:51:43.479] [36924] [I] CharacterPanel loaded
[22:52:30.497] [22540] [I] All shaders compiled
[22:52:30.497] [22540] [I] Installed pre-UI renderer hook
[22:52:30.497] [22540] [I] Menu sink installed
[22:52:30.497] [22540] [I] SCOPY BUILD CharacterPanel-scopy-S2P4-a7073d58b8+dirty-cl94faaed0c6-20261009T144710Z runtime=1-6-1170-0 mode=manual-scene-copy legacy-actor-route=disabled animation=not-implemented cbpc=not-registered smp=not-registered hotkeys=F7-copy F8-draw F3-rotate F4-release F2-anim-probe
[22:52:30.534] [36780] [I] Studio host changed: 0x0 -> 0x1d488616980 (paused=true)
[22:52:30.534] [36780] [I] Studio light node has been created
[22:52:30.534] [36780] [I] CP-LIGHT slot 0: registered, shell 0x1d61451f880 queued (ledger stays the authority)
[22:52:30.534] [36780] [I] CP-LIGHT slot 1: registered, shell 0x1d61451f740 queued (ledger stays the authority)
[22:52:30.534] [36780] [I] CP-LIGHT slot 2: registered, shell 0x1d61451f600 queued (ledger stays the authority)
[22:52:30.534] [36780] [I] Studio lights registered on the ledger (scene=0x1ca977b6e80 -- ledger fetch will populate the slots)
[22:52:30.534] [36780] [I] CP-LIGHT slot 0: ledger shell fetched 0x1d61451f880 (after 0 miss frames)
[22:52:30.534] [36780] [I] CP-LIGHT slot 1: ledger shell fetched 0x1d61451f740 (after 0 miss frames)
[22:52:30.534] [36780] [I] CP-LIGHT slot 2: ledger shell fetched 0x1d61451f600 (after 0 miss frames)
[22:52:53.493] [36780] [I] CP-LIGHT slot 0: ledger shell dropped
[22:52:53.493] [36780] [I] CP-LIGHT slot 1: ledger shell dropped
[22:52:53.493] [36780] [I] CP-LIGHT slot 2: ledger shell dropped
[22:52:53.493] [36780] [W] Studio lights not fully served by the ledger yet
[22:52:57.319] [36780] [I] CP-LIGHT slot 0: fallback re-registered after 1 miss frames (shell 0x1d61451fc40 filed to lightQueueAdd)
[22:52:57.319] [36780] [I] CP-LIGHT slot 1: fallback re-registered after 1 miss frames (shell 0x1d61451f240 filed to lightQueueAdd)
[22:52:57.319] [36780] [I] CP-LIGHT slot 2: fallback re-registered after 1 miss frames (shell 0x1d61451f100 filed to lightQueueAdd)
[22:52:57.387] [36780] [I] CP-LIGHT slot 0: ledger shell fetched 0x1d61451fc40 (after 1 miss frames)
[22:52:57.387] [36780] [I] CP-LIGHT slot 1: ledger shell fetched 0x1d61451f240 (after 1 miss frames)
[22:52:57.387] [36780] [I] CP-LIGHT slot 2: ledger shell fetched 0x1d61451f100 (after 1 miss frames)
[22:53:04.278] [36924] [I] SCOPY BEGIN capture=1 actor=00000014 source=0x1d69944ae00 parent=0x1d69915dec0 nodes=470 geoms=23 api=NiObject::Clone id=68835/70187
[22:53:04.279] [36924] [I] SCOPY CLONE-RETURN capture=1 copy=0x1d69aa25000
[22:53:04.279] [36924] [I] SCOPY SOURCE-DIFF capture-diff root-same=true parent-same=true object-set-same=true local-drift=false world-tight=0 world-loose=0 bound-loose=0 objects=470 skin-bones=131
[22:53:04.279] [36924] [I] SCOPY AUDIT shared-nodes=0 shared-skins=0 shared-properties=0 shared-buffers=0 shared-passes=0 external-roots=0 external-bones=0 external-transforms=0 external-pass-geometry=0 external-fade-nodes=0 invalid-arrays=0 unbound-slots=0
[22:53:04.279] [36924] [I] SCOPY CENSUS source-nodes=470 copy-nodes=470 source-geoms=23 copy-geoms=23 source-skins=13 copy-skins=13 source-dynamic=8 copy-dynamic=8
[22:53:04.279] [36924] [I] SCOPY FRAME skinned-bound valid=true radius=73.7 center=(6363.6,1446.4,256.8) graph-bound radius=74.0 scale=0.35 pruned-nodes=0
[22:53:04.279] [36924] [I] SCOPY READY capture=1 controllers-removed=14 collisions-removed=18 draw=off actor-created=false F8=draw F3=rotate F4=release
[22:53:04.279] [36924] [I] SCOPY GEOMETRY capture=1 name='FemaleBrowsHuman01' type='BSDynamicTriShape'
[22:53:04.279] [36924] [I] SCOPY GEOMETRY capture=1 name='00CVEO_00VAN_AA_ALDDEyes_Blue_FEMALE' type='BSDynamicTriShape'
[22:53:04.279] [36924] [I] SCOPY GEOMETRY capture=1 name='0_HAIRLINE_Female_Human_Straight' type='BSDynamicTriShape'
[22:53:04.279] [36924] [I] SCOPY GEOMETRY capture=1 name='0Anto92HL' type='BSDynamicTriShape'
[22:53:04.279] [36924] [I] SCOPY GEOMETRY capture=1 name='0Anto92' type='BSDynamicTriShape'
[22:53:04.279] [36924] [I] SCOPY GEOMETRY capture=1 name='FemaleMouthHumanoidDefault' type='BSDynamicTriShape'
[22:53:04.279] [36924] [I] SCOPY GEOMETRY capture=1 name='FemaleHeadNord' type='BSDynamicTriShape'
[22:53:04.279] [36924] [I] SCOPY GEOMETRY capture=1 name='shoes' type='BSTriShape'
[22:53:04.279] [36924] [I] SCOPY GEOMETRY capture=1 name='Feet' type='BSTriShape'
[22:53:04.279] [36924] [I] SCOPY GEOMETRY capture=1 name=' (00000D6C)[1]/ (FE04CB10) [80%]' type='BSTriShape'
[22:53:04.279] [36924] [I] SCOPY GEOMETRY capture=1 name='clothes_underwear' type='BSTriShape'
[22:53:04.279] [36924] [I] SCOPY GEOMETRY capture=1 name='clothes' type='BSTriShape'
[22:53:04.279] [36924] [I] SCOPY GEOMETRY capture=1 name='CBBE' type='BSTriShape'
[22:53:04.279] [36924] [I] SCOPY GEOMETRY capture=1 name='Face [Ovl0]' type='BSDynamicTriShape'
[22:53:04.279] [36924] [I] SCOPY GEOMETRY capture=1 name='Feet [SOvl0]' type='BSTriShape'
[22:53:04.279] [36924] [I] SCOPY GEOMETRY capture=1 name='Feet [Ovl2]' type='BSTriShape'
[22:53:04.279] [36924] [I] SCOPY GEOMETRY capture=1 name='Feet [Ovl1]' type='BSTriShape'
[22:53:04.279] [36924] [I] SCOPY GEOMETRY capture=1 name='Feet [Ovl0]' type='BSTriShape'
[22:53:04.279] [36924] [I] SCOPY GEOMETRY capture=1 name='Hands [SOvl0]' type='BSTriShape'
[22:53:04.279] [36924] [I] SCOPY GEOMETRY capture=1 name='Hands [Ovl1]' type='BSTriShape'
[22:53:04.279] [36924] [I] SCOPY GEOMETRY capture=1 name='Hands [Ovl0]' type='BSTriShape'
[22:53:04.279] [36924] [I] SCOPY GEOMETRY capture=1 name='Body [SOvl0]' type='BSTriShape'
[22:53:04.279] [36924] [I] SCOPY GEOMETRY capture=1 name='Body [Ovl0]' type='BSTriShape'
[22:53:05.461] [36924] [I] SCOPY DRAW-TOGGLE enabled=true capture=1
[22:53:05.463] [36924] [I] Clone draw: passes=23 rd-null=23 lights=3 | geoms=23 skinned=23 roots=2 num-mat=331 bone-count=331 bound=331
[22:53:05.463] [36924] [I] SCOPY DRAW frame=1 passes=23 lights=true animation-driver=none physics-driver=none
[22:53:06.603] [36924] [I] SCOPY ANIM probe enabled: node transforms only, applied after the studio's base placement and before pass preparation; the skin matrix buffer is read-only
[22:53:06.604] [36924] [I] SCOPY ANIM target bone='NPC Pelvis [Pelv]' parent-chain='MJF NPC Pelvis [Pelv] < CME LBody [LBody] < MJF CME Body [Body] < CME Body [Body] < NPC COM [COM ] < NPC Root [Root] < NPC < skeleton_female.nif' candidates=74 subtree-nodes=219 skin='clothes' bones=31 root='skeleton_female.nif' affected-geoms=10/23 witness='NPC L Toe0 [LToe]' witness-radius=23.48 swing=world-X 0.600rad period=320f controllers=none verdict=copy-is-graph-invisible skins: [Body [Ovl0]: 30/30 direct] [Body [SOvl0]: 30/30 direct] [Hands [Ovl0]: 38/38 direct] [Hands [Ovl1]: 38/38 direct]
[22:53:06.604] [36924] [I] SCOPY TDUMP geometry='clothes' root='skeleton_female.nif' slots=31 printed=31
[22:53:06.604] [36924] [I] SCOPY TSLOT i=0 bone='NPC Spine [Spn0]' world=(0.9986 -0.0525 0.0068 1.0189 | 0.0509 0.9871 0.1516 -487.6052 | -0.0147 -0.1511 0.9884 4.0091) matrix=(0.3495 -0.0183 0.0032 0.6909 | 0.0178 0.3475 0.0380 -488.5442 | -0.0052 -0.0377 0.3479 -21.4836) previous=(0.3495 -0.0183 0.0032 0.6909 | 0.0178 0.3475 0.0380 -488.5442 | -0.0052 -0.0377 0.3479 -21.4836)
[22:53:06.604] [36924] [I] SCOPY TSLOT i=1 bone='SkirtLBone01' world=(0.1024 -0.9865 -0.1277 -4.2455 | -0.9310 -0.1403 0.3370 -487.2147 | -0.3504 0.0843 -0.9328 5.0204) matrix=(0.3478 -0.0358 -0.0159 2.1694 | 0.0279 0.3258 -0.1247 -476.8657 | 0.0276 0.1226 0.3266 -19.3050) previous=(0.3478 -0.0358 -0.0159 2.1694 | 0.0325 0.3429 -0.0623 -481.0394 | 0.0220 0.0605 0.3440 -20.6020)
[22:53:06.604] [36924] [I] SCOPY TSLOT i=2 bone='NPC R UpperArm [RUar]' world=(-0.8440 0.5319 -0.0692 5.8351 | 0.5253 0.7935 -0.3072 -487.5707 | -0.1085 -0.2956 -0.9491 15.6468) matrix=(0.2724 0.1595 0.1512 -12.9746 | -0.1898 0.2921 0.0338 -487.1839 | -0.1108 -0.1084 0.3138 -16.9113) previous=(0.2724 0.1595 0.1512 -12.9746 | -0.1898 0.2921 0.0338 -487.1839 | -0.1108 -0.1084 0.3138 -16.9113)
[22:53:06.604] [36924] [I] SCOPY TSLOT i=3 bone='NPC R UpperarmTwist1 [RUt1]' world=(-0.0696 0.4653 0.8824 5.8351 | -0.3070 0.8317 -0.4627 -487.5707 | -0.9492 -0.3031 0.0850 15.6468) matrix=(0.2812 0.1389 0.1553 -13.6281 | -0.1722 0.3018 0.0418 -488.2134 | -0.1173 -0.1100 0.3109 -16.5208) previous=(0.2812 0.1389 0.1553 -13.6281 | -0.1722 0.3018 0.0418 -488.2134 | -0.1173 -0.1100 0.3109 -16.5208)
[22:53:06.604] [36924] [I] SCOPY TSLOT i=4 bone='NPC Spine2 [Spn2]' world=(0.9983 0.0407 0.0407 1.1063 | -0.0453 0.9917 0.1199 -487.5375 | -0.0355 -0.1216 0.9919 10.4646) matrix=(0.3494 0.0160 0.0122 0.0867 | -0.0159 0.3496 -0.0048 -485.0278 | -0.0124 0.0042 0.3498 -21.4251) previous=(0.3494 0.0160 0.0122 0.0867 | -0.0159 0.3496 -0.0048 -485.0278 | -0.0124 0.0042 0.3498 -21.4251)
[22:53:06.604] [36924] [I] SCOPY TSLOT i=5 bone='NPC Spine1 [Spn1]' world=(0.9995 0.0252 0.0193 1.0400 | -0.0228 0.9931 -0.1149 -487.1409 | -0.0220 0.1144 0.9932 7.0356) matrix=(0.3498 0.0080 0.0076 0.4567 | -0.0080 0.3499 -0.0028 -485.2168 | -0.0077 0.0026 0.3499 -21.4493) previous=(0.3498 0.0080 0.0076 0.4567 | -0.0080 0.3499 -0.0028 -485.2168 | -0.0077 0.0026 0.3499 -21.4493)
[22:53:06.604] [36924] [I] SCOPY TSLOT i=6 bone='SkirtRBone03' world=(-0.1020 0.9945 -0.0227 7.2167 | 0.9571 0.1044 0.2703 -483.5865 | 0.2712 0.0058 -0.9625 -3.6650) matrix=(0.3481 -0.0357 0.0080 0.3460 | 0.0365 0.3350 -0.0946 -479.0346 | 0.0020 0.0949 0.3369 -20.6405) previous=(0.3481 -0.0357 0.0080 0.3460 | 0.0363 0.3467 -0.0309 -483.4173 | -0.0047 0.0315 0.3485 -21.5148)
[22:53:06.604] [36924] [I] SCOPY TSLOT i=7 bone='SkirtRBone02' world=(-0.1020 0.9928 0.0632 6.9312 | 0.9571 0.0807 0.2783 -484.8447 | 0.2712 0.0888 -0.9584 0.6678) matrix=(0.3481 -0.0357 0.0082 0.3363 | 0.0366 0.3350 -0.0946 -479.0367 | 0.0018 0.0949 0.3369 -20.6371) previous=(0.3481 -0.0357 0.0082 0.3363 | 0.0363 0.3467 -0.0309 -483.4189 | -0.0049 0.0315 0.3485 -21.5111)
[22:53:06.604] [36924] [I] SCOPY TSLOT i=8 bone='SkirtRBone01' world=(-0.1020 0.9835 0.1493 6.2563 | 0.9571 0.0562 0.2842 -486.1296 | 0.2712 0.1719 -0.9471 4.9493) matrix=(0.3481 -0.0357 0.0083 0.3250 | 0.0366 0.3350 -0.0946 -479.0386 | 0.0017 0.0949 0.3369 -20.6342) previous=(0.3481 -0.0357 0.0083 0.3250 | 0.0363 0.3467 -0.0308 -483.4202 | -0.0051 0.0315 0.3485 -21.5078)
[22:53:06.604] [36924] [I] SCOPY TSLOT i=9 bone='NPC L UpperarmTwist1 [LUt1]' world=(0.0327 0.4819 -0.8756 -3.2268 | -0.3157 -0.8262 -0.4666 -487.1592 | -0.9483 0.2917 0.1251 15.9689) matrix=(0.2863 -0.1412 -0.1435 15.0299 | 0.1715 0.3017 0.0455 -488.1988 | 0.1053 -0.1075 0.3160 -16.8883) previous=(0.2863 -0.1412 -0.1435 15.0299 | 0.1715 0.3017 0.0455 -488.1988 | 0.1053 -0.1075 0.3160 -16.8883)
[22:53:06.604] [36924] [I] SCOPY TSLOT i=10 bone='NPC Pelvis [Pelv]' world=(0.9947 -0.1013 0.0186 0.9115 | 0.1028 0.9880 -0.1153 -485.9277 | -0.0067 0.1166 0.9932 2.4928) matrix=(0.3481 -0.0355 0.0065 0.4620 | 0.0360 0.3458 -0.0404 -483.1459 | -0.0024 0.0408 0.3476 -21.4609) previous=(0.3481 -0.0355 0.0065 0.4620 | 0.0349 0.3474 0.0244 -487.6094 | -0.0089 -0.0236 0.3491 -21.5632)
[22:53:06.604] [36924] [I] SCOPY TSLOT i=11 bone='SkirtLBone02' world=(0.1024 -0.9939 -0.0414 -4.8226 | -0.9310 -0.1104 0.3479 -485.6910 | -0.3504 0.0029 -0.9366 0.8034) matrix=(0.3478 -0.0358 -0.0158 2.1583 | 0.0279 0.3258 -0.1247 -476.8654 | 0.0275 0.1226 0.3267 -19.3088) previous=(0.3478 -0.0358 -0.0158 2.1583 | 0.0325 0.3429 -0.0623 -481.0399 | 0.0218 0.0605 0.3440 -20.6058)
[22:53:06.604] [36924] [I] SCOPY TSLOT i=12 bone='NPC R Thigh [RThg]' world=(-0.9819 -0.1854 0.0381 3.2145 | -0.1580 0.9138 0.3742 -485.6896 | -0.1042 0.3614 -0.9266 2.4773) matrix=(0.3403 -0.0783 0.0232 -0.6357 | 0.0811 0.3125 -0.1352 -476.9074 | 0.0095 0.1369 0.3220 -19.7743) previous=(0.3403 -0.0783 0.0232 -0.6357 | 0.0815 0.3323 -0.0736 -481.1670 | -0.0056 0.0769 0.3414 -21.0556)
[22:53:06.604] [36924] [I] SCOPY TSLOT i=13 bone='NPC R Clavicle [RClv]' world=(-0.4919 0.4100 0.7681 2.0597 | -0.2728 0.7652 -0.5832 -484.7042 | -0.8268 -0.4964 -0.2645 16.9471) matrix=(0.3494 0.0161 0.0124 0.0708 | -0.0159 0.3496 -0.0048 -485.0232 | -0.0126 0.0043 0.3497 -21.4243) previous=(0.3494 0.0161 0.0124 0.0708 | -0.0159 0.3496 -0.0048 -485.0232 | -0.0126 0.0043 0.3497 -21.4243)
[22:53:06.604] [36924] [I] SCOPY TSLOT i=14 bone='NPC L UpperarmTwist2 [LUt2]' world=(0.0327 0.4819 -0.8756 -3.1467 | -0.3157 -0.8262 -0.4666 -487.9319 | -0.9483 0.2917 0.1251 13.6480) matrix=(0.2863 -0.1412 -0.1435 15.0294 | 0.1715 0.3017 0.0455 -488.1935 | 0.1053 -0.1075 0.3160 -16.8724) previous=(0.2863 -0.1412 -0.1435 15.0294 | 0.1715 0.3017 0.0455 -488.1935 | 0.1053 -0.1075 0.3160 -16.8724)
[22:53:06.604] [36924] [I] SCOPY TSLOT i=15 bone='NPC R Calf [RClf]' world=(-0.9791 -0.1485 0.1391 3.7415 | -0.1718 0.9695 -0.1748 -481.3734 | -0.1089 -0.1950 -0.9747 -9.0107) matrix=(0.3435 -0.0671 -0.0055 0.3599 | 0.0672 0.3433 0.0107 -481.9616 | 0.0033 -0.0115 0.3498 -20.7821) previous=(0.3435 -0.0671 -0.0055 0.3599 | 0.0667 0.3353 0.0750 -486.3203 | -0.0091 -0.0746 0.3418 -21.1143)
[22:53:06.604] [36924] [I] SCOPY TSLOT i=16 bone='NPC L Thigh [LThg]' world=(-0.9986 -0.0426 0.0329 -1.3911 | -0.0287 0.9385 0.3441 -486.1656 | -0.0455 0.3426 -0.9384 2.5084) matrix=(0.3470 -0.0021 -0.0459 4.0658 | -0.0155 0.3240 -0.1316 -477.2013 | 0.0432 0.1325 0.3211 -19.3307) previous=(0.3470 -0.0021 -0.0459 4.0658 | -0.0072 0.3428 -0.0701 -481.3740 | 0.0454 0.0705 0.3398 -20.5654)
[22:53:06.604] [36924] [I] SCOPY TSLOT i=17 bone='NPC R UpperarmTwist2 [RUt2]' world=(-0.0696 0.4653 0.8824 5.6652 | -0.3070 0.8317 -0.4627 -488.3208 | -0.9492 -0.3031 0.0850 13.3276) matrix=(0.2812 0.1389 0.1553 -13.6272 | -0.1722 0.3018 0.0418 -488.2082 | -0.1173 -0.1100 0.3109 -16.5007) previous=(0.2812 0.1389 0.1553 -13.6272 | -0.1722 0.3018 0.0418 -488.2082 | -0.1173 -0.1100 0.3109 -16.5007)
[22:53:06.604] [36924] [I] SCOPY TSLOT i=18 bone='SkirtBBone03' world=(0.9947 0.0938 -0.0425 1.2079 | 0.1028 -0.9311 0.3500 -489.2034 | -0.0067 -0.3525 -0.9358 -3.7544) matrix=(0.3481 -0.0303 0.0195 -0.2683 | 0.0360 0.3045 -0.1689 -475.7967 | -0.0024 0.1700 0.3060 -17.2031) previous=(0.3481 -0.0303 0.0195 -0.2683 | 0.0349 0.3306 -0.1096 -479.6013 | -0.0089 0.1109 0.3318 -18.7332)
[22:53:06.604] [36924] [I] SCOPY TSLOT i=19 bone='SkirtBBone02' world=(0.9947 0.0979 -0.0319 1.3523 | 0.1028 -0.9639 0.2458 -490.3145 | -0.0067 -0.2477 -0.9688 0.6254) matrix=(0.3481 -0.0323 0.0161 -0.1177 | 0.0360 0.3211 -0.1344 -477.3461 | -0.0024 0.1354 0.3227 -18.6013) previous=(0.3481 -0.0323 0.0161 -0.1177 | 0.0349 0.3406 -0.0726 -481.3819 | -0.0089 0.0739 0.3420 -19.8218)
[22:53:06.604] [36924] [I] SCOPY TSLOT i=20 bone='SkirtBBone01' world=(0.9947 0.1029 -0.0036 1.3688 | 0.1028 -0.9942 -0.0302 -490.1778 | -0.0067 0.0297 -0.9995 5.1442) matrix=(0.3481 -0.0355 0.0065 0.4616 | 0.0360 0.3458 -0.0405 -483.1394 | -0.0024 0.0409 0.3476 -21.4592) previous=(0.3481 -0.0355 0.0065 0.4616 | 0.0349 0.3474 0.0243 -487.6028 | -0.0089 -0.0235 0.3491 -21.5627)
[22:53:06.604] [36924] [I] SCOPY TSLOT i=21 bone='NPC L Clavicle [LClv]' world=(-0.4054 -0.3732 -0.8345 0.8750 | 0.3135 0.8007 -0.5104 -484.6504 | 0.8587 -0.4686 -0.2076 16.9892) matrix=(0.3494 0.0160 0.0121 0.1030 | -0.0158 0.3496 -0.0048 -485.0247 | -0.0123 0.0043 0.3498 -21.4255) previous=(0.3494 0.0160 0.0121 0.1030 | -0.0158 0.3496 -0.0048 -485.0247 | -0.0123 0.0043 0.3498 -21.4255)
[22:53:06.604] [36924] [I] SCOPY TSLOT i=22 bone='NPC L Calf [LClf]' world=(-0.9990 -0.0104 0.0425 -0.9779 | -0.0146 0.9950 -0.0990 -482.1389 | -0.0413 -0.0995 -0.9942 -9.1221) matrix=(0.3466 0.0019 -0.0486 4.1606 | -0.0051 0.3492 -0.0233 -480.9525 | 0.0483 0.0238 0.3458 -20.1918) previous=(0.3466 0.0019 -0.0486 4.1606 | 0.0039 0.3476 0.0409 -485.2197 | 0.0484 -0.0410 0.3442 -20.7202)
[22:53:06.604] [36924] [I] SCOPY TSLOT i=23 bone='SkirtFBone03' world=(-0.9954 -0.0880 0.0368 0.8711 | -0.0729 0.9507 0.3013 -479.6192 | -0.0614 0.2972 -0.9528 -3.7281) matrix=(0.3484 -0.0304 -0.0137 1.9245 | 0.0255 0.3355 -0.0964 -479.1532 | 0.0215 0.0949 0.3362 -21.3404) previous=(0.3484 -0.0304 -0.0137 1.9245 | 0.0290 0.3473 -0.0327 -483.6630 | 0.0164 0.0315 0.3482 -22.1808)
[22:53:06.604] [36924] [I] SCOPY TSLOT i=24 bone='SkirtFBone02' world=(-0.9954 -0.0880 0.0368 0.7048 | -0.0729 0.9507 0.3013 -480.9812 | -0.0614 0.2972 -0.9528 0.5795) matrix=(0.3484 -0.0304 -0.0137 1.9244 | 0.0255 0.3355 -0.0964 -479.1531 | 0.0215 0.0949 0.3362 -21.3404) previous=(0.3484 -0.0304 -0.0137 1.9244 | 0.0290 0.3473 -0.0327 -483.6629 | 0.0164 0.0315 0.3482 -22.1808)
[22:53:06.604] [36924] [I] SCOPY TSLOT i=25 bone='SkirtFBone01' world=(-0.9954 -0.0873 0.0396 0.5260 | -0.0758 0.9696 0.2327 -482.0331 | -0.0587 0.2286 -0.9718 4.9726) matrix=(0.3484 -0.0302 -0.0147 1.9814 | 0.0265 0.3414 -0.0722 -480.7194 | 0.0205 0.0707 0.3422 -21.4117) previous=(0.3484 -0.0302 -0.0147 1.9814 | 0.0299 0.3486 -0.0079 -485.2155 | 0.0153 0.0066 0.3496 -21.9621)
[22:53:06.604] [36924] [I] SCOPY TSLOT i=26 bone='NPC L UpperArm [LUar]' world=(-0.7922 -0.6094 0.0328 -3.2268 | -0.5867 0.7457 -0.3157 -487.1592 | 0.1679 -0.2693 -0.9483 15.9689) matrix=(0.2633 -0.1882 -0.1333 13.4047 | 0.2119 0.2773 0.0270 -485.8355 | 0.0911 -0.1010 0.3225 -17.7302) previous=(0.2633 -0.1882 -0.1333 13.4047 | 0.2119 0.2773 0.0270 -485.8355 | 0.0911 -0.1010 0.3225 -17.7302)
[22:53:06.604] [36924] [I] SCOPY TSLOT i=27 bone='NPC L Butt' world=(0.9947 -0.1014 0.0186 -0.0934 | 0.1028 0.9882 -0.1137 -489.7307 | -0.0069 0.1150 0.9933 3.8270) matrix=(0.3481 -0.0355 0.0065 0.4624 | 0.0360 0.3459 -0.0398 -483.1871 | -0.0024 0.0402 0.3477 -21.4768) previous=(0.3481 -0.0355 0.0065 0.4624 | 0.0349 0.3474 0.0250 -487.6529 | -0.0090 -0.0242 0.3490 -21.5712)
[22:53:06.604] [36924] [I] SCOPY TSLOT i=28 bone='NPC L Breast' world=(0.9974 0.0533 0.0492 -0.7556 | -0.0619 0.9790 0.1943 -484.9581 | -0.0378 -0.1968 0.9797 13.3167) matrix=(0.3491 0.0208 0.0146 -0.1519 | -0.0217 0.3487 0.0216 -487.7267 | -0.0132 -0.0224 0.3490 -21.7600) previous=(0.3491 0.0208 0.0146 -0.1519 | -0.0217 0.3487 0.0216 -487.7267 | -0.0132 -0.0224 0.3490 -21.7600)
[22:53:06.604] [36924] [I] SCOPY TSLOT i=29 bone='NPC R Butt' world=(0.9949 -0.0994 0.0186 2.6919 | 0.1009 0.9884 -0.1132 -489.4448 | -0.0072 0.1145 0.9934 3.8066) matrix=(0.3482 -0.0348 0.0065 0.4691 | 0.0353 0.3460 -0.0396 -483.1971 | -0.0025 0.0401 0.3477 -21.4806) previous=(0.3482 -0.0348 0.0065 0.4691 | 0.0342 0.3474 0.0251 -487.6635 | -0.0090 -0.0244 0.3490 -21.5731)
[22:53:06.604] [36924] [I] SCOPY TSLOT i=30 bone='NPC R Breast' world=(0.9987 0.0223 0.0468 3.4342 | -0.0310 0.9805 0.1939 -485.1600 | -0.0416 -0.1951 0.9799 13.0928) matrix=(0.3495 0.0099 0.0152 -0.2020 | -0.0108 0.3492 0.0214 -487.7134 | -0.0146 -0.0218 0.3490 -21.8166) previous=(0.3495 0.0099 0.0152 -0.2020 | -0.0108 0.3492 0.0214 -487.7134 | -0.0146 -0.0218 0.3490 -21.8166)
[22:53:06.805] [36924] [I] SCOPY T0 frame=1784 capture=1 bone='NPC Pelvis [Pelv]' skin='clothes' root='skeleton_female.nif' bone-origin=(0.9,-485.9,2.5) bone-row1=(0.100,0.993,0.070) witness='NPC L Toe0 [LToe]' witness-radius=23.48 subtree-nodes=219
[22:53:06.805] [36924] [I] SCOPY T1 frame=1784 bone-row1=(0.103,0.974,-0.201) orientation-delta-deg=15.6 witness-moved=6.37 moved-range=[6.37,6.37] slot=10 buffer-pre=sampled pre-rel=swung probe-effective=true
[22:53:06.805] [36924] [I] SCOPY T2 frame=1784 pass-geometry='clothes' numMatrices=31 frameID=2054 buffer-submit=sampled changed-since-T1=false submit-rel=swung
[22:53:06.805] [36924] [I] SCOPY T3 frame=1784 drawn=23 buffer-after-draw=sampled changed-since-T2=true final-rel=swung node-row1=(0.103,0.974,-0.201)
[22:53:06.805] [36924] [I] SCOPY T1c frame=1784 buffer=current slot=10 closest=bind(2.18) next=bind-T(2.18) | buffer=previous slot=10 closest=bind(2.17) next=bind-T(2.17)
[22:53:06.805] [36924] [I] SCOPY T3c frame=1784 buffer=current slot=10 closest=bind(2.19) next=bind-T(2.19) | buffer=previous slot=10 closest=bind(2.18) next=bind-T(2.18)
[22:53:07.014] [36924] [I] SCOPY T0 frame=1792 capture=1 bone='NPC Pelvis [Pelv]' skin='clothes' root='skeleton_female.nif' bone-origin=(0.9,-485.9,2.5) bone-row1=(0.100,0.993,0.070) witness='NPC L Toe0 [LToe]' witness-radius=23.48 subtree-nodes=219
[22:53:07.014] [36924] [I] SCOPY T1 frame=1792 bone-row1=(0.102,0.955,-0.279) orientation-delta-deg=20.2 witness-moved=8.24 moved-range=[6.37,8.24] slot=10 buffer-pre=sampled pre-rel=swung probe-effective=true
[22:53:07.014] [36924] [I] SCOPY T2 frame=1792 pass-geometry='clothes' numMatrices=31 frameID=2062 buffer-submit=sampled changed-since-T1=false submit-rel=swung
[22:53:07.014] [36924] [I] SCOPY T3 frame=1792 drawn=23 buffer-after-draw=sampled changed-since-T2=true final-rel=swung node-row1=(0.102,0.955,-0.279)
[22:53:07.014] [36924] [I] SCOPY T1c frame=1792 buffer=current slot=10 closest=bind(2.25) next=bind-T(2.25) | buffer=previous slot=10 closest=bind(2.24) next=bind-T(2.24)
[22:53:07.014] [36924] [I] SCOPY T3c frame=1792 buffer=current slot=10 closest=bind(2.26) next=bind-T(2.26) | buffer=previous slot=10 closest=bind(2.25) next=bind-T(2.25)
[22:53:07.215] [36924] [I] SCOPY T0 frame=1800 capture=1 bone='NPC Pelvis [Pelv]' skin='clothes' root='skeleton_female.nif' bone-origin=(0.9,-485.9,2.5) bone-row1=(0.100,0.993,0.070) witness='NPC L Toe0 [LToe]' witness-radius=23.48 subtree-nodes=219
[22:53:07.215] [36924] [I] SCOPY T1 frame=1800 bone-row1=(0.101,0.932,-0.347) orientation-delta-deg=24.3 witness-moved=9.89 moved-range=[6.37,9.89] slot=10 buffer-pre=sampled pre-rel=swung probe-effective=true
[22:53:07.215] [36924] [I] SCOPY T2 frame=1800 pass-geometry='clothes' numMatrices=31 frameID=2070 buffer-submit=sampled changed-since-T1=false submit-rel=swung
[22:53:07.215] [36924] [I] SCOPY T3 frame=1800 drawn=23 buffer-after-draw=sampled changed-since-T2=true final-rel=swung node-row1=(0.101,0.932,-0.347)
[22:53:07.215] [36924] [I] SCOPY T1c frame=1800 buffer=current slot=10 closest=bind(2.32) next=bind-T(2.32) | buffer=previous slot=10 closest=bind(2.31) next=bind-T(2.31)
[22:53:07.215] [36924] [I] SCOPY T3c frame=1800 buffer=current slot=10 closest=bind(2.32) next=bind-T(2.32) | buffer=previous slot=10 closest=bind(2.32) next=bind-T(2.32)
[22:53:07.426] [36924] [I] SCOPY T0 frame=1808 capture=1 bone='NPC Pelvis [Pelv]' skin='clothes' root='skeleton_female.nif' bone-origin=(0.9,-485.9,2.5) bone-row1=(0.100,0.993,0.070) witness='NPC L Toe0 [LToe]' witness-radius=23.48 subtree-nodes=219
[22:53:07.426] [36924] [I] SCOPY T1 frame=1808 bone-row1=(0.100,0.909,-0.404) orientation-delta-deg=27.8 witness-moved=11.28 moved-range=[6.37,11.28] slot=10 buffer-pre=sampled pre-rel=swung probe-effective=true
[22:53:07.426] [36924] [I] SCOPY T2 frame=1808 pass-geometry='clothes' numMatrices=31 frameID=2078 buffer-submit=sampled changed-since-T1=false submit-rel=swung
[22:53:07.426] [36924] [I] SCOPY T3 frame=1808 drawn=23 buffer-after-draw=sampled changed-since-T2=true final-rel=swung node-row1=(0.100,0.909,-0.404)
[22:53:07.426] [36924] [I] SCOPY T1c frame=1808 buffer=current slot=10 closest=bind(2.37) next=bind-T(2.37) | buffer=previous slot=10 closest=bind(2.37) next=bind-T(2.37)
[22:53:07.426] [36924] [I] SCOPY T3c frame=1808 buffer=current slot=10 closest=bind(2.38) next=bind-T(2.38) | buffer=previous slot=10 closest=bind(2.37) next=bind-T(2.37)
[22:53:07.628] [36924] [I] SCOPY T0 frame=1816 capture=1 bone='NPC Pelvis [Pelv]' skin='clothes' root='skeleton_female.nif' bone-origin=(0.9,-485.9,2.5) bone-row1=(0.100,0.993,0.070) witness='NPC L Toe0 [LToe]' witness-radius=23.48 subtree-nodes=219
[22:53:07.628] [36924] [I] SCOPY T1 frame=1816 bone-row1=(0.099,0.888,-0.448) orientation-delta-deg=30.6 witness-moved=12.40 moved-range=[6.37,12.40] slot=10 buffer-pre=sampled pre-rel=swung probe-effective=true
[22:53:07.628] [36924] [I] SCOPY T2 frame=1816 pass-geometry='clothes' numMatrices=31 frameID=2086 buffer-submit=sampled changed-since-T1=false submit-rel=swung
[22:53:07.628] [36924] [I] SCOPY T3 frame=1816 drawn=23 buffer-after-draw=sampled changed-since-T2=true final-rel=swung node-row1=(0.099,0.888,-0.448)
[22:53:07.628] [36924] [I] SCOPY T1c frame=1816 buffer=current slot=10 closest=bind(2.42) next=bind-T(2.42) | buffer=previous slot=10 closest=bind(2.42) next=bind-T(2.42)
[22:53:07.628] [36924] [I] SCOPY T3c frame=1816 buffer=current slot=10 closest=bind(2.43) next=bind-T(2.43) | buffer=previous slot=10 closest=bind(2.42) next=bind-T(2.42)
[22:53:07.825] [36924] [I] SCOPY T0 frame=1824 capture=1 bone='NPC Pelvis [Pelv]' skin='clothes' root='skeleton_female.nif' bone-origin=(0.9,-485.9,2.5) bone-row1=(0.100,0.993,0.070) witness='NPC L Toe0 [LToe]' witness-radius=23.48 subtree-nodes=219
[22:53:07.825] [36924] [I] SCOPY T1 frame=1824 bone-row1=(0.098,0.872,-0.480) orientation-delta-deg=32.7 witness-moved=13.21 moved-range=[6.37,13.21] slot=10 buffer-pre=sampled pre-rel=swung probe-effective=true
[22:53:07.825] [36924] [I] SCOPY T2 frame=1824 pass-geometry='clothes' numMatrices=31 frameID=2094 buffer-submit=sampled changed-since-T1=false submit-rel=swung
[22:53:07.825] [36924] [I] SCOPY T3 frame=1824 drawn=23 buffer-after-draw=sampled changed-since-T2=true final-rel=swung node-row1=(0.098,0.872,-0.480)
[22:53:07.825] [36924] [I] SCOPY T1c frame=1824 buffer=current slot=10 closest=bind(2.46) next=bind-T(2.46) | buffer=previous slot=10 closest=bind(2.46) next=bind-T(2.46)
[22:53:07.825] [36924] [I] SCOPY T3c frame=1824 buffer=current slot=10 closest=bind(2.46) next=bind-T(2.46) | buffer=previous slot=10 closest=bind(2.46) next=bind-T(2.46)
[22:53:08.024] [36924] [I] SCOPY T0 frame=1832 capture=1 bone='NPC Pelvis [Pelv]' skin='clothes' root='skeleton_female.nif' bone-origin=(0.9,-485.9,2.5) bone-row1=(0.100,0.993,0.070) witness='NPC L Toe0 [LToe]' witness-radius=23.48 subtree-nodes=219
[22:53:08.024] [36924] [I] SCOPY T1 frame=1832 bone-row1=(0.097,0.861,-0.499) orientation-delta-deg=34.0 witness-moved=13.71 moved-range=[6.37,13.71] slot=10 buffer-pre=sampled pre-rel=swung probe-effective=true
[22:53:08.024] [36924] [I] SCOPY T2 frame=1832 pass-geometry='clothes' numMatrices=31 frameID=2102 buffer-submit=sampled changed-since-T1=false submit-rel=swung
[22:53:08.024] [36924] [I] SCOPY T3 frame=1832 drawn=23 buffer-after-draw=sampled changed-since-T2=true final-rel=swung node-row1=(0.097,0.861,-0.499)
[22:53:08.024] [36924] [I] SCOPY T1c frame=1832 buffer=current slot=10 closest=bind(2.48) next=bind-T(2.48) | buffer=previous slot=10 closest=bind(2.48) next=bind-T(2.48)
[22:53:08.024] [36924] [I] SCOPY T3c frame=1832 buffer=current slot=10 closest=bind(2.48) next=bind-T(2.48) | buffer=previous slot=10 closest=bind(2.48) next=bind-T(2.48)
[22:53:08.235] [36924] [I] SCOPY T0 frame=1840 capture=1 bone='NPC Pelvis [Pelv]' skin='clothes' root='skeleton_female.nif' bone-origin=(0.9,-485.9,2.5) bone-row1=(0.100,0.993,0.070) witness='NPC L Toe0 [LToe]' witness-radius=23.48 subtree-nodes=219
[22:53:08.235] [36924] [I] SCOPY T1 frame=1840 bone-row1=(0.097,0.857,-0.506) orientation-delta-deg=34.4 witness-moved=13.87 moved-range=[6.37,13.87] slot=10 buffer-pre=sampled pre-rel=swung probe-effective=true
[22:53:08.235] [36924] [I] SCOPY T2 frame=1840 pass-geometry='clothes' numMatrices=31 frameID=2110 buffer-submit=sampled changed-since-T1=false submit-rel=swung
[22:53:08.235] [36924] [I] SCOPY T3 frame=1840 drawn=23 buffer-after-draw=sampled changed-since-T2=true final-rel=swung node-row1=(0.097,0.857,-0.506)
[22:53:08.235] [36924] [I] SCOPY T1c frame=1840 buffer=current slot=10 closest=bind(2.49) next=bind-T(2.49) | buffer=previous slot=10 closest=bind(2.49) next=bind-T(2.49)
[22:53:08.235] [36924] [I] SCOPY T3c frame=1840 buffer=current slot=10 closest=bind(2.49) next=bind-T(2.49) | buffer=previous slot=10 closest=bind(2.49) next=bind-T(2.49)
[22:53:08.435] [36924] [I] SCOPY T0 frame=1848 capture=1 bone='NPC Pelvis [Pelv]' skin='clothes' root='skeleton_female.nif' bone-origin=(0.9,-485.9,2.5) bone-row1=(0.100,0.993,0.070) witness='NPC L Toe0 [LToe]' witness-radius=23.48 subtree-nodes=219
[22:53:08.435] [36924] [I] SCOPY T1 frame=1848 bone-row1=(0.097,0.861,-0.499) orientation-delta-deg=34.0 witness-moved=13.71 moved-range=[6.37,13.87] slot=10 buffer-pre=sampled pre-rel=swung probe-effective=true
[22:53:08.435] [36924] [I] SCOPY T2 frame=1848 pass-geometry='clothes' numMatrices=31 frameID=2118 buffer-submit=sampled changed-since-T1=false submit-rel=swung
[22:53:08.435] [36924] [I] SCOPY T3 frame=1848 drawn=23 buffer-after-draw=sampled changed-since-T2=true final-rel=swung node-row1=(0.097,0.861,-0.499)
[22:53:08.435] [36924] [I] SCOPY T1c frame=1848 buffer=current slot=10 closest=bind(2.49) next=bind-T(2.49) | buffer=previous slot=10 closest=bind(2.49) next=bind-T(2.49)
[22:53:08.435] [36924] [I] SCOPY T3c frame=1848 buffer=current slot=10 closest=bind(2.48) next=bind-T(2.48) | buffer=previous slot=10 closest=bind(2.49) next=bind-T(2.49)
[22:53:08.536] [36924] [I] Clone draw: passes=23 rd-null=23 lights=3 | geoms=23 skinned=23 roots=2 num-mat=331 bone-count=331 bound=331
[22:53:08.536] [36924] [I] SCOPY DRAW frame=121 passes=23 lights=true animation-driver=none physics-driver=none
[22:53:08.639] [36924] [I] SCOPY T0 frame=1856 capture=1 bone='NPC Pelvis [Pelv]' skin='clothes' root='skeleton_female.nif' bone-origin=(0.9,-485.9,2.5) bone-row1=(0.100,0.993,0.070) witness='NPC L Toe0 [LToe]' witness-radius=23.48 subtree-nodes=219
[22:53:08.639] [36924] [I] SCOPY T1 frame=1856 bone-row1=(0.098,0.872,-0.480) orientation-delta-deg=32.7 witness-moved=13.21 moved-range=[6.37,13.87] slot=10 buffer-pre=sampled pre-rel=swung probe-effective=true
[22:53:08.639] [36924] [I] SCOPY T2 frame=1856 pass-geometry='clothes' numMatrices=31 frameID=2126 buffer-submit=sampled changed-since-T1=false submit-rel=swung
[22:53:08.639] [36924] [I] SCOPY T3 frame=1856 drawn=23 buffer-after-draw=sampled changed-since-T2=true final-rel=swung node-row1=(0.098,0.872,-0.480)
[22:53:08.639] [36924] [I] SCOPY T1c frame=1856 buffer=current slot=10 closest=bind(2.47) next=bind-T(2.47) | buffer=previous slot=10 closest=bind(2.47) next=bind-T(2.47)
[22:53:08.639] [36924] [I] SCOPY T3c frame=1856 buffer=current slot=10 closest=bind(2.46) next=bind-T(2.46) | buffer=previous slot=10 closest=bind(2.47) next=bind-T(2.47)
[22:53:08.853] [36924] [I] SCOPY T0 frame=1864 capture=1 bone='NPC Pelvis [Pelv]' skin='clothes' root='skeleton_female.nif' bone-origin=(0.9,-485.9,2.5) bone-row1=(0.100,0.993,0.070) witness='NPC L Toe0 [LToe]' witness-radius=23.48 subtree-nodes=219
[22:53:08.853] [36924] [I] SCOPY T1 frame=1864 bone-row1=(0.099,0.888,-0.448) orientation-delta-deg=30.6 witness-moved=12.40 moved-range=[6.37,13.87] slot=10 buffer-pre=sampled pre-rel=swung probe-effective=true
[22:53:08.853] [36924] [I] SCOPY T2 frame=1864 pass-geometry='clothes' numMatrices=31 frameID=2134 buffer-submit=sampled changed-since-T1=false submit-rel=swung
[22:53:08.853] [36924] [I] SCOPY T3 frame=1864 drawn=23 buffer-after-draw=sampled changed-since-T2=true final-rel=swung node-row1=(0.099,0.888,-0.448)
[22:53:08.853] [36924] [I] SCOPY T1c frame=1864 buffer=current slot=10 closest=bind(2.43) next=bind-T(2.43) | buffer=previous slot=10 closest=bind(2.44) next=bind-T(2.44)
[22:53:08.853] [36924] [I] SCOPY T3c frame=1864 buffer=current slot=10 closest=bind(2.43) next=bind-T(2.43) | buffer=previous slot=10 closest=bind(2.43) next=bind-T(2.43)
[22:53:09.054] [36924] [I] SCOPY T0 frame=1872 capture=1 bone='NPC Pelvis [Pelv]' skin='clothes' root='skeleton_female.nif' bone-origin=(0.9,-485.9,2.5) bone-row1=(0.100,0.993,0.070) witness='NPC L Toe0 [LToe]' witness-radius=23.48 subtree-nodes=219
[22:53:09.054] [36924] [I] SCOPY T1 frame=1872 bone-row1=(0.100,0.909,-0.404) orientation-delta-deg=27.8 witness-moved=11.28 moved-range=[6.37,13.87] slot=10 buffer-pre=sampled pre-rel=swung probe-effective=true
[22:53:09.054] [36924] [I] SCOPY T2 frame=1872 pass-geometry='clothes' numMatrices=31 frameID=2142 buffer-submit=sampled changed-since-T1=false submit-rel=swung
[22:53:09.054] [36924] [I] SCOPY T3 frame=1872 drawn=23 buffer-after-draw=sampled changed-since-T2=true final-rel=swung node-row1=(0.100,0.909,-0.404)
[22:53:09.054] [36924] [I] SCOPY T1c frame=1872 buffer=current slot=10 closest=bind(2.39) next=bind-T(2.39) | buffer=previous slot=10 closest=bind(2.39) next=bind-T(2.39)
[22:53:09.054] [36924] [I] SCOPY T3c frame=1872 buffer=current slot=10 closest=bind(2.38) next=bind-T(2.38) | buffer=previous slot=10 closest=bind(2.39) next=bind-T(2.39)
[22:53:09.258] [36924] [I] SCOPY T0 frame=1880 capture=1 bone='NPC Pelvis [Pelv]' skin='clothes' root='skeleton_female.nif' bone-origin=(0.9,-485.9,2.5) bone-row1=(0.100,0.993,0.070) witness='NPC L Toe0 [LToe]' witness-radius=23.48 subtree-nodes=219
[22:53:09.258] [36924] [I] SCOPY T1 frame=1880 bone-row1=(0.101,0.932,-0.347) orientation-delta-deg=24.3 witness-moved=9.89 moved-range=[6.37,13.87] slot=10 buffer-pre=sampled pre-rel=swung probe-effective=true
[22:53:09.258] [36924] [I] SCOPY T2 frame=1880 pass-geometry='clothes' numMatrices=31 frameID=2150 buffer-submit=sampled changed-since-T1=false submit-rel=swung
[22:53:09.258] [36924] [I] SCOPY T3 frame=1880 drawn=23 buffer-after-draw=sampled changed-since-T2=true final-rel=swung node-row1=(0.101,0.932,-0.347)
[22:53:09.259] [36924] [I] SCOPY T1c frame=1880 buffer=current slot=10 closest=bind(2.33) next=bind-T(2.33) | buffer=previous slot=10 closest=bind(2.34) next=bind-T(2.34)
[22:53:09.259] [36924] [I] SCOPY T3c frame=1880 buffer=current slot=10 closest=bind(2.32) next=bind-T(2.32) | buffer=previous slot=10 closest=bind(2.33) next=bind-T(2.33)
[22:53:09.457] [36924] [I] SCOPY T0 frame=1888 capture=1 bone='NPC Pelvis [Pelv]' skin='clothes' root='skeleton_female.nif' bone-origin=(0.9,-485.9,2.5) bone-row1=(0.100,0.993,0.070) witness='NPC L Toe0 [LToe]' witness-radius=23.48 subtree-nodes=219
[22:53:09.457] [36924] [I] SCOPY T1 frame=1888 bone-row1=(0.102,0.955,-0.279) orientation-delta-deg=20.2 witness-moved=8.24 moved-range=[6.37,13.87] slot=10 buffer-pre=sampled pre-rel=swung probe-effective=true
[22:53:09.457] [36924] [I] SCOPY T2 frame=1888 pass-geometry='clothes' numMatrices=31 frameID=2158 buffer-submit=sampled changed-since-T1=false submit-rel=swung
[22:53:09.457] [36924] [I] SCOPY T3 frame=1888 drawn=23 buffer-after-draw=sampled changed-since-T2=true final-rel=swung node-row1=(0.102,0.955,-0.279)
[22:53:09.457] [36924] [I] SCOPY T1c frame=1888 buffer=current slot=10 closest=bind(2.27) next=bind-T(2.27) | buffer=previous slot=10 closest=bind(2.28) next=bind-T(2.28)
[22:53:09.457] [36924] [I] SCOPY T3c frame=1888 buffer=current slot=10 closest=bind(2.26) next=bind-T(2.26) | buffer=previous slot=10 closest=bind(2.27) next=bind-T(2.27)
[22:53:09.665] [36924] [I] SCOPY T0 frame=1896 capture=1 bone='NPC Pelvis [Pelv]' skin='clothes' root='skeleton_female.nif' bone-origin=(0.9,-485.9,2.5) bone-row1=(0.100,0.993,0.070) witness='NPC L Toe0 [LToe]' witness-radius=23.48 subtree-nodes=219
[22:53:09.665] [36924] [I] SCOPY T1 frame=1896 bone-row1=(0.103,0.974,-0.201) orientation-delta-deg=15.6 witness-moved=6.37 moved-range=[6.37,13.87] slot=10 buffer-pre=sampled pre-rel=swung probe-effective=true
[22:53:09.665] [36924] [I] SCOPY T2 frame=1896 pass-geometry='clothes' numMatrices=31 frameID=2166 buffer-submit=sampled changed-since-T1=false submit-rel=swung
[22:53:09.665] [36924] [I] SCOPY T3 frame=1896 drawn=23 buffer-after-draw=sampled changed-since-T2=true final-rel=swung node-row1=(0.103,0.974,-0.201)
[22:53:09.665] [36924] [I] SCOPY T1c frame=1896 buffer=current slot=10 closest=bind(2.20) next=bind-T(2.20) | buffer=previous slot=10 closest=bind(2.21) next=bind-T(2.21)
[22:53:09.665] [36924] [I] SCOPY T3c frame=1896 buffer=current slot=10 closest=bind(2.19) next=bind-T(2.19) | buffer=previous slot=10 closest=bind(2.20) next=bind-T(2.20)
[22:53:09.868] [36924] [I] SCOPY T0 frame=1904 capture=1 bone='NPC Pelvis [Pelv]' skin='clothes' root='skeleton_female.nif' bone-origin=(0.9,-485.9,2.5) bone-row1=(0.100,0.993,0.070) witness='NPC L Toe0 [LToe]' witness-radius=23.48 subtree-nodes=219
[22:53:09.868] [36924] [I] SCOPY T1 frame=1904 bone-row1=(0.103,0.988,-0.115) orientation-delta-deg=10.6 witness-moved=4.35 moved-range=[4.35,13.87] slot=10 buffer-pre=sampled pre-rel=swung probe-effective=true
[22:53:09.868] [36924] [I] SCOPY T2 frame=1904 pass-geometry='clothes' numMatrices=31 frameID=2174 buffer-submit=sampled changed-since-T1=false submit-rel=swung
[22:53:09.868] [36924] [I] SCOPY T3 frame=1904 drawn=23 buffer-after-draw=sampled changed-since-T2=true final-rel=swung node-row1=(0.103,0.988,-0.115)
[22:53:09.868] [36924] [I] SCOPY T1c frame=1904 buffer=current slot=10 closest=bind(2.13) next=bind-T(2.13) | buffer=previous slot=10 closest=bind(2.14) next=bind-T(2.14)
[22:53:09.868] [36924] [I] SCOPY T3c frame=1904 buffer=current slot=10 closest=bind(2.12) next=bind-T(2.12) | buffer=previous slot=10 closest=bind(2.13) next=bind-T(2.13)
[22:53:10.079] [36924] [I] SCOPY T0 frame=1912 capture=1 bone='NPC Pelvis [Pelv]' skin='clothes' root='skeleton_female.nif' bone-origin=(0.9,-485.9,2.5) bone-row1=(0.100,0.993,0.070) witness='NPC L Toe0 [LToe]' witness-radius=23.48 subtree-nodes=219
[22:53:10.079] [36924] [I] SCOPY T1 frame=1912 bone-row1=(0.102,0.995,-0.024) orientation-delta-deg=5.4 witness-moved=2.20 moved-range=[2.20,13.87] slot=10 buffer-pre=sampled pre-rel=swung probe-effective=true
[22:53:10.079] [36924] [I] SCOPY T2 frame=1912 pass-geometry='clothes' numMatrices=31 frameID=2182 buffer-submit=sampled changed-since-T1=false submit-rel=swung
[22:53:10.079] [36924] [I] SCOPY T3 frame=1912 drawn=23 buffer-after-draw=sampled changed-since-T2=true final-rel=swung node-row1=(0.102,0.995,-0.024)
[22:53:10.079] [36924] [I] SCOPY T1c frame=1912 buffer=current slot=10 closest=bind(2.06) next=bind-T(2.06) | buffer=previous slot=10 closest=bind(2.07) next=bind-T(2.07)
[22:53:10.079] [36924] [I] SCOPY T3c frame=1912 buffer=current slot=10 closest=bind(2.05) next=bind-T(2.05) | buffer=previous slot=10 closest=bind(2.06) next=bind-T(2.06)
[22:53:10.279] [36924] [I] SCOPY T0 frame=1920 capture=1 bone='NPC Pelvis [Pelv]' skin='clothes' root='skeleton_female.nif' bone-origin=(0.9,-485.9,2.5) bone-row1=(0.100,0.993,0.070) witness='NPC L Toe0 [LToe]' witness-radius=23.48 subtree-nodes=219
[22:53:10.280] [36924] [I] SCOPY T1 frame=1920 bone-row1=(0.100,0.993,0.070) orientation-delta-deg=0.0 witness-moved=0.00 moved-range=[0.00,13.87] slot=10 buffer-pre=sampled pre-rel=neither probe-effective=true
[22:53:10.280] [36924] [I] SCOPY T2 frame=1920 pass-geometry='clothes' numMatrices=31 frameID=2190 buffer-submit=sampled changed-since-T1=false submit-rel=neither
[22:53:10.280] [36924] [I] SCOPY T3 frame=1920 drawn=23 buffer-after-draw=sampled changed-since-T2=true final-rel=neither node-row1=(0.100,0.993,0.070)
[22:53:10.280] [36924] [I] SCOPY T1c frame=1920 buffer=current slot=10 closest=bind(2.08) next=bind-T(2.08) | buffer=previous slot=10 closest=bind(2.07) next=bind-T(2.07)
[22:53:10.280] [36924] [I] SCOPY T3c frame=1920 buffer=current slot=10 closest=bind(2.09) next=bind-T(2.09) | buffer=previous slot=10 closest=bind(2.08) next=bind-T(2.08)
[22:53:10.490] [36924] [I] SCOPY T0 frame=1928 capture=1 bone='NPC Pelvis [Pelv]' skin='clothes' root='skeleton_female.nif' bone-origin=(0.9,-485.9,2.5) bone-row1=(0.100,0.993,0.070) witness='NPC L Toe0 [LToe]' witness-radius=23.48 subtree-nodes=219
[22:53:10.490] [36924] [I] SCOPY T1 frame=1928 bone-row1=(0.097,0.982,0.163) orientation-delta-deg=5.4 witness-moved=2.20 moved-range=[0.00,13.87] slot=10 buffer-pre=sampled pre-rel=captured probe-effective=true
[22:53:10.490] [36924] [I] SCOPY T2 frame=1928 pass-geometry='clothes' numMatrices=31 frameID=2198 buffer-submit=sampled changed-since-T1=false submit-rel=captured
[22:53:10.490] [36924] [I] SCOPY T3 frame=1928 drawn=23 buffer-after-draw=sampled changed-since-T2=true final-rel=captured node-row1=(0.097,0.982,0.163)
[22:53:10.490] [36924] [I] SCOPY T1c frame=1928 buffer=current slot=10 closest=bone-captured(2.14) next=captured-x-bind(2.14) | buffer=previous slot=10 closest=bone-captured(2.14) next=captured-x-bind(2.14)
[22:53:10.490] [36924] [I] SCOPY T3c frame=1928 buffer=current slot=10 closest=bone-captured(2.13) next=captured-x-bind(2.13) | buffer=previous slot=10 closest=bone-captured(2.14) next=captured-x-bind(2.14)
[22:53:10.696] [36924] [I] SCOPY T0 frame=1936 capture=1 bone='NPC Pelvis [Pelv]' skin='clothes' root='skeleton_female.nif' bone-origin=(0.9,-485.9,2.5) bone-row1=(0.100,0.993,0.070) witness='NPC L Toe0 [LToe]' witness-radius=23.48 subtree-nodes=219
[22:53:10.696] [36924] [I] SCOPY T1 frame=1936 bone-row1=(0.093,0.963,0.252) orientation-delta-deg=10.6 witness-moved=4.35 moved-range=[0.00,13.87] slot=10 buffer-pre=sampled pre-rel=captured probe-effective=true
[22:53:10.696] [36924] [I] SCOPY T2 frame=1936 pass-geometry='clothes' numMatrices=31 frameID=2206 buffer-submit=sampled changed-since-T1=false submit-rel=captured
[22:53:10.696] [36924] [I] SCOPY T3 frame=1936 drawn=23 buffer-after-draw=sampled changed-since-T2=true final-rel=captured node-row1=(0.093,0.963,0.252)
[22:53:10.696] [36924] [I] SCOPY T1c frame=1936 buffer=current slot=10 closest=bone-captured(2.15) next=captured-x-bind(2.15) | buffer=previous slot=10 closest=bone-captured(2.14) next=captured-x-bind(2.14)
[22:53:10.696] [36924] [I] SCOPY T3c frame=1936 buffer=current slot=10 closest=bone-captured(2.15) next=captured-x-bind(2.15) | buffer=previous slot=10 closest=bone-captured(2.15) next=captured-x-bind(2.15)
[22:53:10.897] [36924] [I] SCOPY T0 frame=1944 capture=1 bone='NPC Pelvis [Pelv]' skin='clothes' root='skeleton_female.nif' bone-origin=(0.9,-485.9,2.5) bone-row1=(0.100,0.993,0.070) witness='NPC L Toe0 [LToe]' witness-radius=23.48 subtree-nodes=219
[22:53:10.897] [36924] [I] SCOPY T1 frame=1944 bone-row1=(0.089,0.938,0.335) orientation-delta-deg=15.6 witness-moved=6.37 moved-range=[0.00,13.87] slot=10 buffer-pre=sampled pre-rel=captured probe-effective=true
[22:53:10.897] [36924] [I] SCOPY T2 frame=1944 pass-geometry='clothes' numMatrices=31 frameID=2214 buffer-submit=sampled changed-since-T1=false submit-rel=captured
[22:53:10.897] [36924] [I] SCOPY T3 frame=1944 drawn=23 buffer-after-draw=sampled changed-since-T2=true final-rel=captured node-row1=(0.089,0.938,0.335)
[22:53:10.897] [36924] [I] SCOPY T1c frame=1944 buffer=current slot=10 closest=bone-captured(2.22) next=captured-x-bind(2.22) | buffer=previous slot=10 closest=bone-captured(2.21) next=captured-x-bind(2.21)
[22:53:10.897] [36924] [I] SCOPY T3c frame=1944 buffer=current slot=10 closest=bone-captured(2.23) next=captured-x-bind(2.23) | buffer=previous slot=10 closest=bone-captured(2.22) next=captured-x-bind(2.22)
[22:53:11.100] [36924] [I] SCOPY T0 frame=1952 capture=1 bone='NPC Pelvis [Pelv]' skin='clothes' root='skeleton_female.nif' bone-origin=(0.9,-485.9,2.5) bone-row1=(0.100,0.993,0.070) witness='NPC L Toe0 [LToe]' witness-radius=23.48 subtree-nodes=219
[22:53:11.100] [36924] [I] SCOPY T1 frame=1952 bone-row1=(0.085,0.908,0.410) orientation-delta-deg=20.2 witness-moved=8.24 moved-range=[0.00,13.87] slot=10 buffer-pre=sampled pre-rel=captured probe-effective=true
[22:53:11.100] [36924] [I] SCOPY T2 frame=1952 pass-geometry='clothes' numMatrices=31 frameID=2222 buffer-submit=sampled changed-since-T1=false submit-rel=captured
[22:53:11.100] [36924] [I] SCOPY T3 frame=1952 drawn=23 buffer-after-draw=sampled changed-since-T2=true final-rel=captured node-row1=(0.085,0.908,0.410)
[22:53:11.100] [36924] [I] SCOPY T1c frame=1952 buffer=current slot=10 closest=bone-captured(2.29) next=captured-x-bind(2.29) | buffer=previous slot=10 closest=bone-captured(2.28) next=captured-x-bind(2.28)
[22:53:11.100] [36924] [I] SCOPY T3c frame=1952 buffer=current slot=10 closest=bone-captured(2.30) next=captured-x-bind(2.30) | buffer=previous slot=10 closest=bone-captured(2.29) next=captured-x-bind(2.29)
[22:53:11.303] [36924] [I] SCOPY T0 frame=1960 capture=1 bone='NPC Pelvis [Pelv]' skin='clothes' root='skeleton_female.nif' bone-origin=(0.9,-485.9,2.5) bone-row1=(0.100,0.993,0.070) witness='NPC L Toe0 [LToe]' witness-radius=23.48 subtree-nodes=219
[22:53:11.303] [36924] [I] SCOPY T1 frame=1960 bone-row1=(0.080,0.877,0.474) orientation-delta-deg=24.3 witness-moved=9.89 moved-range=[0.00,13.87] slot=10 buffer-pre=sampled pre-rel=captured probe-effective=true
[22:53:11.303] [36924] [I] SCOPY T2 frame=1960 pass-geometry='clothes' numMatrices=31 frameID=2230 buffer-submit=sampled changed-since-T1=false submit-rel=captured
[22:53:11.303] [36924] [I] SCOPY T3 frame=1960 drawn=23 buffer-after-draw=sampled changed-since-T2=true final-rel=captured node-row1=(0.080,0.877,0.474)
[22:53:11.303] [36924] [I] SCOPY T1c frame=1960 buffer=current slot=10 closest=bone-captured(2.36) next=captured-x-bind(2.36) | buffer=previous slot=10 closest=bone-captured(2.35) next=captured-x-bind(2.35)
[22:53:11.303] [36924] [I] SCOPY T3c frame=1960 buffer=current slot=10 closest=bone-captured(2.37) next=captured-x-bind(2.37) | buffer=previous slot=10 closest=bone-captured(2.36) next=captured-x-bind(2.36)
[22:53:11.511] [36924] [I] SCOPY T0 frame=1968 capture=1 bone='NPC Pelvis [Pelv]' skin='clothes' root='skeleton_female.nif' bone-origin=(0.9,-485.9,2.5) bone-row1=(0.100,0.993,0.070) witness='NPC L Toe0 [LToe]' witness-radius=23.48 subtree-nodes=219
[22:53:11.511] [36924] [I] SCOPY T1 frame=1968 bone-row1=(0.076,0.846,0.527) orientation-delta-deg=27.8 witness-moved=11.28 moved-range=[0.00,13.87] slot=10 buffer-pre=sampled pre-rel=captured probe-effective=true
[22:53:11.511] [36924] [I] SCOPY T2 frame=1968 pass-geometry='clothes' numMatrices=31 frameID=2238 buffer-submit=sampled changed-since-T1=false submit-rel=captured
[22:53:11.511] [36924] [I] SCOPY T3 frame=1968 drawn=23 buffer-after-draw=sampled changed-since-T2=true final-rel=captured node-row1=(0.076,0.846,0.527)
[22:53:11.511] [36924] [I] SCOPY T1c frame=1968 buffer=current slot=10 closest=bone-captured(2.42) next=captured-x-bind(2.42) | buffer=previous slot=10 closest=bone-captured(2.41) next=captured-x-bind(2.41)
[22:53:11.511] [36924] [I] SCOPY T3c frame=1968 buffer=current slot=10 closest=bone-captured(2.43) next=captured-x-bind(2.43) | buffer=previous slot=10 closest=bone-captured(2.42) next=captured-x-bind(2.42)
[22:53:11.609] [36924] [I] Clone draw: passes=23 rd-null=23 lights=3 | geoms=23 skinned=23 roots=2 num-mat=331 bone-count=331 bound=331
[22:53:11.609] [36924] [I] SCOPY DRAW frame=241 passes=23 lights=true animation-driver=none physics-driver=none
[22:53:11.720] [36924] [I] SCOPY T0 frame=1976 capture=1 bone='NPC Pelvis [Pelv]' skin='clothes' root='skeleton_female.nif' bone-origin=(0.9,-485.9,2.5) bone-row1=(0.100,0.993,0.070) witness='NPC L Toe0 [LToe]' witness-radius=23.48 subtree-nodes=219
[22:53:11.720] [36924] [I] SCOPY T1 frame=1976 bone-row1=(0.073,0.820,0.568) orientation-delta-deg=30.6 witness-moved=12.40 moved-range=[0.00,13.87] slot=10 buffer-pre=sampled pre-rel=captured probe-effective=true
[22:53:11.720] [36924] [I] SCOPY T2 frame=1976 pass-geometry='clothes' numMatrices=31 frameID=2246 buffer-submit=sampled changed-since-T1=false submit-rel=captured
[22:53:11.720] [36924] [I] SCOPY T3 frame=1976 drawn=23 buffer-after-draw=sampled changed-since-T2=true final-rel=captured node-row1=(0.073,0.820,0.568)
[22:53:11.720] [36924] [I] SCOPY T1c frame=1976 buffer=current slot=10 closest=bone-captured(2.47) next=captured-x-bind(2.47) | buffer=previous slot=10 closest=bone-captured(2.46) next=captured-x-bind(2.46)
[22:53:11.720] [36924] [I] SCOPY T3c frame=1976 buffer=current slot=10 closest=bone-captured(2.47) next=captured-x-bind(2.47) | buffer=previous slot=10 closest=bone-captured(2.47) next=captured-x-bind(2.47)
[22:53:11.924] [36924] [I] SCOPY T0 frame=1984 capture=1 bone='NPC Pelvis [Pelv]' skin='clothes' root='skeleton_female.nif' bone-origin=(0.9,-485.9,2.5) bone-row1=(0.100,0.993,0.070) witness='NPC L Toe0 [LToe]' witness-radius=23.48 subtree-nodes=219
[22:53:11.924] [36924] [I] SCOPY T1 frame=1984 bone-row1=(0.070,0.799,0.597) orientation-delta-deg=32.7 witness-moved=13.21 moved-range=[0.00,13.87] slot=10 buffer-pre=sampled pre-rel=captured probe-effective=true
[22:53:11.924] [36924] [I] SCOPY T2 frame=1984 pass-geometry='clothes' numMatrices=31 frameID=2254 buffer-submit=sampled changed-since-T1=false submit-rel=captured
[22:53:11.924] [36924] [I] SCOPY T3 frame=1984 drawn=23 buffer-after-draw=sampled changed-since-T2=true final-rel=captured node-row1=(0.070,0.799,0.597)
[22:53:11.924] [36924] [I] SCOPY T1c frame=1984 buffer=current slot=10 closest=bone-captured(2.51) next=captured-x-bind(2.51) | buffer=previous slot=10 closest=bone-captured(2.50) next=captured-x-bind(2.50)
[22:53:11.924] [36924] [I] SCOPY T3c frame=1984 buffer=current slot=10 closest=bone-captured(2.51) next=captured-x-bind(2.51) | buffer=previous slot=10 closest=bone-captured(2.51) next=captured-x-bind(2.51)
[22:53:12.148] [36924] [I] SCOPY T0 frame=1992 capture=1 bone='NPC Pelvis [Pelv]' skin='clothes' root='skeleton_female.nif' bone-origin=(0.9,-485.9,2.5) bone-row1=(0.100,0.993,0.070) witness='NPC L Toe0 [LToe]' witness-radius=23.48 subtree-nodes=219
[22:53:12.148] [36924] [I] SCOPY T1 frame=1992 bone-row1=(0.068,0.786,0.615) orientation-delta-deg=34.0 witness-moved=13.71 moved-range=[0.00,13.87] slot=10 buffer-pre=sampled pre-rel=captured probe-effective=true
[22:53:12.148] [36924] [I] SCOPY T2 frame=1992 pass-geometry='clothes' numMatrices=31 frameID=2262 buffer-submit=sampled changed-since-T1=false submit-rel=captured
[22:53:12.148] [36924] [I] SCOPY T3 frame=1992 drawn=23 buffer-after-draw=sampled changed-since-T2=true final-rel=captured node-row1=(0.068,0.786,0.615)
[22:53:12.148] [36924] [I] SCOPY T1c frame=1992 buffer=current slot=10 closest=bone-captured(2.53) next=captured-x-bind(2.53) | buffer=previous slot=10 closest=bone-captured(2.53) next=captured-x-bind(2.53)
[22:53:12.148] [36924] [I] SCOPY T3c frame=1992 buffer=current slot=10 closest=bone-captured(2.53) next=captured-x-bind(2.53) | buffer=previous slot=10 closest=bone-captured(2.53) next=captured-x-bind(2.53)
[22:53:12.351] [36924] [I] SCOPY T0 frame=2000 capture=1 bone='NPC Pelvis [Pelv]' skin='clothes' root='skeleton_female.nif' bone-origin=(0.9,-485.9,2.5) bone-row1=(0.100,0.993,0.070) witness='NPC L Toe0 [LToe]' witness-radius=23.48 subtree-nodes=219
[22:53:12.351] [36924] [I] SCOPY T1 frame=2000 bone-row1=(0.068,0.781,0.621) orientation-delta-deg=34.4 witness-moved=13.87 moved-range=[0.00,13.87] slot=10 buffer-pre=sampled pre-rel=captured probe-effective=true
[22:53:12.351] [36924] [I] SCOPY T2 frame=2000 pass-geometry='clothes' numMatrices=31 frameID=2270 buffer-submit=sampled changed-since-T1=false submit-rel=captured
[22:53:12.351] [36924] [I] SCOPY T3 frame=2000 drawn=23 buffer-after-draw=sampled changed-since-T2=true final-rel=captured node-row1=(0.068,0.781,0.621)
[22:53:12.351] [36924] [I] SCOPY T1c frame=2000 buffer=current slot=10 closest=bone-captured(2.54) next=captured-x-bind(2.54) | buffer=previous slot=10 closest=bone-captured(2.54) next=captured-x-bind(2.54)
[22:53:12.351] [36924] [I] SCOPY T3c frame=2000 buffer=current slot=10 closest=bone-captured(2.54) next=captured-x-bind(2.54) | buffer=previous slot=10 closest=bone-captured(2.54) next=captured-x-bind(2.54)
[22:53:12.553] [36924] [I] SCOPY T0 frame=2008 capture=1 bone='NPC Pelvis [Pelv]' skin='clothes' root='skeleton_female.nif' bone-origin=(0.9,-485.9,2.5) bone-row1=(0.100,0.993,0.070) witness='NPC L Toe0 [LToe]' witness-radius=23.48 subtree-nodes=219
[22:53:12.554] [36924] [I] SCOPY T1 frame=2008 bone-row1=(0.068,0.786,0.615) orientation-delta-deg=34.0 witness-moved=13.71 moved-range=[0.00,13.87] slot=10 buffer-pre=sampled pre-rel=captured probe-effective=true
[22:53:12.554] [36924] [I] SCOPY T2 frame=2008 pass-geometry='clothes' numMatrices=31 frameID=2278 buffer-submit=sampled changed-since-T1=false submit-rel=captured
[22:53:12.554] [36924] [I] SCOPY T3 frame=2008 drawn=23 buffer-after-draw=sampled changed-since-T2=true final-rel=captured node-row1=(0.068,0.786,0.615)
[22:53:12.554] [36924] [I] SCOPY T1c frame=2008 buffer=current slot=10 closest=bone-captured(2.53) next=captured-x-bind(2.53) | buffer=previous slot=10 closest=bone-captured(2.54) next=captured-x-bind(2.54)
[22:53:12.554] [36924] [I] SCOPY T3c frame=2008 buffer=current slot=10 closest=bone-captured(2.53) next=captured-x-bind(2.53) | buffer=previous slot=10 closest=bone-captured(2.53) next=captured-x-bind(2.53)
[22:53:12.754] [36924] [I] SCOPY T0 frame=2016 capture=1 bone='NPC Pelvis [Pelv]' skin='clothes' root='skeleton_female.nif' bone-origin=(0.9,-485.9,2.5) bone-row1=(0.100,0.993,0.070) witness='NPC L Toe0 [LToe]' witness-radius=23.48 subtree-nodes=219
[22:53:12.754] [36924] [I] SCOPY T1 frame=2016 bone-row1=(0.070,0.799,0.597) orientation-delta-deg=32.7 witness-moved=13.21 moved-range=[0.00,13.87] slot=10 buffer-pre=sampled pre-rel=captured probe-effective=true
[22:53:12.754] [36924] [I] SCOPY T2 frame=2016 pass-geometry='clothes' numMatrices=31 frameID=2286 buffer-submit=sampled changed-since-T1=false submit-rel=captured
[22:53:12.754] [36924] [I] SCOPY T3 frame=2016 drawn=23 buffer-after-draw=sampled changed-since-T2=true final-rel=captured node-row1=(0.070,0.799,0.597)
[22:53:12.754] [36924] [I] SCOPY T1c frame=2016 buffer=current slot=10 closest=bone-captured(2.51) next=captured-x-bind(2.51) | buffer=previous slot=10 closest=bone-captured(2.52) next=captured-x-bind(2.52)
[22:53:12.754] [36924] [I] SCOPY T3c frame=2016 buffer=current slot=10 closest=bone-captured(2.51) next=captured-x-bind(2.51) | buffer=previous slot=10 closest=bone-captured(2.51) next=captured-x-bind(2.51)
[22:53:12.963] [36924] [I] SCOPY T0 frame=2024 capture=1 bone='NPC Pelvis [Pelv]' skin='clothes' root='skeleton_female.nif' bone-origin=(0.9,-485.9,2.5) bone-row1=(0.100,0.993,0.070) witness='NPC L Toe0 [LToe]' witness-radius=23.48 subtree-nodes=219
[22:53:12.963] [36924] [I] SCOPY T1 frame=2024 bone-row1=(0.073,0.820,0.568) orientation-delta-deg=30.6 witness-moved=12.40 moved-range=[0.00,13.87] slot=10 buffer-pre=sampled pre-rel=captured probe-effective=true
[22:53:12.963] [36924] [I] SCOPY T2 frame=2024 pass-geometry='clothes' numMatrices=31 frameID=2294 buffer-submit=sampled changed-since-T1=false submit-rel=captured
[22:53:12.963] [36924] [I] SCOPY T3 frame=2024 drawn=23 buffer-after-draw=sampled changed-since-T2=true final-rel=captured node-row1=(0.073,0.820,0.568)
[22:53:12.963] [36924] [I] SCOPY T1c frame=2024 buffer=current slot=10 closest=bone-captured(2.48) next=captured-x-bind(2.48) | buffer=previous slot=10 closest=bone-captured(2.48) next=captured-x-bind(2.48)
[22:53:12.963] [36924] [I] SCOPY T3c frame=2024 buffer=current slot=10 closest=bone-captured(2.47) next=captured-x-bind(2.47) | buffer=previous slot=10 closest=bone-captured(2.48) next=captured-x-bind(2.48)
[22:53:13.165] [36924] [I] SCOPY T0 frame=2032 capture=1 bone='NPC Pelvis [Pelv]' skin='clothes' root='skeleton_female.nif' bone-origin=(0.9,-485.9,2.5) bone-row1=(0.100,0.993,0.070) witness='NPC L Toe0 [LToe]' witness-radius=23.48 subtree-nodes=219
[22:53:13.165] [36924] [I] SCOPY T1 frame=2032 bone-row1=(0.076,0.846,0.527) orientation-delta-deg=27.8 witness-moved=11.28 moved-range=[0.00,13.87] slot=10 buffer-pre=sampled pre-rel=captured probe-effective=true
[22:53:13.165] [36924] [I] SCOPY T2 frame=2032 pass-geometry='clothes' numMatrices=31 frameID=2302 buffer-submit=sampled changed-since-T1=false submit-rel=captured
[22:53:13.165] [36924] [I] SCOPY T3 frame=2032 drawn=23 buffer-after-draw=sampled changed-since-T2=true final-rel=captured node-row1=(0.076,0.846,0.527)
[22:53:13.165] [36924] [I] SCOPY T1c frame=2032 buffer=current slot=10 closest=bone-captured(2.43) next=captured-x-bind(2.43) | buffer=previous slot=10 closest=bone-captured(2.44) next=captured-x-bind(2.44)
[22:53:13.165] [36924] [I] SCOPY T3c frame=2032 buffer=current slot=10 closest=bone-captured(2.43) next=captured-x-bind(2.43) | buffer=previous slot=10 closest=bone-captured(2.43) next=captured-x-bind(2.43)
[22:53:13.386] [36924] [I] SCOPY T0 frame=2040 capture=1 bone='NPC Pelvis [Pelv]' skin='clothes' root='skeleton_female.nif' bone-origin=(0.9,-485.9,2.5) bone-row1=(0.100,0.993,0.070) witness='NPC L Toe0 [LToe]' witness-radius=23.48 subtree-nodes=219
[22:53:13.386] [36924] [I] SCOPY T1 frame=2040 bone-row1=(0.080,0.877,0.474) orientation-delta-deg=24.3 witness-moved=9.89 moved-range=[0.00,13.87] slot=10 buffer-pre=sampled pre-rel=captured probe-effective=true
[22:53:13.386] [36924] [I] SCOPY T2 frame=2040 pass-geometry='clothes' numMatrices=31 frameID=2310 buffer-submit=sampled changed-since-T1=false submit-rel=captured
[22:53:13.386] [36924] [I] SCOPY T3 frame=2040 drawn=23 buffer-after-draw=sampled changed-since-T2=true final-rel=captured node-row1=(0.080,0.877,0.474)
[22:53:13.386] [36924] [I] SCOPY T1c frame=2040 buffer=current slot=10 closest=bone-captured(2.38) next=captured-x-bind(2.38) | buffer=previous slot=10 closest=bone-captured(2.38) next=captured-x-bind(2.38)
[22:53:13.386] [36924] [I] SCOPY T3c frame=2040 buffer=current slot=10 closest=bone-captured(2.37) next=captured-x-bind(2.37) | buffer=previous slot=10 closest=bone-captured(2.38) next=captured-x-bind(2.38)
[22:53:13.593] [36924] [I] SCOPY T0 frame=2048 capture=1 bone='NPC Pelvis [Pelv]' skin='clothes' root='skeleton_female.nif' bone-origin=(0.9,-485.9,2.5) bone-row1=(0.100,0.993,0.070) witness='NPC L Toe0 [LToe]' witness-radius=23.48 subtree-nodes=219
[22:53:13.593] [36924] [I] SCOPY T1 frame=2048 bone-row1=(0.085,0.908,0.410) orientation-delta-deg=20.2 witness-moved=8.24 moved-range=[0.00,13.87] slot=10 buffer-pre=sampled pre-rel=captured probe-effective=true
[22:53:13.593] [36924] [I] SCOPY T2 frame=2048 pass-geometry='clothes' numMatrices=31 frameID=2318 buffer-submit=sampled changed-since-T1=false submit-rel=captured
[22:53:13.593] [36924] [I] SCOPY T3 frame=2048 drawn=23 buffer-after-draw=sampled changed-since-T2=true final-rel=captured node-row1=(0.085,0.908,0.410)
[22:53:13.593] [36924] [I] SCOPY T1c frame=2048 buffer=current slot=10 closest=bone-captured(2.31) next=captured-x-bind(2.31) | buffer=previous slot=10 closest=bone-captured(2.32) next=captured-x-bind(2.32)
[22:53:13.593] [36924] [I] SCOPY T3c frame=2048 buffer=current slot=10 closest=bone-captured(2.30) next=captured-x-bind(2.30) | buffer=previous slot=10 closest=bone-captured(2.31) next=captured-x-bind(2.31)
[22:53:21.816] [36924] [I] SCOPY T0 frame=2056 capture=1 bone='NPC Pelvis [Pelv]' skin='clothes' root='skeleton_female.nif' bone-origin=(0.9,-485.9,2.5) bone-row1=(0.100,0.993,0.070) witness='NPC L Toe0 [LToe]' witness-radius=23.48 subtree-nodes=219
[22:53:21.816] [36924] [I] SCOPY T1 frame=2056 bone-row1=(0.089,0.938,0.335) orientation-delta-deg=15.6 witness-moved=6.37 moved-range=[0.00,13.87] slot=10 buffer-pre=sampled pre-rel=captured probe-effective=true
[22:53:21.816] [36924] [I] SCOPY T2 frame=2056 pass-geometry='clothes' numMatrices=31 frameID=2326 buffer-submit=sampled changed-since-T1=false submit-rel=captured
[22:53:21.816] [36924] [I] SCOPY T3 frame=2056 drawn=23 buffer-after-draw=sampled changed-since-T2=true final-rel=captured node-row1=(0.089,0.938,0.335)
[22:53:21.816] [36924] [I] SCOPY T1c frame=2056 buffer=current slot=10 closest=bone-captured(2.24) next=captured-x-bind(2.24) | buffer=previous slot=10 closest=bone-captured(2.25) next=captured-x-bind(2.25)
[22:53:21.816] [36924] [I] SCOPY T3c frame=2056 buffer=current slot=10 closest=bone-captured(2.23) next=captured-x-bind(2.23) | buffer=previous slot=10 closest=bone-captured(2.24) next=captured-x-bind(2.24)
[22:53:22.015] [36924] [I] SCOPY T0 frame=2064 capture=1 bone='NPC Pelvis [Pelv]' skin='clothes' root='skeleton_female.nif' bone-origin=(0.9,-485.9,2.5) bone-row1=(0.100,0.993,0.070) witness='NPC L Toe0 [LToe]' witness-radius=23.48 subtree-nodes=219
[22:53:22.015] [36924] [I] SCOPY T1 frame=2064 bone-row1=(0.093,0.963,0.252) orientation-delta-deg=10.6 witness-moved=4.35 moved-range=[0.00,13.87] slot=10 buffer-pre=sampled pre-rel=captured probe-effective=true
[22:53:22.015] [36924] [I] SCOPY T2 frame=2064 pass-geometry='clothes' numMatrices=31 frameID=2334 buffer-submit=sampled changed-since-T1=false submit-rel=captured
[22:53:22.015] [36924] [I] SCOPY T3 frame=2064 drawn=23 buffer-after-draw=sampled changed-since-T2=true final-rel=captured node-row1=(0.093,0.963,0.252)
[22:53:22.015] [36924] [I] SCOPY T1c frame=2064 buffer=current slot=10 closest=bone-captured(2.16) next=captured-x-bind(2.16) | buffer=previous slot=10 closest=bone-captured(2.17) next=captured-x-bind(2.17)
[22:53:22.015] [36924] [I] SCOPY T3c frame=2064 buffer=current slot=10 closest=bone-captured(2.15) next=captured-x-bind(2.15) | buffer=previous slot=10 closest=bone-captured(2.16) next=captured-x-bind(2.16)
[22:53:22.226] [36924] [I] SCOPY T0 frame=2072 capture=1 bone='NPC Pelvis [Pelv]' skin='clothes' root='skeleton_female.nif' bone-origin=(0.9,-485.9,2.5) bone-row1=(0.100,0.993,0.070) witness='NPC L Toe0 [LToe]' witness-radius=23.48 subtree-nodes=219
[22:53:22.226] [36924] [I] SCOPY T1 frame=2072 bone-row1=(0.097,0.982,0.163) orientation-delta-deg=5.4 witness-moved=2.20 moved-range=[0.00,13.87] slot=10 buffer-pre=sampled pre-rel=captured probe-effective=true
[22:53:22.226] [36924] [I] SCOPY T2 frame=2072 pass-geometry='clothes' numMatrices=31 frameID=2342 buffer-submit=sampled changed-since-T1=false submit-rel=captured
[22:53:22.226] [36924] [I] SCOPY T3 frame=2072 drawn=23 buffer-after-draw=sampled changed-since-T2=true final-rel=captured node-row1=(0.097,0.982,0.163)
[22:53:22.226] [36924] [I] SCOPY T1c frame=2072 buffer=current slot=10 closest=bone-captured(2.12) next=captured-x-bind(2.12) | buffer=previous slot=10 closest=bone-captured(2.12) next=captured-x-bind(2.12)
[22:53:22.226] [36924] [I] SCOPY T3c frame=2072 buffer=current slot=10 closest=bone-captured(2.13) next=captured-x-bind(2.13) | buffer=previous slot=10 closest=bone-captured(2.12) next=captured-x-bind(2.12)
[22:53:22.435] [36924] [I] SCOPY T0 frame=2080 capture=1 bone='NPC Pelvis [Pelv]' skin='clothes' root='skeleton_female.nif' bone-origin=(0.9,-485.9,2.5) bone-row1=(0.100,0.993,0.070) witness='NPC L Toe0 [LToe]' witness-radius=23.48 subtree-nodes=219
[22:53:22.435] [36924] [I] SCOPY T1 frame=2080 bone-row1=(0.100,0.993,0.070) orientation-delta-deg=0.0 witness-moved=0.00 moved-range=[0.00,13.87] slot=10 buffer-pre=sampled pre-rel=neither probe-effective=true
[22:53:22.435] [36924] [I] SCOPY T2 frame=2080 pass-geometry='clothes' numMatrices=31 frameID=2350 buffer-submit=sampled changed-since-T1=false submit-rel=neither
[22:53:22.435] [36924] [I] SCOPY T3 frame=2080 drawn=23 buffer-after-draw=sampled changed-since-T2=true final-rel=neither node-row1=(0.100,0.993,0.070)
[22:53:22.435] [36924] [I] SCOPY T1c frame=2080 buffer=current slot=10 closest=bind(2.10) next=bind-T(2.10) | buffer=previous slot=10 closest=bind(2.11) next=bind-T(2.11)
[22:53:22.435] [36924] [I] SCOPY T3c frame=2080 buffer=current slot=10 closest=bind(2.09) next=bind-T(2.09) | buffer=previous slot=10 closest=bind(2.10) next=bind-T(2.10)
[22:53:22.643] [36924] [I] SCOPY T0 frame=2088 capture=1 bone='NPC Pelvis [Pelv]' skin='clothes' root='skeleton_female.nif' bone-origin=(0.9,-485.9,2.5) bone-row1=(0.100,0.993,0.070) witness='NPC L Toe0 [LToe]' witness-radius=23.48 subtree-nodes=219
[22:53:22.643] [36924] [I] SCOPY T1 frame=2088 bone-row1=(0.102,0.995,-0.024) orientation-delta-deg=5.4 witness-moved=2.20 moved-range=[0.00,13.87] slot=10 buffer-pre=sampled pre-rel=swung probe-effective=true
[22:53:22.643] [36924] [I] SCOPY T2 frame=2088 pass-geometry='clothes' numMatrices=31 frameID=2358 buffer-submit=sampled changed-since-T1=false submit-rel=swung
[22:53:22.643] [36924] [I] SCOPY T3 frame=2088 drawn=23 buffer-after-draw=sampled changed-since-T2=true final-rel=swung node-row1=(0.102,0.995,-0.024)
[22:53:22.643] [36924] [I] SCOPY T1c frame=2088 buffer=current slot=10 closest=bind(2.05) next=bind-T(2.05) | buffer=previous slot=10 closest=bind(2.04) next=bind-T(2.04)
[22:53:22.643] [36924] [I] SCOPY T3c frame=2088 buffer=current slot=10 closest=bind(2.05) next=bind-T(2.05) | buffer=previous slot=10 closest=bind(2.05) next=bind-T(2.05)
[22:53:22.749] [36924] [I] Clone draw: passes=23 rd-null=23 lights=3 | geoms=23 skinned=23 roots=2 num-mat=331 bone-count=331 bound=331
[22:53:22.749] [36924] [I] SCOPY DRAW frame=361 passes=23 lights=true animation-driver=none physics-driver=none
[22:53:22.850] [36924] [I] SCOPY T0 frame=2096 capture=1 bone='NPC Pelvis [Pelv]' skin='clothes' root='skeleton_female.nif' bone-origin=(0.9,-485.9,2.5) bone-row1=(0.100,0.993,0.070) witness='NPC L Toe0 [LToe]' witness-radius=23.48 subtree-nodes=219
[22:53:22.850] [36924] [I] SCOPY T1 frame=2096 bone-row1=(0.103,0.988,-0.115) orientation-delta-deg=10.6 witness-moved=4.35 moved-range=[0.00,13.87] slot=10 buffer-pre=sampled pre-rel=swung probe-effective=true
[22:53:22.850] [36924] [I] SCOPY T2 frame=2096 pass-geometry='clothes' numMatrices=31 frameID=2366 buffer-submit=sampled changed-since-T1=false submit-rel=swung
[22:53:22.850] [36924] [I] SCOPY T3 frame=2096 drawn=23 buffer-after-draw=sampled changed-since-T2=true final-rel=swung node-row1=(0.103,0.988,-0.115)
[22:53:22.850] [36924] [I] SCOPY T1c frame=2096 buffer=current slot=10 closest=bind(2.11) next=bind-T(2.11) | buffer=previous slot=10 closest=bind(2.10) next=bind-T(2.10)
[22:53:22.850] [36924] [I] SCOPY T3c frame=2096 buffer=current slot=10 closest=bind(2.12) next=bind-T(2.12) | buffer=previous slot=10 closest=bind(2.11) next=bind-T(2.11)
[22:53:23.056] [36924] [I] SCOPY T0 frame=2104 capture=1 bone='NPC Pelvis [Pelv]' skin='clothes' root='skeleton_female.nif' bone-origin=(0.9,-485.9,2.5) bone-row1=(0.100,0.993,0.070) witness='NPC L Toe0 [LToe]' witness-radius=23.48 subtree-nodes=219
[22:53:23.056] [36924] [I] SCOPY T1 frame=2104 bone-row1=(0.103,0.974,-0.201) orientation-delta-deg=15.6 witness-moved=6.37 moved-range=[0.00,13.87] slot=10 buffer-pre=sampled pre-rel=swung probe-effective=true
[22:53:23.056] [36924] [I] SCOPY T2 frame=2104 pass-geometry='clothes' numMatrices=31 frameID=2374 buffer-submit=sampled changed-since-T1=false submit-rel=swung
[22:53:23.056] [36924] [I] SCOPY T3 frame=2104 drawn=23 buffer-after-draw=sampled changed-since-T2=true final-rel=swung node-row1=(0.103,0.974,-0.201)
[22:53:23.056] [36924] [I] SCOPY T1c frame=2104 buffer=current slot=10 closest=bind(2.18) next=bind-T(2.18) | buffer=previous slot=10 closest=bind(2.17) next=bind-T(2.17)
[22:53:23.056] [36924] [I] SCOPY T3c frame=2104 buffer=current slot=10 closest=bind(2.19) next=bind-T(2.19) | buffer=previous slot=10 closest=bind(2.18) next=bind-T(2.18)
[22:53:23.261] [36924] [I] SCOPY T0 frame=2112 capture=1 bone='NPC Pelvis [Pelv]' skin='clothes' root='skeleton_female.nif' bone-origin=(0.9,-485.9,2.5) bone-row1=(0.100,0.993,0.070) witness='NPC L Toe0 [LToe]' witness-radius=23.48 subtree-nodes=219
[22:53:23.261] [36924] [I] SCOPY T1 frame=2112 bone-row1=(0.102,0.955,-0.279) orientation-delta-deg=20.2 witness-moved=8.24 moved-range=[0.00,13.87] slot=10 buffer-pre=sampled pre-rel=swung probe-effective=true
[22:53:23.261] [36924] [I] SCOPY T2 frame=2112 pass-geometry='clothes' numMatrices=31 frameID=2382 buffer-submit=sampled changed-since-T1=false submit-rel=swung
[22:53:23.261] [36924] [I] SCOPY T3 frame=2112 drawn=23 buffer-after-draw=sampled changed-since-T2=true final-rel=swung node-row1=(0.102,0.955,-0.279)
[22:53:23.261] [36924] [I] SCOPY T1c frame=2112 buffer=current slot=10 closest=bind(2.25) next=bind-T(2.25) | buffer=previous slot=10 closest=bind(2.24) next=bind-T(2.24)
[22:53:23.261] [36924] [I] SCOPY T3c frame=2112 buffer=current slot=10 closest=bind(2.26) next=bind-T(2.26) | buffer=previous slot=10 closest=bind(2.25) next=bind-T(2.25)
[22:53:23.461] [36924] [I] SCOPY T0 frame=2120 capture=1 bone='NPC Pelvis [Pelv]' skin='clothes' root='skeleton_female.nif' bone-origin=(0.9,-485.9,2.5) bone-row1=(0.100,0.993,0.070) witness='NPC L Toe0 [LToe]' witness-radius=23.48 subtree-nodes=219
[22:53:23.461] [36924] [I] SCOPY T1 frame=2120 bone-row1=(0.101,0.932,-0.347) orientation-delta-deg=24.3 witness-moved=9.89 moved-range=[0.00,13.87] slot=10 buffer-pre=sampled pre-rel=swung probe-effective=true
[22:53:23.461] [36924] [I] SCOPY T2 frame=2120 pass-geometry='clothes' numMatrices=31 frameID=2390 buffer-submit=sampled changed-since-T1=false submit-rel=swung
[22:53:23.461] [36924] [I] SCOPY T3 frame=2120 drawn=23 buffer-after-draw=sampled changed-since-T2=true final-rel=swung node-row1=(0.101,0.932,-0.347)
[22:53:23.461] [36924] [I] SCOPY T1c frame=2120 buffer=current slot=10 closest=bind(2.32) next=bind-T(2.32) | buffer=previous slot=10 closest=bind(2.31) next=bind-T(2.31)
[22:53:23.461] [36924] [I] SCOPY T3c frame=2120 buffer=current slot=10 closest=bind(2.32) next=bind-T(2.32) | buffer=previous slot=10 closest=bind(2.32) next=bind-T(2.32)
[22:53:23.660] [36924] [I] SCOPY T0 frame=2128 capture=1 bone='NPC Pelvis [Pelv]' skin='clothes' root='skeleton_female.nif' bone-origin=(0.9,-485.9,2.5) bone-row1=(0.100,0.993,0.070) witness='NPC L Toe0 [LToe]' witness-radius=23.48 subtree-nodes=219
[22:53:23.660] [36924] [I] SCOPY T1 frame=2128 bone-row1=(0.100,0.909,-0.404) orientation-delta-deg=27.8 witness-moved=11.28 moved-range=[0.00,13.87] slot=10 buffer-pre=sampled pre-rel=swung probe-effective=true
[22:53:23.660] [36924] [I] SCOPY T2 frame=2128 pass-geometry='clothes' numMatrices=31 frameID=2398 buffer-submit=sampled changed-since-T1=false submit-rel=swung
[22:53:23.660] [36924] [I] SCOPY T3 frame=2128 drawn=23 buffer-after-draw=sampled changed-since-T2=true final-rel=swung node-row1=(0.100,0.909,-0.404)
[22:53:23.660] [36924] [I] SCOPY T1c frame=2128 buffer=current slot=10 closest=bind(2.37) next=bind-T(2.37) | buffer=previous slot=10 closest=bind(2.37) next=bind-T(2.37)
[22:53:23.660] [36924] [I] SCOPY T3c frame=2128 buffer=current slot=10 closest=bind(2.38) next=bind-T(2.38) | buffer=previous slot=10 closest=bind(2.37) next=bind-T(2.37)
[22:53:23.877] [36924] [I] SCOPY T0 frame=2136 capture=1 bone='NPC Pelvis [Pelv]' skin='clothes' root='skeleton_female.nif' bone-origin=(0.9,-485.9,2.5) bone-row1=(0.100,0.993,0.070) witness='NPC L Toe0 [LToe]' witness-radius=23.48 subtree-nodes=219
[22:53:23.877] [36924] [I] SCOPY T1 frame=2136 bone-row1=(0.099,0.888,-0.448) orientation-delta-deg=30.6 witness-moved=12.40 moved-range=[0.00,13.87] slot=10 buffer-pre=sampled pre-rel=swung probe-effective=true
[22:53:23.877] [36924] [I] SCOPY T2 frame=2136 pass-geometry='clothes' numMatrices=31 frameID=2406 buffer-submit=sampled changed-since-T1=false submit-rel=swung
[22:53:23.877] [36924] [I] SCOPY T3 frame=2136 drawn=23 buffer-after-draw=sampled changed-since-T2=true final-rel=swung node-row1=(0.099,0.888,-0.448)
[22:53:23.877] [36924] [I] SCOPY T1c frame=2136 buffer=current slot=10 closest=bind(2.42) next=bind-T(2.42) | buffer=previous slot=10 closest=bind(2.42) next=bind-T(2.42)
[22:53:23.877] [36924] [I] SCOPY T3c frame=2136 buffer=current slot=10 closest=bind(2.43) next=bind-T(2.43) | buffer=previous slot=10 closest=bind(2.42) next=bind-T(2.42)
[22:53:24.094] [36924] [I] SCOPY T0 frame=2144 capture=1 bone='NPC Pelvis [Pelv]' skin='clothes' root='skeleton_female.nif' bone-origin=(0.9,-485.9,2.5) bone-row1=(0.100,0.993,0.070) witness='NPC L Toe0 [LToe]' witness-radius=23.48 subtree-nodes=219
[22:53:24.094] [36924] [I] SCOPY T1 frame=2144 bone-row1=(0.098,0.872,-0.480) orientation-delta-deg=32.7 witness-moved=13.21 moved-range=[0.00,13.87] slot=10 buffer-pre=sampled pre-rel=swung probe-effective=true
[22:53:24.094] [36924] [I] SCOPY T2 frame=2144 pass-geometry='clothes' numMatrices=31 frameID=2414 buffer-submit=sampled changed-since-T1=false submit-rel=swung
[22:53:24.094] [36924] [I] SCOPY T3 frame=2144 drawn=23 buffer-after-draw=sampled changed-since-T2=true final-rel=swung node-row1=(0.098,0.872,-0.480)
[22:53:24.094] [36924] [I] SCOPY T1c frame=2144 buffer=current slot=10 closest=bind(2.46) next=bind-T(2.46) | buffer=previous slot=10 closest=bind(2.46) next=bind-T(2.46)
[22:53:24.094] [36924] [I] SCOPY T3c frame=2144 buffer=current slot=10 closest=bind(2.46) next=bind-T(2.46) | buffer=previous slot=10 closest=bind(2.46) next=bind-T(2.46)
[22:53:24.304] [36924] [I] SCOPY T0 frame=2152 capture=1 bone='NPC Pelvis [Pelv]' skin='clothes' root='skeleton_female.nif' bone-origin=(0.9,-485.9,2.5) bone-row1=(0.100,0.993,0.070) witness='NPC L Toe0 [LToe]' witness-radius=23.48 subtree-nodes=219
[22:53:24.304] [36924] [I] SCOPY T1 frame=2152 bone-row1=(0.097,0.861,-0.499) orientation-delta-deg=34.0 witness-moved=13.71 moved-range=[0.00,13.87] slot=10 buffer-pre=sampled pre-rel=swung probe-effective=true
[22:53:24.304] [36924] [I] SCOPY T2 frame=2152 pass-geometry='clothes' numMatrices=31 frameID=2422 buffer-submit=sampled changed-since-T1=false submit-rel=swung
[22:53:24.304] [36924] [I] SCOPY T3 frame=2152 drawn=23 buffer-after-draw=sampled changed-since-T2=true final-rel=swung node-row1=(0.097,0.861,-0.499)
[22:53:24.304] [36924] [I] SCOPY T1c frame=2152 buffer=current slot=10 closest=bind(2.48) next=bind-T(2.48) | buffer=previous slot=10 closest=bind(2.48) next=bind-T(2.48)
[22:53:24.304] [36924] [I] SCOPY T3c frame=2152 buffer=current slot=10 closest=bind(2.48) next=bind-T(2.48) | buffer=previous slot=10 closest=bind(2.48) next=bind-T(2.48)
[22:53:24.508] [36924] [I] SCOPY T0 frame=2160 capture=1 bone='NPC Pelvis [Pelv]' skin='clothes' root='skeleton_female.nif' bone-origin=(0.9,-485.9,2.5) bone-row1=(0.100,0.993,0.070) witness='NPC L Toe0 [LToe]' witness-radius=23.48 subtree-nodes=219
[22:53:24.508] [36924] [I] SCOPY T1 frame=2160 bone-row1=(0.097,0.857,-0.506) orientation-delta-deg=34.4 witness-moved=13.87 moved-range=[0.00,13.87] slot=10 buffer-pre=sampled pre-rel=swung probe-effective=true
[22:53:24.508] [36924] [I] SCOPY T2 frame=2160 pass-geometry='clothes' numMatrices=31 frameID=2430 buffer-submit=sampled changed-since-T1=false submit-rel=swung
[22:53:24.508] [36924] [I] SCOPY T3 frame=2160 drawn=23 buffer-after-draw=sampled changed-since-T2=true final-rel=swung node-row1=(0.097,0.857,-0.506)
[22:53:24.508] [36924] [I] SCOPY T1c frame=2160 buffer=current slot=10 closest=bind(2.49) next=bind-T(2.49) | buffer=previous slot=10 closest=bind(2.49) next=bind-T(2.49)
[22:53:24.508] [36924] [I] SCOPY T3c frame=2160 buffer=current slot=10 closest=bind(2.49) next=bind-T(2.49) | buffer=previous slot=10 closest=bind(2.49) next=bind-T(2.49)
[22:53:24.726] [36924] [I] SCOPY T0 frame=2168 capture=1 bone='NPC Pelvis [Pelv]' skin='clothes' root='skeleton_female.nif' bone-origin=(0.9,-485.9,2.5) bone-row1=(0.100,0.993,0.070) witness='NPC L Toe0 [LToe]' witness-radius=23.48 subtree-nodes=219
[22:53:24.726] [36924] [I] SCOPY T1 frame=2168 bone-row1=(0.097,0.861,-0.499) orientation-delta-deg=34.0 witness-moved=13.71 moved-range=[0.00,13.87] slot=10 buffer-pre=sampled pre-rel=swung probe-effective=true
[22:53:24.726] [36924] [I] SCOPY T2 frame=2168 pass-geometry='clothes' numMatrices=31 frameID=2438 buffer-submit=sampled changed-since-T1=false submit-rel=swung
[22:53:24.726] [36924] [I] SCOPY T3 frame=2168 drawn=23 buffer-after-draw=sampled changed-since-T2=true final-rel=swung node-row1=(0.097,0.861,-0.499)
[22:53:24.726] [36924] [I] SCOPY T1c frame=2168 buffer=current slot=10 closest=bind(2.49) next=bind-T(2.49) | buffer=previous slot=10 closest=bind(2.49) next=bind-T(2.49)
[22:53:24.726] [36924] [I] SCOPY T3c frame=2168 buffer=current slot=10 closest=bind(2.48) next=bind-T(2.48) | buffer=previous slot=10 closest=bind(2.49) next=bind-T(2.49)
[22:53:24.939] [36924] [I] SCOPY T0 frame=2176 capture=1 bone='NPC Pelvis [Pelv]' skin='clothes' root='skeleton_female.nif' bone-origin=(0.9,-485.9,2.5) bone-row1=(0.100,0.993,0.070) witness='NPC L Toe0 [LToe]' witness-radius=23.48 subtree-nodes=219
[22:53:24.939] [36924] [I] SCOPY T1 frame=2176 bone-row1=(0.098,0.872,-0.480) orientation-delta-deg=32.7 witness-moved=13.21 moved-range=[0.00,13.87] slot=10 buffer-pre=sampled pre-rel=swung probe-effective=true
[22:53:24.939] [36924] [I] SCOPY T2 frame=2176 pass-geometry='clothes' numMatrices=31 frameID=2446 buffer-submit=sampled changed-since-T1=false submit-rel=swung
[22:53:24.939] [36924] [I] SCOPY T3 frame=2176 drawn=23 buffer-after-draw=sampled changed-since-T2=true final-rel=swung node-row1=(0.098,0.872,-0.480)
[22:53:24.939] [36924] [I] SCOPY T1c frame=2176 buffer=current slot=10 closest=bind(2.47) next=bind-T(2.47) | buffer=previous slot=10 closest=bind(2.47) next=bind-T(2.47)
[22:53:24.939] [36924] [I] SCOPY T3c frame=2176 buffer=current slot=10 closest=bind(2.46) next=bind-T(2.46) | buffer=previous slot=10 closest=bind(2.47) next=bind-T(2.47)
[22:53:25.156] [36924] [I] SCOPY T0 frame=2184 capture=1 bone='NPC Pelvis [Pelv]' skin='clothes' root='skeleton_female.nif' bone-origin=(0.9,-485.9,2.5) bone-row1=(0.100,0.993,0.070) witness='NPC L Toe0 [LToe]' witness-radius=23.48 subtree-nodes=219
[22:53:25.156] [36924] [I] SCOPY T1 frame=2184 bone-row1=(0.099,0.888,-0.448) orientation-delta-deg=30.6 witness-moved=12.40 moved-range=[0.00,13.87] slot=10 buffer-pre=sampled pre-rel=swung probe-effective=true
[22:53:25.156] [36924] [I] SCOPY T2 frame=2184 pass-geometry='clothes' numMatrices=31 frameID=2454 buffer-submit=sampled changed-since-T1=false submit-rel=swung
[22:53:25.156] [36924] [I] SCOPY T3 frame=2184 drawn=23 buffer-after-draw=sampled changed-since-T2=true final-rel=swung node-row1=(0.099,0.888,-0.448)
[22:53:25.156] [36924] [I] SCOPY T1c frame=2184 buffer=current slot=10 closest=bind(2.43) next=bind-T(2.43) | buffer=previous slot=10 closest=bind(2.44) next=bind-T(2.44)
[22:53:25.156] [36924] [I] SCOPY T3c frame=2184 buffer=current slot=10 closest=bind(2.43) next=bind-T(2.43) | buffer=previous slot=10 closest=bind(2.43) next=bind-T(2.43)
[22:53:25.364] [36924] [I] SCOPY T0 frame=2192 capture=1 bone='NPC Pelvis [Pelv]' skin='clothes' root='skeleton_female.nif' bone-origin=(0.9,-485.9,2.5) bone-row1=(0.100,0.993,0.070) witness='NPC L Toe0 [LToe]' witness-radius=23.48 subtree-nodes=219
[22:53:25.364] [36924] [I] SCOPY T1 frame=2192 bone-row1=(0.100,0.909,-0.404) orientation-delta-deg=27.8 witness-moved=11.28 moved-range=[0.00,13.87] slot=10 buffer-pre=sampled pre-rel=swung probe-effective=true
[22:53:25.364] [36924] [I] SCOPY T2 frame=2192 pass-geometry='clothes' numMatrices=31 frameID=2462 buffer-submit=sampled changed-since-T1=false submit-rel=swung
[22:53:25.364] [36924] [I] SCOPY T3 frame=2192 drawn=23 buffer-after-draw=sampled changed-since-T2=true final-rel=swung node-row1=(0.100,0.909,-0.404)
[22:53:25.364] [36924] [I] SCOPY T1c frame=2192 buffer=current slot=10 closest=bind(2.39) next=bind-T(2.39) | buffer=previous slot=10 closest=bind(2.39) next=bind-T(2.39)
[22:53:25.364] [36924] [I] SCOPY T3c frame=2192 buffer=current slot=10 closest=bind(2.38) next=bind-T(2.38) | buffer=previous slot=10 closest=bind(2.39) next=bind-T(2.39)
[22:53:25.573] [36924] [I] SCOPY T0 frame=2200 capture=1 bone='NPC Pelvis [Pelv]' skin='clothes' root='skeleton_female.nif' bone-origin=(0.9,-485.9,2.5) bone-row1=(0.100,0.993,0.070) witness='NPC L Toe0 [LToe]' witness-radius=23.48 subtree-nodes=219
[22:53:25.573] [36924] [I] SCOPY T1 frame=2200 bone-row1=(0.101,0.932,-0.347) orientation-delta-deg=24.3 witness-moved=9.89 moved-range=[0.00,13.87] slot=10 buffer-pre=sampled pre-rel=swung probe-effective=true
[22:53:25.573] [36924] [I] SCOPY T2 frame=2200 pass-geometry='clothes' numMatrices=31 frameID=2470 buffer-submit=sampled changed-since-T1=false submit-rel=swung
[22:53:25.573] [36924] [I] SCOPY T3 frame=2200 drawn=23 buffer-after-draw=sampled changed-since-T2=true final-rel=swung node-row1=(0.101,0.932,-0.347)
[22:53:25.573] [36924] [I] SCOPY T1c frame=2200 buffer=current slot=10 closest=bind(2.33) next=bind-T(2.33) | buffer=previous slot=10 closest=bind(2.34) next=bind-T(2.34)
[22:53:25.573] [36924] [I] SCOPY T3c frame=2200 buffer=current slot=10 closest=bind(2.32) next=bind-T(2.32) | buffer=previous slot=10 closest=bind(2.33) next=bind-T(2.33)
[22:53:25.776] [36924] [I] SCOPY T0 frame=2208 capture=1 bone='NPC Pelvis [Pelv]' skin='clothes' root='skeleton_female.nif' bone-origin=(0.9,-485.9,2.5) bone-row1=(0.100,0.993,0.070) witness='NPC L Toe0 [LToe]' witness-radius=23.48 subtree-nodes=219
[22:53:25.776] [36924] [I] SCOPY T1 frame=2208 bone-row1=(0.102,0.955,-0.279) orientation-delta-deg=20.2 witness-moved=8.24 moved-range=[0.00,13.87] slot=10 buffer-pre=sampled pre-rel=swung probe-effective=true
[22:53:25.776] [36924] [I] SCOPY T2 frame=2208 pass-geometry='clothes' numMatrices=31 frameID=2478 buffer-submit=sampled changed-since-T1=false submit-rel=swung
[22:53:25.776] [36924] [I] SCOPY T3 frame=2208 drawn=23 buffer-after-draw=sampled changed-since-T2=true final-rel=swung node-row1=(0.102,0.955,-0.279)
[22:53:25.776] [36924] [I] SCOPY T1c frame=2208 buffer=current slot=10 closest=bind(2.27) next=bind-T(2.27) | buffer=previous slot=10 closest=bind(2.28) next=bind-T(2.28)
[22:53:25.776] [36924] [I] SCOPY T3c frame=2208 buffer=current slot=10 closest=bind(2.26) next=bind-T(2.26) | buffer=previous slot=10 closest=bind(2.27) next=bind-T(2.27)
[22:53:25.878] [36924] [I] Clone draw: passes=23 rd-null=23 lights=3 | geoms=23 skinned=23 roots=2 num-mat=331 bone-count=331 bound=331
[22:53:25.878] [36924] [I] SCOPY DRAW frame=481 passes=23 lights=true animation-driver=none physics-driver=none
[22:53:25.980] [36924] [I] SCOPY T0 frame=2216 capture=1 bone='NPC Pelvis [Pelv]' skin='clothes' root='skeleton_female.nif' bone-origin=(0.9,-485.9,2.5) bone-row1=(0.100,0.993,0.070) witness='NPC L Toe0 [LToe]' witness-radius=23.48 subtree-nodes=219
[22:53:25.980] [36924] [I] SCOPY T1 frame=2216 bone-row1=(0.103,0.974,-0.201) orientation-delta-deg=15.6 witness-moved=6.37 moved-range=[0.00,13.87] slot=10 buffer-pre=sampled pre-rel=swung probe-effective=true
[22:53:25.980] [36924] [I] SCOPY T2 frame=2216 pass-geometry='clothes' numMatrices=31 frameID=2486 buffer-submit=sampled changed-since-T1=false submit-rel=swung
[22:53:25.980] [36924] [I] SCOPY T3 frame=2216 drawn=23 buffer-after-draw=sampled changed-since-T2=true final-rel=swung node-row1=(0.103,0.974,-0.201)
[22:53:25.980] [36924] [I] SCOPY T1c frame=2216 buffer=current slot=10 closest=bind(2.20) next=bind-T(2.20) | buffer=previous slot=10 closest=bind(2.21) next=bind-T(2.21)
[22:53:25.980] [36924] [I] SCOPY T3c frame=2216 buffer=current slot=10 closest=bind(2.19) next=bind-T(2.19) | buffer=previous slot=10 closest=bind(2.20) next=bind-T(2.20)
[22:53:26.185] [36924] [I] SCOPY T0 frame=2224 capture=1 bone='NPC Pelvis [Pelv]' skin='clothes' root='skeleton_female.nif' bone-origin=(0.9,-485.9,2.5) bone-row1=(0.100,0.993,0.070) witness='NPC L Toe0 [LToe]' witness-radius=23.48 subtree-nodes=219
[22:53:26.185] [36924] [I] SCOPY T1 frame=2224 bone-row1=(0.103,0.988,-0.115) orientation-delta-deg=10.6 witness-moved=4.35 moved-range=[0.00,13.87] slot=10 buffer-pre=sampled pre-rel=swung probe-effective=true
[22:53:26.185] [36924] [I] SCOPY T2 frame=2224 pass-geometry='clothes' numMatrices=31 frameID=2494 buffer-submit=sampled changed-since-T1=false submit-rel=swung
[22:53:26.185] [36924] [I] SCOPY T3 frame=2224 drawn=23 buffer-after-draw=sampled changed-since-T2=true final-rel=swung node-row1=(0.103,0.988,-0.115)
[22:53:26.185] [36924] [I] SCOPY T1c frame=2224 buffer=current slot=10 closest=bind(2.13) next=bind-T(2.13) | buffer=previous slot=10 closest=bind(2.14) next=bind-T(2.14)
[22:53:26.185] [36924] [I] SCOPY T3c frame=2224 buffer=current slot=10 closest=bind(2.12) next=bind-T(2.12) | buffer=previous slot=10 closest=bind(2.13) next=bind-T(2.13)
[22:53:26.393] [36924] [I] SCOPY T0 frame=2232 capture=1 bone='NPC Pelvis [Pelv]' skin='clothes' root='skeleton_female.nif' bone-origin=(0.9,-485.9,2.5) bone-row1=(0.100,0.993,0.070) witness='NPC L Toe0 [LToe]' witness-radius=23.48 subtree-nodes=219
[22:53:26.393] [36924] [I] SCOPY T1 frame=2232 bone-row1=(0.102,0.995,-0.024) orientation-delta-deg=5.4 witness-moved=2.20 moved-range=[0.00,13.87] slot=10 buffer-pre=sampled pre-rel=swung probe-effective=true
[22:53:26.393] [36924] [I] SCOPY T2 frame=2232 pass-geometry='clothes' numMatrices=31 frameID=2502 buffer-submit=sampled changed-since-T1=false submit-rel=swung
[22:53:26.393] [36924] [I] SCOPY T3 frame=2232 drawn=23 buffer-after-draw=sampled changed-since-T2=true final-rel=swung node-row1=(0.102,0.995,-0.024)
[22:53:26.393] [36924] [I] SCOPY T1c frame=2232 buffer=current slot=10 closest=bind(2.06) next=bind-T(2.06) | buffer=previous slot=10 closest=bind(2.07) next=bind-T(2.07)
[22:53:26.393] [36924] [I] SCOPY T3c frame=2232 buffer=current slot=10 closest=bind(2.05) next=bind-T(2.05) | buffer=previous slot=10 closest=bind(2.06) next=bind-T(2.06)
[22:53:26.595] [36924] [I] SCOPY T0 frame=2240 capture=1 bone='NPC Pelvis [Pelv]' skin='clothes' root='skeleton_female.nif' bone-origin=(0.9,-485.9,2.5) bone-row1=(0.100,0.993,0.070) witness='NPC L Toe0 [LToe]' witness-radius=23.48 subtree-nodes=219
[22:53:26.595] [36924] [I] SCOPY T1 frame=2240 bone-row1=(0.100,0.993,0.070) orientation-delta-deg=0.0 witness-moved=0.00 moved-range=[0.00,13.87] slot=10 buffer-pre=sampled pre-rel=neither probe-effective=true
[22:53:26.595] [36924] [I] SCOPY T2 frame=2240 pass-geometry='clothes' numMatrices=31 frameID=2510 buffer-submit=sampled changed-since-T1=false submit-rel=neither
[22:53:26.595] [36924] [I] SCOPY T3 frame=2240 drawn=23 buffer-after-draw=sampled changed-since-T2=true final-rel=neither node-row1=(0.100,0.993,0.070)
[22:53:26.595] [36924] [I] SCOPY T1c frame=2240 buffer=current slot=10 closest=bind(2.08) next=bind-T(2.08) | buffer=previous slot=10 closest=bind(2.07) next=bind-T(2.07)
[22:53:26.595] [36924] [I] SCOPY T3c frame=2240 buffer=current slot=10 closest=bind(2.09) next=bind-T(2.09) | buffer=previous slot=10 closest=bind(2.08) next=bind-T(2.08)
[22:53:26.793] [36924] [I] SCOPY T0 frame=2248 capture=1 bone='NPC Pelvis [Pelv]' skin='clothes' root='skeleton_female.nif' bone-origin=(0.9,-485.9,2.5) bone-row1=(0.100,0.993,0.070) witness='NPC L Toe0 [LToe]' witness-radius=23.48 subtree-nodes=219
[22:53:26.793] [36924] [I] SCOPY T1 frame=2248 bone-row1=(0.097,0.982,0.163) orientation-delta-deg=5.4 witness-moved=2.20 moved-range=[0.00,13.87] slot=10 buffer-pre=sampled pre-rel=captured probe-effective=true
[22:53:26.793] [36924] [I] SCOPY T2 frame=2248 pass-geometry='clothes' numMatrices=31 frameID=2518 buffer-submit=sampled changed-since-T1=false submit-rel=captured
[22:53:26.793] [36924] [I] SCOPY T3 frame=2248 drawn=23 buffer-after-draw=sampled changed-since-T2=true final-rel=captured node-row1=(0.097,0.982,0.163)
[22:53:26.793] [36924] [I] SCOPY T1c frame=2248 buffer=current slot=10 closest=bone-captured(2.14) next=captured-x-bind(2.14) | buffer=previous slot=10 closest=bone-captured(2.14) next=captured-x-bind(2.14)
[22:53:26.793] [36924] [I] SCOPY T3c frame=2248 buffer=current slot=10 closest=bone-captured(2.13) next=captured-x-bind(2.13) | buffer=previous slot=10 closest=bone-captured(2.14) next=captured-x-bind(2.14)
[22:53:32.454] [36780] [I] CP-LIGHT slot 0: ledger shell dropped
[22:53:32.454] [36780] [I] CP-LIGHT slot 1: ledger shell dropped
[22:53:32.454] [36780] [I] CP-LIGHT slot 2: ledger shell dropped
[22:53:33.236] [36780] [I] SCOPY RELEASE reason=session-boundary capture=1
[22:53:33.236] [36780] [I] SCOPY PARK snapshots held alive for the process lifetime: 1
[22:53:34.634] [36924] [W] Studio lights not fully served by the ledger yet
[22:53:39.517] [36924] [W] Studio lights not fully served by the ledger yet
[22:53:45.551] [36780] [W] Studio lights not fully served by the ledger yet
[22:53:48.535] [36780] [I] CP-LIGHT slot 0: fallback re-registered after 1 miss frames (shell 0x1d61451e480 filed to lightQueueAdd)
[22:53:48.535] [36780] [I] CP-LIGHT slot 1: fallback re-registered after 1 miss frames (shell 0x1d61451e200 filed to lightQueueAdd)
[22:53:48.535] [36780] [I] CP-LIGHT slot 2: fallback re-registered after 1 miss frames (shell 0x1d61451e0c0 filed to lightQueueAdd)
[22:53:48.590] [36780] [I] CP-LIGHT slot 0: ledger shell fetched 0x1d61451e480 (after 1 miss frames)
[22:53:48.590] [36780] [I] CP-LIGHT slot 1: ledger shell fetched 0x1d61451e200 (after 1 miss frames)
[22:53:48.590] [36780] [I] CP-LIGHT slot 2: ledger shell fetched 0x1d61451e0c0 (after 1 miss frames)
[22:53:57.354] [36924] [I] SCOPY BEGIN capture=2 actor=00000014 source=0x1d6aad71f00 parent=0x1d67c946940 nodes=1584 geoms=63 api=NiObject::Clone id=68835/70187
[22:53:57.355] [36924] [I] SCOPY CLONE-RETURN capture=2 copy=0x1d9f4191480
[22:53:57.355] [36924] [I] SCOPY SOURCE-DIFF capture-diff root-same=true parent-same=true object-set-same=true local-drift=false world-tight=0 world-loose=0 bound-loose=0 objects=1584 skin-bones=891
[22:53:57.356] [36924] [I] SCOPY AUDIT shared-nodes=0 shared-skins=0 shared-properties=0 shared-buffers=0 shared-passes=0 external-roots=0 external-bones=0 external-transforms=0 external-pass-geometry=0 external-fade-nodes=0 invalid-arrays=0 unbound-slots=0
[22:53:57.356] [36924] [I] SCOPY CENSUS source-nodes=1584 copy-nodes=1584 source-geoms=63 copy-geoms=63 source-skins=62 copy-skins=62 source-dynamic=10 copy-dynamic=10
[22:53:57.356] [36924] [I] SCOPY FRAME skinned-bound valid=true radius=79.3 center=(1076.9,-888.9,-1404.0) graph-bound radius=128.0 scale=0.35 pruned-nodes=14
[22:53:57.356] [36924] [I] SCOPY READY capture=2 controllers-removed=11 collisions-removed=18 draw=off actor-created=false F8=draw F3=rotate F4=release
[22:53:57.356] [36924] [I] SCOPY GEOMETRY capture=2 name=' (FE2E7EFD)[1]/ (FE2E7EFC) [100%]' type='BSTriShape'
[22:53:57.356] [36924] [I] SCOPY GEOMETRY capture=2 name=' (FE2E7EFF)[1]/ (FE2E7EFE) [100%]' type='BSTriShape'
[22:53:57.356] [36924] [I] SCOPY GEOMETRY capture=2 name='ChestCollision' type='BSTriShape'
[22:53:57.356] [36924] [I] SCOPY GEOMETRY capture=2 name='Necklace' type='BSTriShape'
[22:53:57.356] [36924] [I] SCOPY GEOMETRY capture=2 name='00UBE_EyeLashesZoe' type='BSDynamicTriShape'
[22:53:57.356] [36924] [I] SCOPY GEOMETRY capture=2 name='T118' type='BSTriShape'
[22:53:57.356] [36924] [I] SCOPY GEOMETRY capture=2 name='T117' type='BSTriShape'
[22:53:57.356] [36924] [I] SCOPY GEOMETRY capture=2 name='T116' type='BSTriShape'
[22:53:57.356] [36924] [I] SCOPY GEOMETRY capture=2 name='T112' type='BSTriShape'
[22:53:57.356] [36924] [I] SCOPY GEOMETRY capture=2 name='T111' type='BSTriShape'
[22:53:57.356] [36924] [I] SCOPY GEOMETRY capture=2 name='T110' type='BSTriShape'
[22:53:57.356] [36924] [I] SCOPY GEOMETRY capture=2 name='E118' type='BSTriShape'
[22:53:57.356] [36924] [I] SCOPY GEOMETRY capture=2 name='E117' type='BSTriShape'
[22:53:57.356] [36924] [I] SCOPY GEOMETRY capture=2 name='E116' type='BSTriShape'
[22:53:57.356] [36924] [I] SCOPY GEOMETRY capture=2 name='E115' type='BSTriShape'
[22:53:57.356] [36924] [I] SCOPY GEOMETRY capture=2 name='E114' type='BSTriShape'
[22:53:57.356] [36924] [I] SCOPY GEOMETRY capture=2 name='E113' type='BSTriShape'
[22:53:57.356] [36924] [I] SCOPY GEOMETRY capture=2 name='E112' type='BSTriShape'
[22:53:57.356] [36924] [I] SCOPY GEOMETRY capture=2 name='E111' type='BSTriShape'
[22:53:57.356] [36924] [I] SCOPY GEOMETRY capture=2 name='E110' type='BSTriShape'
[22:53:57.356] [36924] [I] SCOPY GEOMETRY capture=2 name='E19' type='BSTriShape'
[22:53:57.356] [36924] [I] SCOPY GEOMETRY capture=2 name='E18' type='BSTriShape'
[22:53:57.356] [36924] [I] SCOPY GEOMETRY capture=2 name='E17' type='BSTriShape'
[22:53:57.356] [36924] [I] SCOPY GEOMETRY capture=2 name='E16' type='BSTriShape'
[22:53:57.356] [36924] [I] SCOPY GEOMETRY capture=2 name='E15' type='BSTriShape'
[22:53:57.356] [36924] [I] SCOPY GEOMETRY capture=2 name='E14' type='BSTriShape'
[22:53:57.356] [36924] [I] SCOPY GEOMETRY capture=2 name='E13' type='BSTriShape'
[22:53:57.356] [36924] [I] SCOPY GEOMETRY capture=2 name='E12' type='BSTriShape'
[22:53:57.356] [36924] [I] SCOPY GEOMETRY capture=2 name='N15' type='BSTriShape'
[22:53:57.356] [36924] [I] SCOPY GEOMETRY capture=2 name='N16' type='BSTriShape'
[22:53:57.356] [36924] [I] SCOPY GEOMETRY capture=2 name='AE11' type='BSTriShape'
[22:53:57.356] [36924] [I] SCOPY GEOMETRY capture=2 name='00UBE_LDDLevisChoice13be_Female' type='BSDynamicTriShape'
[22:53:57.356] [36924] [I] SCOPY GEOMETRY capture=2 name='00UBE_FemaleEyesHuman_outer' type='BSDynamicTriShape'
[22:53:57.356] [36924] [I] SCOPY GEOMETRY capture=2 name='00UBE_FemaleEyesHuman_shadows' type='BSDynamicTriShape'
[22:53:57.356] [36924] [I] SCOPY GEOMETRY capture=2 name='00UBE_FemaleLensLeft_Dummy' type='BSDynamicTriShape'
[22:53:57.356] [36924] [I] SCOPY GEOMETRY capture=2 name='00UBE_FemaleLensRight_Dummy' type='BSDynamicTriShape'
[22:53:57.356] [36924] [I] SCOPY GEOMETRY capture=2 name='00UBE_FemaleEyesHumanLightGrey' type='BSDynamicTriShape'
[22:53:57.356] [36924] [I] SCOPY GEOMETRY capture=2 name='00UBE_FemaleMouth' type='BSDynamicTriShape'
[22:53:57.356] [36924] [I] SCOPY GEOMETRY capture=2 name='00UBE_FemaleHead' type='BSDynamicTriShape'
[22:53:57.356] [36924] [I] SCOPY GEOMETRY capture=2 name=' (FE2E7807)[1]/ (FE2E7801) [100%]' type='BSTriShape'
[22:53:57.356] [36924] [I] SCOPY GEOMETRY capture=2 name='3BCA_Feet' type='BSTriShape'
[22:53:57.356] [36924] [I] SCOPY GEOMETRY capture=2 name='3BCA_Leg' type='BSTriShape'
[22:53:57.356] [36924] [I] SCOPY GEOMETRY capture=2 name='3BCA_Butt' type='BSTriShape'
[22:53:57.356] [36924] [I] SCOPY GEOMETRY capture=2 name='3BCA_Anus' type='BSTriShape'
[22:53:57.356] [36924] [I] SCOPY GEOMETRY capture=2 name='3BCA_Belly' type='BSTriShape'
[22:53:57.356] [36924] [I] SCOPY GEOMETRY capture=2 name='3BCA_Hand' type='BSTriShape'
[22:53:57.356] [36924] [I] SCOPY GEOMETRY capture=2 name='3BCA_Arm' type='BSTriShape'
[22:53:57.356] [36924] [I] SCOPY GEOMETRY capture=2 name='3BCA_Breast' type='BSTriShape'
[22:53:57.356] [36924] [I] SCOPY GEOMETRY capture=2 name='3BCA_Head' type='BSTriShape'
[22:53:57.356] [36924] [I] SCOPY GEOMETRY capture=2 name='VirtualGround' type='BSTriShape'
[22:53:57.356] [36924] [I] SCOPY GEOMETRY capture=2 name='Feet' type='BSTriShape'
[22:53:57.356] [36924] [I] SCOPY GEOMETRY capture=2 name='Heels' type='BSTriShape'
[22:53:57.356] [36924] [I] SCOPY GEOMETRY capture=2 name='Hands' type='BSTriShape'
[22:53:57.356] [36924] [I] SCOPY GEOMETRY capture=2 name='Bracelet' type='BSTriShape'
[22:53:57.356] [36924] [I] SCOPY GEOMETRY capture=2 name='CollisionStopper' type='BSTriShape'
[22:53:57.356] [36924] [I] SCOPY GEOMETRY capture=2 name='LowerBodyCollision' type='BSTriShape'
[22:53:57.356] [36924] [I] SCOPY GEOMETRY capture=2 name='VirtualGround' type='BSTriShape'
[22:53:57.356] [36924] [I] SCOPY GEOMETRY capture=2 name='BaseShape' type='BSTriShape'
[22:53:57.356] [36924] [I] SCOPY GEOMETRY capture=2 name='Thighstrap' type='BSTriShape'
[22:53:57.356] [36924] [I] SCOPY GEOMETRY capture=2 name='Armband' type='BSTriShape'
[22:53:57.356] [36924] [I] SCOPY GEOMETRY capture=2 name='Dress_Inner' type='BSTriShape'
[22:53:57.356] [36924] [I] SCOPY GEOMETRY capture=2 name='Dress' type='BSTriShape'
[22:53:57.356] [36924] [I] SCOPY GEOMETRY capture=2 name='Face [Ovl0]' type='BSDynamicTriShape'
[22:53:59.324] [36924] [I] SCOPY DRAW-TOGGLE enabled=true capture=2
[22:53:59.325] [36924] [I] Clone draw: passes=45 rd-null=45 lights=3 | geoms=49 skinned=49 roots=2 num-mat=908 bone-count=941 bound=908
[22:53:59.325] [36924] [I] SCOPY DRAW frame=1 passes=45 lights=true animation-driver=none physics-driver=none
[22:53:59.340] [36924] [I] SCOPY ANIM target bone='NPC Spine [Spn0]' parent-chain='CME UBody [UBody] < MJF CME Body [Body] < CME Body [Body] < NPC COM [COM ] < NPC Root [Root] < NPC < skeleton_female.nif' candidates=361 subtree-nodes=968 skin='Dress' bones=71 root='skeleton_female.nif' affected-geoms=42/45 witness='RightWing5' witness-radius=22.41 swing=world-X 0.600rad period=320f controllers=none verdict=copy-is-graph-invisible skins: [Face [Ovl0]: 17/17 direct] [Dress: 71/71 direct] [Dress_Inner: 70/70 direct] [Armband: 7/7 direct]
[22:53:59.467] [36924] [I] SCOPY T0 frame=3323 capture=2 bone='NPC Spine [Spn0]' skin='Dress' root='skeleton_female.nif' bone-origin=(1.6,-487.1,4.5) bone-row1=(0.019,0.982,0.190) witness='RightWing5' witness-radius=22.41 subtree-nodes=968
[22:53:59.467] [36924] [I] SCOPY T1 frame=3323 bone-row1=(-0.015,0.832,0.555) orientation-delta-deg=22.8 witness-moved=8.87 moved-range=[0.00,13.87] slot=28 buffer-pre=sampled pre-rel=captured probe-effective=true
[22:53:59.467] [36924] [I] SCOPY T2 frame=3323 pass-geometry='Dress' numMatrices=71 frameID=3593 buffer-submit=sampled changed-since-T1=false submit-rel=captured
[22:53:59.467] [36924] [I] SCOPY T3 frame=3323 drawn=45 buffer-after-draw=sampled changed-since-T2=true final-rel=captured node-row1=(-0.015,0.832,0.555)
[22:53:59.467] [36924] [I] SCOPY T1c frame=3323 buffer=current slot=28 closest=bone-captured(2.18) next=captured-x-bind(2.25) | buffer=previous slot=28 closest=bone-captured(2.17) next=captured-x-bind(2.26)
[22:53:59.467] [36924] [I] SCOPY T3c frame=3323 buffer=current slot=28 closest=bone-captured(2.18) next=captured-x-bind(2.24) | buffer=previous slot=28 closest=bone-captured(2.18) next=captured-x-bind(2.25)
[22:53:59.609] [36924] [I] SCOPY T0 frame=3331 capture=2 bone='NPC Spine [Spn0]' skin='Dress' root='skeleton_female.nif' bone-origin=(1.6,-487.1,4.5) bone-row1=(0.019,0.982,0.190) witness='RightWing5' witness-radius=22.41 subtree-nodes=968
[22:53:59.609] [36924] [I] SCOPY T1 frame=3331 bone-row1=(-0.008,0.871,0.492) orientation-delta-deg=18.5 witness-moved=7.22 moved-range=[0.00,13.87] slot=28 buffer-pre=sampled pre-rel=captured probe-effective=true
[22:53:59.609] [36924] [I] SCOPY T2 frame=3331 pass-geometry='Dress' numMatrices=71 frameID=3601 buffer-submit=sampled changed-since-T1=false submit-rel=captured
[22:53:59.609] [36924] [I] SCOPY T3 frame=3331 drawn=45 buffer-after-draw=sampled changed-since-T2=true final-rel=captured node-row1=(-0.008,0.871,0.492)
[22:53:59.609] [36924] [I] SCOPY T1c frame=3331 buffer=current slot=28 closest=captured-x-bind(2.18) next=bone-captured(2.19) | buffer=previous slot=28 closest=captured-x-bind(2.19) next=bone-captured(2.19)
[22:53:59.609] [36924] [I] SCOPY T3c frame=3331 buffer=current slot=28 closest=captured-x-bind(2.17) next=bone-captured(2.19) | buffer=previous slot=28 closest=captured-x-bind(2.18) next=bone-captured(2.19)
[22:53:59.752] [36924] [I] SCOPY T0 frame=3339 capture=2 bone='NPC Spine [Spn0]' skin='Dress' root='skeleton_female.nif' bone-origin=(1.6,-487.1,4.5) bone-row1=(0.019,0.982,0.190) witness='RightWing5' witness-radius=22.41 subtree-nodes=968
[22:53:59.752] [36924] [I] SCOPY T1 frame=3339 bone-row1=(-0.001,0.908,0.418) orientation-delta-deg=13.8 witness-moved=5.38 moved-range=[0.00,13.87] slot=28 buffer-pre=sampled pre-rel=captured probe-effective=true
[22:53:59.752] [36924] [I] SCOPY T2 frame=3339 pass-geometry='Dress' numMatrices=71 frameID=3609 buffer-submit=sampled changed-since-T1=false submit-rel=captured
[22:53:59.752] [36924] [I] SCOPY T3 frame=3339 drawn=45 buffer-after-draw=sampled changed-since-T2=true final-rel=captured node-row1=(-0.001,0.908,0.418)
[22:53:59.752] [36924] [I] SCOPY T1c frame=3339 buffer=current slot=28 closest=captured-x-bind(2.14) next=bone-captured(2.22) | buffer=previous slot=28 closest=captured-x-bind(2.14) next=bone-captured(2.21)
[22:53:59.752] [36924] [I] SCOPY T3c frame=3339 buffer=current slot=28 closest=captured-x-bind(2.15) next=bone-captured(2.22) | buffer=previous slot=28 closest=captured-x-bind(2.14) next=bone-captured(2.22)
[22:53:59.894] [36924] [I] SCOPY T0 frame=3347 capture=2 bone='NPC Spine [Spn0]' skin='Dress' root='skeleton_female.nif' bone-origin=(1.6,-487.1,4.5) bone-row1=(0.019,0.982,0.190) witness='RightWing5' witness-radius=22.41 subtree-nodes=968
[22:53:59.895] [36924] [I] SCOPY T1 frame=3347 bone-row1=(0.006,0.942,0.336) orientation-delta-deg=8.7 witness-moved=3.39 moved-range=[0.00,13.87] slot=28 buffer-pre=sampled pre-rel=captured probe-effective=true
[22:53:59.895] [36924] [I] SCOPY T2 frame=3347 pass-geometry='Dress' numMatrices=71 frameID=3617 buffer-submit=sampled changed-since-T1=false submit-rel=captured
[22:53:59.895] [36924] [I] SCOPY T3 frame=3347 drawn=45 buffer-after-draw=sampled changed-since-T2=true final-rel=captured node-row1=(0.006,0.942,0.336)
[22:53:59.895] [36924] [I] SCOPY T1c frame=3347 buffer=current slot=28 closest=captured-x-bind(2.18) next=bind-T(2.18) | buffer=previous slot=28 closest=captured-x-bind(2.17) next=bind-T(2.19)
[22:53:59.895] [36924] [I] SCOPY T3c frame=3347 buffer=current slot=28 closest=bind-T(2.17) next=captured-x-bind(2.18) | buffer=previous slot=28 closest=captured-x-bind(2.18) next=bind-T(2.18)
[22:54:00.037] [36924] [I] SCOPY T0 frame=3355 capture=2 bone='NPC Spine [Spn0]' skin='Dress' root='skeleton_female.nif' bone-origin=(1.6,-487.1,4.5) bone-row1=(0.019,0.982,0.190) witness='RightWing5' witness-radius=22.41 subtree-nodes=968
[22:54:00.037] [36924] [I] SCOPY T1 frame=3355 bone-row1=(0.014,0.969,0.248) orientation-delta-deg=3.4 witness-moved=1.32 moved-range=[0.00,13.87] slot=28 buffer-pre=sampled pre-rel=captured probe-effective=true
[22:54:00.037] [36924] [I] SCOPY T2 frame=3355 pass-geometry='Dress' numMatrices=71 frameID=3625 buffer-submit=sampled changed-since-T1=false submit-rel=captured
[22:54:00.037] [36924] [I] SCOPY T3 frame=3355 drawn=45 buffer-after-draw=sampled changed-since-T2=true final-rel=captured node-row1=(0.014,0.969,0.248)
[22:54:00.037] [36924] [I] SCOPY T1c frame=3355 buffer=current slot=28 closest=bind-T(2.10) next=captured-x-bind(2.22) | buffer=previous slot=28 closest=bind-T(2.11) next=captured-x-bind(2.22)
[22:54:00.037] [36924] [I] SCOPY T3c frame=3355 buffer=current slot=28 closest=bind-T(2.09) next=captured-x-bind(2.23) | buffer=previous slot=28 closest=bind-T(2.10) next=captured-x-bind(2.22)
[22:54:00.178] [36924] [I] SCOPY T0 frame=3363 capture=2 bone='NPC Spine [Spn0]' skin='Dress' root='skeleton_female.nif' bone-origin=(1.6,-487.1,4.5) bone-row1=(0.019,0.982,0.190) witness='RightWing5' witness-radius=22.41 subtree-nodes=968
[22:54:00.178] [36924] [I] SCOPY T1 frame=3363 bone-row1=(0.022,0.988,0.156) orientation-delta-deg=2.0 witness-moved=0.79 moved-range=[0.00,13.87] slot=28 buffer-pre=sampled pre-rel=swung probe-effective=true
[22:54:00.178] [36924] [I] SCOPY T2 frame=3363 pass-geometry='Dress' numMatrices=71 frameID=3633 buffer-submit=sampled changed-since-T1=false submit-rel=swung
[22:54:00.178] [36924] [I] SCOPY T3 frame=3363 drawn=45 buffer-after-draw=sampled changed-since-T2=true final-rel=swung node-row1=(0.022,0.988,0.156)
[22:54:00.178] [36924] [I] SCOPY T1c frame=3363 buffer=current slot=28 closest=bind-T(2.03) next=bind(2.20) | buffer=previous slot=28 closest=bind-T(2.04) next=world-x-bind(2.21)
[22:54:00.178] [36924] [I] SCOPY T3c frame=3363 buffer=current slot=28 closest=bind-T(2.04) next=bind(2.19) | buffer=previous slot=28 closest=bind-T(2.03) next=bind(2.20)
[22:54:00.320] [36924] [I] SCOPY T0 frame=3371 capture=2 bone='NPC Spine [Spn0]' skin='Dress' root='skeleton_female.nif' bone-origin=(1.6,-487.1,4.5) bone-row1=(0.019,0.982,0.190) witness='RightWing5' witness-radius=22.41 subtree-nodes=968
[22:54:00.320] [36924] [I] SCOPY T1 frame=3371 bone-row1=(0.029,0.998,0.063) orientation-delta-deg=7.4 witness-moved=2.88 moved-range=[0.00,13.87] slot=28 buffer-pre=sampled pre-rel=swung probe-effective=true
[22:54:00.320] [36924] [I] SCOPY T2 frame=3371 pass-geometry='Dress' numMatrices=71 frameID=3641 buffer-submit=sampled changed-since-T1=false submit-rel=swung
[22:54:00.320] [36924] [I] SCOPY T3 frame=3371 drawn=45 buffer-after-draw=sampled changed-since-T2=true final-rel=swung node-row1=(0.029,0.998,0.063)
[22:54:00.320] [36924] [I] SCOPY T1c frame=3371 buffer=current slot=28 closest=bind-T(2.09) next=world-x-bind(2.10) | buffer=previous slot=28 closest=bind-T(2.09) next=world-x-bind(2.10)
[22:54:00.320] [36924] [I] SCOPY T3c frame=3371 buffer=current slot=28 closest=bind-T(2.10) next=world-x-bind(2.11) | buffer=previous slot=28 closest=bind-T(2.09) next=world-x-bind(2.10)
[22:54:00.461] [36924] [I] SCOPY T0 frame=3379 capture=2 bone='NPC Spine [Spn0]' skin='Dress' root='skeleton_female.nif' bone-origin=(1.6,-487.1,4.5) bone-row1=(0.019,0.982,0.190) witness='RightWing5' witness-radius=22.41 subtree-nodes=968
[22:54:00.461] [36924] [I] SCOPY T1 frame=3379 bone-row1=(0.036,0.999,-0.026) orientation-delta-deg=12.5 witness-moved=4.89 moved-range=[0.00,13.87] slot=28 buffer-pre=sampled pre-rel=swung probe-effective=true
[22:54:00.461] [36924] [I] SCOPY T2 frame=3379 pass-geometry='Dress' numMatrices=71 frameID=3649 buffer-submit=sampled changed-since-T1=false submit-rel=swung
[22:54:00.461] [36924] [I] SCOPY T3 frame=3379 drawn=45 buffer-after-draw=sampled changed-since-T2=true final-rel=swung node-row1=(0.036,0.999,-0.026)
[22:54:00.461] [36924] [I] SCOPY T1c frame=3379 buffer=current slot=28 closest=bind(2.07) next=bone-prev-frame(2.10) | buffer=previous slot=28 closest=bind(2.08) next=bone-prev-frame(2.09)
[22:54:00.461] [36924] [I] SCOPY T3c frame=3379 buffer=current slot=28 closest=bind(2.07) next=bone-world(2.10) | buffer=previous slot=28 closest=bind(2.07) next=bone-prev-frame(2.10)
[22:54:00.602] [36924] [I] SCOPY T0 frame=3387 capture=2 bone='NPC Spine [Spn0]' skin='Dress' root='skeleton_female.nif' bone-origin=(1.6,-487.1,4.5) bone-row1=(0.019,0.982,0.190) witness='RightWing5' witness-radius=22.41 subtree-nodes=968
[22:54:00.602] [36924] [I] SCOPY T1 frame=3387 bone-row1=(0.043,0.993,-0.111) orientation-delta-deg=17.4 witness-moved=6.77 moved-range=[0.00,13.87] slot=28 buffer-pre=sampled pre-rel=swung probe-effective=true
[22:54:00.602] [36924] [I] SCOPY T2 frame=3387 pass-geometry='Dress' numMatrices=71 frameID=3657 buffer-submit=sampled changed-since-T1=false submit-rel=swung
[22:54:00.602] [36924] [I] SCOPY T3 frame=3387 drawn=45 buffer-after-draw=sampled changed-since-T2=true final-rel=swung node-row1=(0.043,0.993,-0.111)
[22:54:00.602] [36924] [I] SCOPY T1c frame=3387 buffer=current slot=28 closest=bind(2.05) next=bone-prev-frame(2.19) | buffer=previous slot=28 closest=bind(2.04) next=bone-prev-frame(2.20)
[22:54:00.602] [36924] [I] SCOPY T3c frame=3387 buffer=current slot=28 closest=bind(2.06) next=bone-prev-frame(2.19) | buffer=previous slot=28 closest=bind(2.05) next=bone-prev-frame(2.19)
[22:54:00.743] [36924] [I] SCOPY T0 frame=3395 capture=2 bone='NPC Spine [Spn0]' skin='Dress' root='skeleton_female.nif' bone-origin=(1.6,-487.1,4.5) bone-row1=(0.019,0.982,0.190) witness='RightWing5' witness-radius=22.41 subtree-nodes=968
[22:54:00.743] [36924] [I] SCOPY T1 frame=3395 bone-row1=(0.048,0.981,-0.187) orientation-delta-deg=21.8 witness-moved=8.48 moved-range=[0.00,13.87] slot=28 buffer-pre=sampled pre-rel=swung probe-effective=true
[22:54:00.743] [36924] [I] SCOPY T2 frame=3395 pass-geometry='Dress' numMatrices=71 frameID=3665 buffer-submit=sampled changed-since-T1=false submit-rel=swung
[22:54:00.743] [36924] [I] SCOPY T3 frame=3395 drawn=45 buffer-after-draw=sampled changed-since-T2=true final-rel=swung node-row1=(0.048,0.981,-0.187)
[22:54:00.743] [36924] [I] SCOPY T1c frame=3395 buffer=current slot=28 closest=bind(2.12) next=bone-prev-frame(2.28) | buffer=previous slot=28 closest=bind(2.11) next=bind-T(2.28)
[22:54:00.743] [36924] [I] SCOPY T3c frame=3395 buffer=current slot=28 closest=bind(2.12) next=bone-prev-frame(2.28) | buffer=previous slot=28 closest=bind(2.12) next=bone-prev-frame(2.28)
[22:54:00.884] [36924] [I] SCOPY T0 frame=3403 capture=2 bone='NPC Spine [Spn0]' skin='Dress' root='skeleton_female.nif' bone-origin=(1.6,-487.1,4.5) bone-row1=(0.019,0.982,0.190) witness='RightWing5' witness-radius=22.41 subtree-nodes=968
[22:54:00.884] [36924] [I] SCOPY T1 frame=3403 bone-row1=(0.053,0.966,-0.253) orientation-delta-deg=25.7 witness-moved=9.97 moved-range=[0.00,13.87] slot=28 buffer-pre=sampled pre-rel=swung probe-effective=true
[22:54:00.884] [36924] [I] SCOPY T2 frame=3403 pass-geometry='Dress' numMatrices=71 frameID=3673 buffer-submit=sampled changed-since-T1=false submit-rel=swung
[22:54:00.884] [36924] [I] SCOPY T3 frame=3403 drawn=45 buffer-after-draw=sampled changed-since-T2=true final-rel=swung node-row1=(0.053,0.966,-0.253)
[22:54:00.884] [36924] [I] SCOPY T1c frame=3403 buffer=current slot=28 closest=bind(2.18) next=bind-T(2.35) | buffer=previous slot=28 closest=bind(2.17) next=bind-T(2.34)
[22:54:00.884] [36924] [I] SCOPY T3c frame=3403 buffer=current slot=28 closest=bind(2.18) next=bone-prev-frame(2.35) | buffer=previous slot=28 closest=bind(2.18) next=bind-T(2.35)
[22:54:01.025] [36924] [I] SCOPY T0 frame=3411 capture=2 bone='NPC Spine [Spn0]' skin='Dress' root='skeleton_female.nif' bone-origin=(1.6,-487.1,4.5) bone-row1=(0.019,0.982,0.190) witness='RightWing5' witness-radius=22.41 subtree-nodes=968
[22:54:01.025] [36924] [I] SCOPY T1 frame=3411 bone-row1=(0.056,0.950,-0.307) orientation-delta-deg=29.0 witness-moved=11.20 moved-range=[0.00,13.87] slot=28 buffer-pre=sampled pre-rel=swung probe-effective=true
[22:54:01.025] [36924] [I] SCOPY T2 frame=3411 pass-geometry='Dress' numMatrices=71 frameID=3681 buffer-submit=sampled changed-since-T1=false submit-rel=swung
[22:54:01.025] [36924] [I] SCOPY T3 frame=3411 drawn=45 buffer-after-draw=sampled changed-since-T2=true final-rel=swung node-row1=(0.056,0.950,-0.307)
[22:54:01.025] [36924] [I] SCOPY T1c frame=3411 buffer=current slot=28 closest=bind(2.23) next=bone-captured-T(2.38) | buffer=previous slot=28 closest=bind(2.22) next=bone-captured-T(2.39)
[22:54:01.025] [36924] [I] SCOPY T3c frame=3411 buffer=current slot=28 closest=bind(2.23) next=bone-captured-T(2.38) | buffer=previous slot=28 closest=bind(2.23) next=bone-captured-T(2.38)
[22:54:01.167] [36924] [I] SCOPY T0 frame=3419 capture=2 bone='NPC Spine [Spn0]' skin='Dress' root='skeleton_female.nif' bone-origin=(1.6,-487.1,4.5) bone-row1=(0.019,0.982,0.190) witness='RightWing5' witness-radius=22.41 subtree-nodes=968
[22:54:01.167] [36924] [I] SCOPY T1 frame=3419 bone-row1=(0.059,0.935,-0.349) orientation-delta-deg=31.5 witness-moved=12.16 moved-range=[0.00,13.87] slot=28 buffer-pre=sampled pre-rel=swung probe-effective=true
[22:54:01.167] [36924] [I] SCOPY T2 frame=3419 pass-geometry='Dress' numMatrices=71 frameID=3689 buffer-submit=sampled changed-since-T1=false submit-rel=swung
[22:54:01.167] [36924] [I] SCOPY T3 frame=3419 drawn=45 buffer-after-draw=sampled changed-since-T2=true final-rel=swung node-row1=(0.059,0.935,-0.349)
[22:54:01.167] [36924] [I] SCOPY T1c frame=3419 buffer=current slot=28 closest=bind(2.27) next=bone-captured-T(2.36) | buffer=previous slot=28 closest=bind(2.26) next=bone-captured-T(2.37)
[22:54:01.167] [36924] [I] SCOPY T3c frame=3419 buffer=current slot=28 closest=bind(2.27) next=bone-captured-T(2.36) | buffer=previous slot=28 closest=bind(2.27) next=bone-captured-T(2.36)
[22:54:01.309] [36924] [I] SCOPY T0 frame=3427 capture=2 bone='NPC Spine [Spn0]' skin='Dress' root='skeleton_female.nif' bone-origin=(1.6,-487.1,4.5) bone-row1=(0.019,0.982,0.190) witness='RightWing5' witness-radius=22.41 subtree-nodes=968
[22:54:01.309] [36924] [I] SCOPY T1 frame=3427 bone-row1=(0.061,0.924,-0.378) orientation-delta-deg=33.3 witness-moved=12.83 moved-range=[0.00,13.87] slot=28 buffer-pre=sampled pre-rel=swung probe-effective=true
[22:54:01.309] [36924] [I] SCOPY T2 frame=3427 pass-geometry='Dress' numMatrices=71 frameID=3697 buffer-submit=sampled changed-since-T1=false submit-rel=swung
[22:54:01.309] [36924] [I] SCOPY T3 frame=3427 drawn=45 buffer-after-draw=sampled changed-since-T2=true final-rel=swung node-row1=(0.061,0.924,-0.378)
[22:54:01.309] [36924] [I] SCOPY T1c frame=3427 buffer=current slot=28 closest=bind(2.30) next=bone-captured-T(2.35) | buffer=previous slot=28 closest=bind(2.30) next=bone-captured-T(2.35)
[22:54:01.309] [36924] [I] SCOPY T3c frame=3427 buffer=current slot=28 closest=bind(2.30) next=bone-captured-T(2.35) | buffer=previous slot=28 closest=bind(2.30) next=bone-captured-T(2.35)
[22:54:01.449] [36924] [I] SCOPY T0 frame=3435 capture=2 bone='NPC Spine [Spn0]' skin='Dress' root='skeleton_female.nif' bone-origin=(1.6,-487.1,4.5) bone-row1=(0.019,0.982,0.190) witness='RightWing5' witness-radius=22.41 subtree-nodes=968
[22:54:01.449] [36924] [I] SCOPY T1 frame=3435 bone-row1=(0.062,0.918,-0.393) orientation-delta-deg=34.2 witness-moved=13.18 moved-range=[0.00,13.87] slot=28 buffer-pre=sampled pre-rel=swung probe-effective=true
[22:54:01.449] [36924] [I] SCOPY T2 frame=3435 pass-geometry='Dress' numMatrices=71 frameID=3705 buffer-submit=sampled changed-since-T1=false submit-rel=swung
[22:54:01.449] [36924] [I] SCOPY T3 frame=3435 drawn=45 buffer-after-draw=sampled changed-since-T2=true final-rel=swung node-row1=(0.062,0.918,-0.393)
[22:54:01.449] [36924] [I] SCOPY T1c frame=3435 buffer=current slot=28 closest=bind(2.32) next=bone-captured-T(2.35) | buffer=previous slot=28 closest=bind(2.31) next=bone-captured-T(2.35)
[22:54:01.449] [36924] [I] SCOPY T3c frame=3435 buffer=current slot=28 closest=bind(2.32) next=bone-captured-T(2.35) | buffer=previous slot=28 closest=bind(2.32) next=bone-captured-T(2.35)
[22:54:01.449] [36924] [I] Clone draw: passes=45 rd-null=45 lights=3 | geoms=49 skinned=49 roots=2 num-mat=908 bone-count=941 bound=908
[22:54:01.449] [36924] [I] SCOPY DRAW frame=121 passes=45 lights=true animation-driver=none physics-driver=none
[22:54:01.590] [36924] [I] SCOPY T0 frame=3443 capture=2 bone='NPC Spine [Spn0]' skin='Dress' root='skeleton_female.nif' bone-origin=(1.6,-487.1,4.5) bone-row1=(0.019,0.982,0.190) witness='RightWing5' witness-radius=22.41 subtree-nodes=968
[22:54:01.590] [36924] [I] SCOPY T1 frame=3443 bone-row1=(0.062,0.917,-0.394) orientation-delta-deg=34.3 witness-moved=13.22 moved-range=[0.00,13.87] slot=28 buffer-pre=sampled pre-rel=swung probe-effective=true
[22:54:01.590] [36924] [I] SCOPY T2 frame=3443 pass-geometry='Dress' numMatrices=71 frameID=3713 buffer-submit=sampled changed-since-T1=false submit-rel=swung
[22:54:01.590] [36924] [I] SCOPY T3 frame=3443 drawn=45 buffer-after-draw=sampled changed-since-T2=true final-rel=swung node-row1=(0.062,0.917,-0.394)
[22:54:01.590] [36924] [I] SCOPY T1c frame=3443 buffer=current slot=28 closest=bind(2.32) next=bone-captured-T(2.35) | buffer=previous slot=28 closest=bind(2.32) next=bone-captured-T(2.35)
[22:54:01.590] [36924] [I] SCOPY T3c frame=3443 buffer=current slot=28 closest=bind(2.32) next=bone-captured-T(2.35) | buffer=previous slot=28 closest=bind(2.32) next=bone-captured-T(2.35)
[22:54:01.732] [36924] [I] SCOPY T0 frame=3451 capture=2 bone='NPC Spine [Spn0]' skin='Dress' root='skeleton_female.nif' bone-origin=(1.6,-487.1,4.5) bone-row1=(0.019,0.982,0.190) witness='RightWing5' witness-radius=22.41 subtree-nodes=968
[22:54:01.732] [36924] [I] SCOPY T1 frame=3451 bone-row1=(0.061,0.922,-0.383) orientation-delta-deg=33.6 witness-moved=12.95 moved-range=[0.00,13.87] slot=28 buffer-pre=sampled pre-rel=swung probe-effective=true
[22:54:01.732] [36924] [I] SCOPY T2 frame=3451 pass-geometry='Dress' numMatrices=71 frameID=3721 buffer-submit=sampled changed-since-T1=false submit-rel=swung
[22:54:01.732] [36924] [I] SCOPY T3 frame=3451 drawn=45 buffer-after-draw=sampled changed-since-T2=true final-rel=swung node-row1=(0.061,0.922,-0.383)
[22:54:01.732] [36924] [I] SCOPY T1c frame=3451 buffer=current slot=28 closest=bind(2.31) next=bone-captured-T(2.35) | buffer=previous slot=28 closest=bind(2.31) next=bone-captured-T(2.35)
[22:54:01.732] [36924] [I] SCOPY T3c frame=3451 buffer=current slot=28 closest=bind(2.31) next=bone-captured-T(2.35) | buffer=previous slot=28 closest=bind(2.31) next=bone-captured-T(2.35)
[22:54:01.874] [36924] [I] SCOPY T0 frame=3459 capture=2 bone='NPC Spine [Spn0]' skin='Dress' root='skeleton_female.nif' bone-origin=(1.6,-487.1,4.5) bone-row1=(0.019,0.982,0.190) witness='RightWing5' witness-radius=22.41 subtree-nodes=968
[22:54:01.874] [36924] [I] SCOPY T1 frame=3459 bone-row1=(0.060,0.932,-0.357) orientation-delta-deg=32.0 witness-moved=12.36 moved-range=[0.00,13.87] slot=28 buffer-pre=sampled pre-rel=swung probe-effective=true
[22:54:01.874] [36924] [I] SCOPY T2 frame=3459 pass-geometry='Dress' numMatrices=71 frameID=3729 buffer-submit=sampled changed-since-T1=false submit-rel=swung
[22:54:01.874] [36924] [I] SCOPY T3 frame=3459 drawn=45 buffer-after-draw=sampled changed-since-T2=true final-rel=swung node-row1=(0.060,0.932,-0.357)
[22:54:01.874] [36924] [I] SCOPY T1c frame=3459 buffer=current slot=28 closest=bind(2.29) next=bone-captured-T(2.36) | buffer=previous slot=28 closest=bind(2.29) next=bone-captured-T(2.36)
[22:54:01.874] [36924] [I] SCOPY T3c frame=3459 buffer=current slot=28 closest=bind(2.28) next=bone-captured-T(2.36) | buffer=previous slot=28 closest=bind(2.29) next=bone-captured-T(2.36)
[22:54:01.909] [36924] [I] SCOPY ANIM probe disabled; the copy keeps its captured pose
[22:54:02.387] [36924] [I] SCOPY ANIM probe enabled: node transforms only, applied after the studio's base placement and before pass preparation; the skin matrix buffer is read-only
[22:54:02.388] [36924] [I] SCOPY ANIM target bone='NPC Spine [Spn0]' parent-chain='CME UBody [UBody] < MJF CME Body [Body] < CME Body [Body] < NPC COM [COM ] < NPC Root [Root] < NPC < skeleton_female.nif' candidates=361 subtree-nodes=968 skin='Dress' bones=71 root='skeleton_female.nif' affected-geoms=42/45 witness='RightWing5' witness-radius=22.41 swing=world-X 0.600rad period=320f controllers=none verdict=copy-is-graph-invisible skins: [Face [Ovl0]: 17/17 direct] [Dress: 71/71 direct] [Dress_Inner: 70/70 direct] [Armband: 7/7 direct]
[22:54:02.388] [36924] [I] SCOPY TDUMP geometry='Dress' root='skeleton_female.nif' slots=71 printed=71
[22:54:02.388] [36924] [I] SCOPY TSLOT i=0 bone='NPC Pelvis [Pelv]' world=(0.9926 -0.0541 0.1087 1.4822 | 0.0368 0.9872 0.1551 -485.5052 | -0.1157 -0.1500 0.9819 2.8921) matrix=(0.3474 -0.0189 0.0380 -1.1394 | 0.0129 0.3455 0.0543 -489.2472 | -0.0405 -0.0525 0.3437 -20.7902) previous=(0.3474 -0.0189 0.0380 -1.1394 | 0.0129 0.3455 0.0543 -489.2472 | -0.0405 -0.0525 0.3437 -20.7902)
[22:54:02.388] [36924] [I] SCOPY TSLOT i=1 bone='hdtSSEPhysics_AutoRename_Armor_00000005 dress_front_01.l' world=(0.9831 -0.1256 -0.1329 -0.6099 | 0.1491 0.1290 0.9804 -481.9406 | -0.1060 -0.9837 0.1456 2.3063) matrix=(0.3474 -0.0189 0.0380 -1.1394 | 0.0129 0.3455 0.0543 -489.2472 | -0.0405 -0.0525 0.3437 -20.7901) previous=(0.3474 -0.0189 0.0380 -1.1394 | 0.0129 0.3455 0.0543 -489.2472 | -0.0405 -0.0525 0.3437 -20.7901)
[22:54:02.388] [36924] [I] SCOPY TSLOT i=2 bone='hdtSSEPhysics_AutoRename_Armor_00000005 dress_front_02.l' world=(0.9850 -0.1258 -0.1181 -0.9704 | 0.1424 0.2058 0.9682 -481.5702 | -0.0975 -0.9705 0.2206 -0.5175) matrix=(0.3474 -0.0189 0.0380 -1.1394 | 0.0129 0.3455 0.0543 -489.2472 | -0.0405 -0.0525 0.3437 -20.7901) previous=(0.3474 -0.0189 0.0380 -1.1394 | 0.0129 0.3455 0.0543 -489.2472 | -0.0405 -0.0525 0.3437 -20.7901)
[22:54:02.388] [36924] [I] SCOPY TSLOT i=3 bone='hdtSSEPhysics_AutoRename_Armor_00000005 dress_front_03.l' world=(0.9906 -0.1146 -0.0748 -1.2979 | 0.0970 0.2026 0.9744 -481.0349 | -0.0965 -0.9725 0.2118 -3.0425) matrix=(0.3474 -0.0189 0.0380 -1.1394 | 0.0129 0.3455 0.0543 -489.2472 | -0.0405 -0.0525 0.3437 -20.7901) previous=(0.3474 -0.0189 0.0380 -1.1394 | 0.0129 0.3455 0.0543 -489.2472 | -0.0405 -0.0525 0.3437 -20.7901)
[22:54:02.388] [36924] [I] SCOPY TSLOT i=4 bone='hdtSSEPhysics_AutoRename_Armor_00000005 dress_front_04.l' world=(0.9944 -0.0769 0.0720 -1.5824 | -0.0570 0.1821 0.9816 -480.5319 | -0.0886 -0.9803 0.1767 -5.4564) matrix=(0.3474 -0.0189 0.0380 -1.1394 | 0.0129 0.3455 0.0543 -489.2472 | -0.0405 -0.0525 0.3437 -20.7901) previous=(0.3474 -0.0189 0.0380 -1.1394 | 0.0129 0.3455 0.0543 -489.2472 | -0.0405 -0.0525 0.3437 -20.7901)
[22:54:02.388] [36924] [I] SCOPY TSLOT i=5 bone='hdtSSEPhysics_AutoRename_Armor_00000005 dress_front_05.l' world=(0.9926 -0.1084 -0.0552 -1.7779 | 0.0729 0.1663 0.9834 -480.0687 | -0.0974 -0.9801 0.1730 -7.9496) matrix=(0.3474 -0.0189 0.0380 -1.1394 | 0.0129 0.3455 0.0543 -489.2472 | -0.0405 -0.0525 0.3437 -20.7901) previous=(0.3474 -0.0189 0.0380 -1.1394 | 0.0129 0.3455 0.0543 -489.2472 | -0.0405 -0.0525 0.3437 -20.7901)
[22:54:02.388] [36924] [I] SCOPY TSLOT i=6 bone='hdtSSEPhysics_AutoRename_Armor_00000005 dress_front_06.l' world=(0.9913 -0.1120 -0.0686 -2.0630 | 0.0874 0.1729 0.9811 -479.6310 | -0.0980 -0.9786 0.1812 -10.5291) matrix=(0.3474 -0.0189 0.0380 -1.1394 | 0.0129 0.3455 0.0543 -489.2472 | -0.0405 -0.0525 0.3437 -20.7901) previous=(0.3474 -0.0189 0.0380 -1.1394 | 0.0129 0.3455 0.0543 -489.2472 | -0.0405 -0.0525 0.3437 -20.7901)
[22:54:02.388] [36924] [I] SCOPY TSLOT i=7 bone='hdtSSEPhysics_AutoRename_Armor_00000005 dress_front_07.l' world=(0.9883 -0.1189 -0.0958 -2.3636 | 0.1158 0.1742 0.9779 -479.1668 | -0.0996 -0.9775 0.1859 -13.1556) matrix=(0.3474 -0.0189 0.0380 -1.1394 | 0.0129 0.3455 0.0543 -489.2472 | -0.0405 -0.0525 0.3437 -20.7901) previous=(0.3474 -0.0189 0.0380 -1.1394 | 0.0129 0.3455 0.0543 -489.2472 | -0.0405 -0.0525 0.3437 -20.7901)
[22:54:02.388] [36924] [I] SCOPY TSLOT i=8 bone='hdtSSEPhysics_AutoRename_Armor_00000005 dress_front_08.l' world=(0.9912 -0.1120 -0.0703 -2.6602 | 0.0881 0.1630 0.9827 -478.7322 | -0.0986 -0.9803 0.1714 -15.5944) matrix=(0.3474 -0.0189 0.0380 -1.1394 | 0.0129 0.3455 0.0543 -489.2472 | -0.0405 -0.0525 0.3437 -20.7901) previous=(0.3474 -0.0189 0.0380 -1.1394 | 0.0129 0.3455 0.0543 -489.2472 | -0.0405 -0.0525 0.3437 -20.7901)
[22:54:02.388] [36924] [I] SCOPY TSLOT i=9 bone='hdtSSEPhysics_AutoRename_Armor_00000005 dress_front_09.l' world=(0.9713 -0.1439 -0.1892 -2.9608 | 0.2151 0.1936 0.9572 -478.2949 | -0.1011 -0.9705 0.2190 -18.2253) matrix=(0.3474 -0.0189 0.0380 -1.1394 | 0.0129 0.3455 0.0543 -489.2472 | -0.0405 -0.0525 0.3437 -20.7901) previous=(0.3474 -0.0189 0.0380 -1.1394 | 0.0129 0.3455 0.0543 -489.2472 | -0.0405 -0.0525 0.3437 -20.7901)
[22:54:02.388] [36924] [I] SCOPY TSLOT i=10 bone='hdtSSEPhysics_AutoRename_Armor_00000005 dress_front_01.x' world=(0.9926 -0.1203 -0.0166 1.2241 | 0.0368 0.1680 0.9851 -481.3351 | -0.1157 -0.9784 0.1711 2.0060) matrix=(0.3474 -0.0189 0.0380 -1.1394 | 0.0129 0.3455 0.0543 -489.2472 | -0.0405 -0.0525 0.3437 -20.7902) previous=(0.3474 -0.0189 0.0380 -1.1394 | 0.0129 0.3455 0.0543 -489.2472 | -0.0405 -0.0525 0.3437 -20.7902)
[22:54:02.388] [36924] [I] SCOPY TSLOT i=11 bone='hdtSSEPhysics_AutoRename_Armor_00000005 dress_front_02.x' world=(0.9926 -0.1197 -0.0207 0.9170 | 0.0368 0.1347 0.9902 -480.9064 | -0.1157 -0.9836 0.1381 -0.4920) matrix=(0.3474 -0.0189 0.0380 -1.1394 | 0.0129 0.3455 0.0543 -489.2472 | -0.0405 -0.0525 0.3437 -20.7901) previous=(0.3474 -0.0189 0.0380 -1.1394 | 0.0129 0.3455 0.0543 -489.2472 | -0.0405 -0.0525 0.3437 -20.7901)
[22:54:02.388] [36924] [I] SCOPY TSLOT i=12 bone='hdtSSEPhysics_AutoRename_Armor_00000005 dress_front_03.x' world=(0.9926 -0.1201 -0.0182 0.5968 | 0.0368 0.1549 0.9872 -480.5460 | -0.1157 -0.9806 0.1582 -3.1239) matrix=(0.3474 -0.0189 0.0380 -1.1394 | 0.0129 0.3455 0.0543 -489.2472 | -0.0405 -0.0525 0.3437 -20.7902) previous=(0.3474 -0.0189 0.0380 -1.1394 | 0.0129 0.3455 0.0543 -489.2472 | -0.0405 -0.0525 0.3437 -20.7902)
[22:54:02.388] [36924] [I] SCOPY TSLOT i=13 bone='hdtSSEPhysics_AutoRename_Armor_00000005 dress_front_04.x' world=(0.9926 -0.1196 -0.0212 0.2946 | 0.0368 0.1303 0.9908 -480.1561 | -0.1157 -0.9842 0.1337 -5.5923) matrix=(0.3474 -0.0189 0.0380 -1.1394 | 0.0129 0.3455 0.0543 -489.2472 | -0.0405 -0.0525 0.3437 -20.7901) previous=(0.3474 -0.0189 0.0380 -1.1394 | 0.0129 0.3455 0.0543 -489.2472 | -0.0405 -0.0525 0.3437 -20.7901)
[22:54:02.388] [36924] [I] SCOPY TSLOT i=14 bone='hdtSSEPhysics_AutoRename_Armor_00000005 dress_front_05.x' world=(0.9926 -0.1197 -0.0201 -0.0054 | 0.0368 0.1392 0.9896 -479.8291 | -0.1157 -0.9830 0.1426 -8.0626) matrix=(0.3474 -0.0189 0.0380 -1.1394 | 0.0129 0.3455 0.0543 -489.2472 | -0.0405 -0.0525 0.3437 -20.7901) previous=(0.3474 -0.0189 0.0380 -1.1394 | 0.0129 0.3455 0.0543 -489.2472 | -0.0405 -0.0525 0.3437 -20.7901)
[22:54:02.388] [36924] [I] SCOPY TSLOT i=15 bone='hdtSSEPhysics_AutoRename_Armor_00000005 dress_front_06.x' world=(0.9926 -0.1203 -0.0163 -0.3125 | 0.0368 0.1707 0.9846 -479.4721 | -0.1157 -0.9780 0.1738 -10.5828) matrix=(0.3474 -0.0189 0.0380 -1.1394 | 0.0129 0.3455 0.0543 -489.2472 | -0.0405 -0.0525 0.3437 -20.7901) previous=(0.3474 -0.0189 0.0380 -1.1394 | 0.0129 0.3455 0.0543 -489.2472 | -0.0405 -0.0525 0.3437 -20.7901)
[22:54:02.388] [36924] [I] SCOPY TSLOT i=16 bone='hdtSSEPhysics_AutoRename_Armor_00000005 dress_front_07.x' world=(0.9926 -0.1203 -0.0163 -0.6456 | 0.0368 0.1707 0.9846 -478.9997 | -0.1157 -0.9780 0.1738 -13.2904) matrix=(0.3474 -0.0189 0.0380 -1.1394 | 0.0129 0.3455 0.0543 -489.2472 | -0.0405 -0.0525 0.3437 -20.7901) previous=(0.3474 -0.0189 0.0380 -1.1394 | 0.0129 0.3455 0.0543 -489.2472 | -0.0405 -0.0525 0.3437 -20.7901)
[22:54:02.388] [36924] [I] SCOPY TSLOT i=17 bone='hdtSSEPhysics_AutoRename_Armor_00000005 dress_front_08.x' world=(0.9926 -0.1203 -0.0163 -0.9511 | 0.0368 0.1707 0.9846 -478.5664 | -0.1157 -0.9780 0.1738 -15.7733) matrix=(0.3474 -0.0189 0.0380 -1.1394 | 0.0129 0.3455 0.0543 -489.2471 | -0.0405 -0.0525 0.3437 -20.7901) previous=(0.3474 -0.0189 0.0380 -1.1394 | 0.0129 0.3455 0.0543 -489.2471 | -0.0405 -0.0525 0.3437 -20.7901)
[22:54:02.388] [36924] [I] SCOPY TSLOT i=18 bone='hdtSSEPhysics_AutoRename_Armor_00000005 dress_front_09.x' world=(0.9926 -0.1203 -0.0163 -1.2645 | 0.0368 0.1707 0.9846 -478.1219 | -0.1157 -0.9780 0.1738 -18.3203) matrix=(0.3474 -0.0189 0.0380 -1.1394 | 0.0129 0.3455 0.0543 -489.2471 | -0.0405 -0.0525 0.3437 -20.7901) previous=(0.3474 -0.0189 0.0380 -1.1394 | 0.0129 0.3455 0.0543 -489.2471 | -0.0405 -0.0525 0.3437 -20.7901)
[22:54:02.388] [36924] [I] SCOPY TSLOT i=19 bone='hdtSSEPhysics_AutoRename_Armor_00000005 dress_front_01.r' world=(0.9793 -0.1370 0.1489 3.0405 | -0.1274 0.1541 0.9798 -481.6863 | -0.1572 -0.9785 0.1335 1.8642) matrix=(0.3474 -0.0189 0.0380 -1.1394 | 0.0129 0.3455 0.0543 -489.2472 | -0.0405 -0.0525 0.3437 -20.7902) previous=(0.3474 -0.0189 0.0380 -1.1394 | 0.0129 0.3455 0.0543 -489.2472 | -0.0405 -0.0525 0.3437 -20.7902)
[22:54:02.388] [36924] [I] SCOPY TSLOT i=20 bone='hdtSSEPhysics_AutoRename_Armor_00000005 dress_front_02.r' world=(0.9842 -0.1769 -0.0097 2.6618 | 0.0381 0.1579 0.9867 -481.2603 | -0.1730 -0.9715 0.1621 -0.8405) matrix=(0.3474 -0.0189 0.0380 -1.1394 | 0.0129 0.3455 0.0543 -489.2472 | -0.0405 -0.0525 0.3437 -20.7902) previous=(0.3474 -0.0189 0.0380 -1.1394 | 0.0129 0.3455 0.0543 -489.2472 | -0.0405 -0.0525 0.3437 -20.7902)
[22:54:02.388] [36924] [I] SCOPY TSLOT i=21 bone='hdtSSEPhysics_AutoRename_Armor_00000005 dress_front_03.r' world=(0.9808 -0.1891 -0.0484 2.1906 | 0.0846 0.1883 0.9785 -480.8398 | -0.1759 -0.9637 0.2007 -3.4279) matrix=(0.3474 -0.0189 0.0380 -1.1394 | 0.0129 0.3455 0.0543 -489.2472 | -0.0405 -0.0525 0.3437 -20.7902) previous=(0.3474 -0.0189 0.0380 -1.1394 | 0.0129 0.3455 0.0543 -489.2472 | -0.0405 -0.0525 0.3437 -20.7902)
[22:54:02.388] [36924] [I] SCOPY TSLOT i=22 bone='hdtSSEPhysics_AutoRename_Armor_00000005 dress_front_04.r' world=(0.9815 -0.1864 -0.0440 1.7027 | 0.0765 0.1710 0.9823 -480.3539 | -0.1756 -0.9675 0.1821 -5.9147) matrix=(0.3474 -0.0189 0.0380 -1.1394 | 0.0129 0.3455 0.0543 -489.2472 | -0.0405 -0.0525 0.3437 -20.7902) previous=(0.3474 -0.0189 0.0380 -1.1394 | 0.0129 0.3455 0.0543 -489.2472 | -0.0405 -0.0525 0.3437 -20.7902)
[22:54:02.388] [36924] [I] SCOPY TSLOT i=23 bone='hdtSSEPhysics_AutoRename_Armor_00000005 dress_front_05.r' world=(0.9847 -0.1736 0.0128 1.2395 | 0.0207 0.1899 0.9816 -479.9289 | -0.1728 -0.9663 0.1905 -8.3189) matrix=(0.3474 -0.0189 0.0380 -1.1394 | 0.0129 0.3455 0.0543 -489.2472 | -0.0405 -0.0525 0.3437 -20.7902) previous=(0.3474 -0.0189 0.0380 -1.1394 | 0.0129 0.3455 0.0543 -489.2472 | -0.0405 -0.0525 0.3437 -20.7902)
[22:54:02.388] [36924] [I] SCOPY TSLOT i=24 bone='hdtSSEPhysics_AutoRename_Armor_00000005 dress_front_06.r' world=(0.9850 -0.1690 0.0344 0.7986 | 0.0007 0.2033 0.9791 -479.4467 | -0.1725 -0.9644 0.2004 -10.7733) matrix=(0.3474 -0.0189 0.0380 -1.1394 | 0.0129 0.3455 0.0543 -489.2472 | -0.0405 -0.0525 0.3437 -20.7902) previous=(0.3474 -0.0189 0.0380 -1.1394 | 0.0129 0.3455 0.0543 -489.2472 | -0.0405 -0.0525 0.3437 -20.7902)
[22:54:02.388] [36924] [I] SCOPY TSLOT i=25 bone='hdtSSEPhysics_AutoRename_Armor_00000005 dress_front_07.r' world=(0.9847 -0.1564 0.0774 0.3376 | -0.0489 0.1788 0.9827 -478.8924 | -0.1675 -0.9714 0.1685 -13.4031) matrix=(0.3474 -0.0189 0.0380 -1.1394 | 0.0129 0.3455 0.0543 -489.2472 | -0.0405 -0.0525 0.3437 -20.7902) previous=(0.3474 -0.0189 0.0380 -1.1394 | 0.0129 0.3455 0.0543 -489.2472 | -0.0405 -0.0525 0.3437 -20.7902)
[22:54:02.388] [36924] [I] SCOPY TSLOT i=26 bone='hdtSSEPhysics_AutoRename_Armor_00000005 dress_front_08.r' world=(0.9843 -0.1519 0.0900 -0.0645 | -0.0651 0.1615 0.9847 -478.4324 | -0.1641 -0.9751 0.1491 -15.9014) matrix=(0.3474 -0.0189 0.0380 -1.1394 | 0.0129 0.3455 0.0543 -489.2472 | -0.0405 -0.0525 0.3437 -20.7902) previous=(0.3474 -0.0189 0.0380 -1.1394 | 0.0129 0.3455 0.0543 -489.2472 | -0.0405 -0.0525 0.3437 -20.7902)
[22:54:02.388] [36924] [I] SCOPY TSLOT i=27 bone='hdtSSEPhysics_AutoRename_Armor_00000005 dress_front_09.r' world=(0.9811 -0.1416 0.1322 -0.4651 | -0.1086 0.1629 0.9806 -478.0064 | -0.1604 -0.9764 0.1445 -18.4732) matrix=(0.3474 -0.0189 0.0380 -1.1394 | 0.0129 0.3455 0.0543 -489.2472 | -0.0405 -0.0525 0.3437 -20.7902) previous=(0.3474 -0.0189 0.0380 -1.1394 | 0.0129 0.3455 0.0543 -489.2472 | -0.0405 -0.0525 0.3437 -20.7902)
[22:54:02.388] [36924] [I] SCOPY TSLOT i=28 bone='NPC Spine [Spn0]' world=(0.9964 -0.0342 0.0773 1.6426 | 0.0462 0.9861 -0.1594 -487.1240 | -0.0708 0.1624 0.9842 4.4664) matrix=(0.3487 -0.0108 0.0275 -0.4168 | 0.0162 0.3424 -0.0708 -480.1852 | -0.0248 0.0718 0.3417 -19.9974) previous=(0.3487 -0.0108 0.0275 -0.4168 | 0.0066 0.3461 0.0516 -489.0621 | -0.0288 -0.0509 0.3451 -20.8884)
[22:54:02.388] [36924] [I] SCOPY TSLOT i=29 bone='NPC Spine1 [Spn1]' world=(0.9986 0.0521 0.0099 1.8793 | -0.0410 0.8771 -0.4785 -487.6119 | -0.0336 0.4775 0.8780 7.4800) matrix=(0.3495 0.0178 0.0054 1.5257 | -0.0144 0.3232 -0.1337 -475.1567 | -0.0118 0.1332 0.3234 -18.2139) previous=(0.3495 0.0178 0.0054 1.5257 | -0.0175 0.3493 -0.0137 -483.7272 | -0.0061 0.0134 0.3497 -20.9516)
[22:54:02.388] [36924] [I] SCOPY TSLOT i=30 bone='NPC Spine2 [Spn2]' world=(0.9950 0.0998 -0.0099 1.9135 | -0.0974 0.9379 -0.3329 -489.2641 | -0.0240 0.3322 0.9429 10.5113) matrix=(0.3482 0.0341 -0.0081 2.8544 | -0.0341 0.3098 -0.1593 -472.8883 | -0.0084 0.1593 0.3115 -16.9703) previous=(0.3482 0.0341 -0.0081 2.8544 | -0.0349 0.3457 -0.0419 -481.1689 | 0.0039 0.0425 0.3474 -20.5681)
[22:54:02.388] [36924] [I] SCOPY TSLOT i=31 bone='NPC L Clavicle [LClv]' world=(-0.4695 -0.4344 -0.7687 1.4616 | -0.1364 0.8958 -0.4229 -489.5402 | 0.8723 -0.0937 -0.4798 17.6302) matrix=(0.3494 -0.0202 -0.0015 2.2701 | 0.0172 0.3106 -0.1605 -472.6779 | 0.0106 0.1601 0.3110 -16.8869) previous=(0.3494 -0.0202 -0.0015 2.2701 | 0.0198 0.3468 -0.0432 -480.9425 | 0.0040 0.0430 0.3473 -20.5624)
[22:54:02.388] [36924] [I] SCOPY TSLOT i=32 bone='NPC Head [Head]' world=(0.9933 0.0276 -0.1120 1.3335 | -0.0419 0.9910 -0.1274 -491.9980 | 0.1075 0.1312 0.9855 20.3196) matrix=(0.3478 0.0059 -0.0388 6.0131 | -0.0109 0.3469 -0.0449 -486.0543 | 0.0377 0.0459 0.3449 -21.1193) previous=(0.3478 0.0059 -0.0388 6.0131 | 0.0028 0.3414 0.0770 -494.9576 | 0.0392 -0.0768 0.3392 -19.9141)
[22:54:02.388] [36924] [I] SCOPY TSLOT i=33 bone='NPC L UpperArm [LUar]' world=(-0.6847 -0.7169 -0.1316 -2.3169 | -0.7288 0.6710 0.1367 -491.6190 | -0.0097 0.1894 -0.9818 15.2717) matrix=(0.2558 -0.2293 -0.0670 6.9424 | 0.1935 0.2565 -0.1387 -472.9917 | 0.1400 0.0643 0.3143 -16.0535) previous=(0.2558 -0.2293 -0.0670 6.9424 | 0.2300 0.2629 -0.0216 -480.9492 | 0.0645 -0.0282 0.3428 -19.6720)
[22:54:02.388] [36924] [I] SCOPY TSLOT i=34 bone='NPC L UpperarmTwist1 [LUt1]' world=(-0.1316 0.6045 -0.7857 -2.3169 | 0.1366 -0.7739 -0.6183 -491.6190 | -0.9818 -0.1887 0.0193 15.2717) matrix=(0.2849 -0.1870 -0.0799 8.9136 | 0.1557 0.2890 -0.1213 -475.1660 | 0.1308 0.0632 0.3184 -16.6212) previous=(0.2849 -0.1870 -0.0799 8.9136 | 0.1913 0.2931 -0.0039 -483.1857 | 0.0690 -0.0405 0.3407 -19.4537)
[22:54:02.388] [36924] [I] SCOPY TSLOT i=35 bone='NPC R Clavicle [RClv]' world=(-0.4632 0.5059 0.7277 2.6421 | 0.1719 0.8568 -0.4862 -489.6557 | -0.8694 -0.1001 -0.4838 17.6018) matrix=(0.3467 0.0468 -0.0094 2.9637 | -0.0459 0.3083 -0.1591 -472.8896 | -0.0131 0.1588 0.3116 -16.9701) previous=(0.3467 0.0468 -0.0094 2.9637 | -0.0476 0.3442 -0.0417 -481.1700 | 0.0036 0.0426 0.3474 -20.5674)
[22:54:02.388] [36924] [I] SCOPY TSLOT i=36 bone='NPC R UpperArm [RUar]' world=(-0.9882 -0.1178 -0.0979 6.2191 | -0.1158 0.9929 -0.0256 -492.0455 | 0.1002 -0.0140 -0.9949 15.2237) matrix=(0.2965 -0.0715 0.1717 -16.2923 | 0.0599 0.3426 0.0392 -495.2115 | -0.1761 -0.0039 0.3024 -14.7295) previous=(0.2965 -0.0715 0.1717 -16.2923 | -0.0046 0.3202 0.1413 -501.3441 | -0.1860 -0.1220 0.2703 -10.7546)
[22:54:02.388] [36924] [I] SCOPY TSLOT i=37 bone='NPC R UpperarmTwist1 [RUt1]' world=(-0.0974 0.2795 0.9552 6.2191 | -0.0256 0.9587 -0.2831 -492.0455 | -0.9949 -0.0521 -0.0862 15.2237) matrix=(0.2960 0.0721 0.1723 -15.5923 | -0.0715 0.3420 -0.0204 -487.1620 | -0.1725 -0.0179 0.3040 -15.0154) previous=(0.2960 0.0721 0.1723 -15.5923 | -0.1266 0.3148 0.0859 -493.8887 | -0.1372 -0.1350 0.2923 -13.8032)
[22:54:02.388] [36924] [I] SCOPY TSLOT i=38 bone='L Breast01' world=(0.9950 0.0976 -0.0231 0.2658 | -0.0974 0.8850 -0.4552 -487.2709 | -0.0240 0.4552 0.8901 13.6265) matrix=(0.3482 0.0341 -0.0081 2.8544 | -0.0341 0.3098 -0.1593 -472.8883 | -0.0084 0.1593 0.3115 -16.9703) previous=(0.3482 0.0341 -0.0081 2.8544 | -0.0349 0.3457 -0.0419 -481.1689 | 0.0039 0.0425 0.3474 -20.5680)
[22:54:02.388] [36924] [I] SCOPY TSLOT i=39 bone='L Breast02' world=(0.9950 0.0976 -0.0231 -0.0677 | -0.0974 0.8850 -0.4552 -486.0051 | -0.0240 0.4552 0.8901 14.0590) matrix=(0.3482 0.0341 -0.0081 2.8544 | -0.0341 0.3098 -0.1593 -472.8883 | -0.0084 0.1593 0.3115 -16.9703) previous=(0.3482 0.0341 -0.0081 2.8544 | -0.0349 0.3457 -0.0419 -481.1689 | 0.0039 0.0425 0.3474 -20.5680)
[22:54:02.388] [36924] [I] SCOPY TSLOT i=40 bone='L Breast03' world=(0.9950 0.0976 -0.0231 -0.4063 | -0.0974 0.8850 -0.4552 -484.9299 | -0.0240 0.4552 0.8901 14.8295) matrix=(0.3482 0.0341 -0.0081 2.8544 | -0.0341 0.3098 -0.1593 -472.8884 | -0.0084 0.1593 0.3115 -16.9703) previous=(0.3482 0.0341 -0.0081 2.8544 | -0.0349 0.3457 -0.0419 -481.1689 | 0.0039 0.0425 0.3474 -20.5680)
[22:54:02.388] [36924] [I] SCOPY TSLOT i=41 bone='R Breast01' world=(0.9950 0.0976 -0.0231 4.0627 | -0.0974 0.8850 -0.4552 -487.6424 | -0.0240 0.4552 0.8901 13.5352) matrix=(0.3482 0.0341 -0.0081 2.8544 | -0.0341 0.3098 -0.1593 -472.8884 | -0.0084 0.1593 0.3115 -16.9703) previous=(0.3482 0.0341 -0.0081 2.8544 | -0.0349 0.3457 -0.0419 -481.1689 | 0.0039 0.0425 0.3474 -20.5680)
[22:54:02.388] [36924] [I] SCOPY TSLOT i=42 bone='R Breast02' world=(0.9950 0.0976 -0.0231 4.6554 | -0.0974 0.8850 -0.4552 -486.4673 | -0.0240 0.4552 0.8901 13.9453) matrix=(0.3482 0.0341 -0.0081 2.8544 | -0.0341 0.3098 -0.1593 -472.8884 | -0.0084 0.1593 0.3115 -16.9704) previous=(0.3482 0.0341 -0.0081 2.8544 | -0.0349 0.3457 -0.0419 -481.1689 | 0.0039 0.0425 0.3474 -20.5681)
[22:54:02.388] [36924] [I] SCOPY TSLOT i=43 bone='R Breast03' world=(0.9950 0.0976 -0.0231 5.2322 | -0.0974 0.8850 -0.4552 -485.4816 | -0.0240 0.4552 0.8901 14.6937) matrix=(0.3482 0.0341 -0.0081 2.8543 | -0.0341 0.3098 -0.1593 -472.8883 | -0.0084 0.1593 0.3115 -16.9704) previous=(0.3482 0.0341 -0.0081 2.8543 | -0.0349 0.3457 -0.0419 -481.1689 | 0.0039 0.0425 0.3474 -20.5681)
[22:54:02.388] [36924] [I] SCOPY TSLOT i=44 bone='hdtSSEPhysics_AutoRename_Armor_00000005 dress_back_01.l' world=(0.9780 -0.0872 -0.1893 -0.0147 | 0.1271 -0.4703 0.8733 -491.7452 | -0.1652 -0.8782 -0.4489 4.2815) matrix=(0.3474 -0.0189 0.0380 -1.1394 | 0.0129 0.3455 0.0543 -489.2472 | -0.0405 -0.0525 0.3437 -20.7901) previous=(0.3474 -0.0189 0.0380 -1.1394 | 0.0129 0.3455 0.0543 -489.2472 | -0.0405 -0.0525 0.3437 -20.7901)
[22:54:02.388] [36924] [I] SCOPY TSLOT i=45 bone='hdtSSEPhysics_AutoRename_Armor_00000005 dress_back_02.l' world=(0.9807 -0.0912 -0.1729 -0.2479 | 0.1202 -0.4159 0.9014 -493.0030 | -0.1541 -0.9048 -0.3969 1.9326) matrix=(0.3474 -0.0189 0.0380 -1.1394 | 0.0129 0.3455 0.0543 -489.2472 | -0.0405 -0.0525 0.3437 -20.7901) previous=(0.3474 -0.0189 0.0380 -1.1394 | 0.0129 0.3455 0.0543 -489.2472 | -0.0405 -0.0525 0.3437 -20.7901)
[22:54:02.388] [36924] [I] SCOPY TSLOT i=46 bone='hdtSSEPhysics_AutoRename_Armor_00000005 dress_back_03.l' world=(0.9947 -0.0666 -0.0778 -0.4800 | 0.0436 -0.4121 0.9101 -494.0610 | -0.0927 -0.9087 -0.4070 -0.3695) matrix=(0.3474 -0.0189 0.0380 -1.1394 | 0.0129 0.3455 0.0543 -489.2472 | -0.0405 -0.0525 0.3437 -20.7901) previous=(0.3474 -0.0189 0.0380 -1.1394 | 0.0129 0.3455 0.0543 -489.2472 | -0.0405 -0.0525 0.3437 -20.7901)
[22:54:02.388] [36924] [I] SCOPY TSLOT i=47 bone='hdtSSEPhysics_AutoRename_Armor_00000005 dress_back_04.l' world=(0.9915 -0.0717 -0.1084 -0.6523 | 0.0643 -0.4539 0.8887 -495.1270 | -0.1129 -0.8882 -0.4455 -2.7200) matrix=(0.3474 -0.0189 0.0380 -1.1394 | 0.0129 0.3455 0.0543 -489.2472 | -0.0405 -0.0525 0.3437 -20.7901) previous=(0.3474 -0.0189 0.0380 -1.1394 | 0.0129 0.3455 0.0543 -489.2472 | -0.0405 -0.0525 0.3437 -20.7901)
[22:54:02.388] [36924] [I] SCOPY TSLOT i=48 bone='hdtSSEPhysics_AutoRename_Armor_00000005 dress_back_05.l' world=(0.9981 -0.0490 -0.0364 -0.8283 | 0.0080 -0.4859 0.8740 -496.2409 | -0.0605 -0.8726 -0.4846 -4.8994) matrix=(0.3474 -0.0189 0.0380 -1.1394 | 0.0129 0.3455 0.0543 -489.2472 | -0.0405 -0.0525 0.3437 -20.7902) previous=(0.3474 -0.0189 0.0380 -1.1394 | 0.0129 0.3455 0.0543 -489.2472 | -0.0405 -0.0525 0.3437 -20.7902)
[22:54:02.388] [36924] [I] SCOPY TSLOT i=49 bone='hdtSSEPhysics_AutoRename_Armor_00000005 dress_back_06.l' world=(0.9695 -0.0977 -0.2248 -0.9582 | 0.1528 -0.4764 0.8658 -497.5288 | -0.1917 -0.8738 -0.4470 -7.2125) matrix=(0.3474 -0.0189 0.0380 -1.1394 | 0.0129 0.3455 0.0543 -489.2472 | -0.0405 -0.0525 0.3437 -20.7901) previous=(0.3474 -0.0189 0.0380 -1.1394 | 0.0129 0.3455 0.0543 -489.2472 | -0.0405 -0.0525 0.3437 -20.7901)
[22:54:02.388] [36924] [I] SCOPY TSLOT i=50 bone='hdtSSEPhysics_AutoRename_Armor_00000005 dress_back_07.l' world=(0.9908 -0.0722 -0.1143 -1.2239 | 0.0696 -0.4521 0.8892 -498.8249 | -0.1159 -0.8890 -0.4429 -9.5897) matrix=(0.3474 -0.0189 0.0380 -1.1394 | 0.0129 0.3455 0.0543 -489.2472 | -0.0405 -0.0525 0.3437 -20.7902) previous=(0.3474 -0.0189 0.0380 -1.1394 | 0.0129 0.3455 0.0543 -489.2472 | -0.0405 -0.0525 0.3437 -20.7902)
[22:54:02.388] [36924] [I] SCOPY TSLOT i=51 bone='hdtSSEPhysics_AutoRename_Armor_00000005 dress_back_08.l' world=(0.9299 -0.1330 -0.3430 -1.4050 | 0.2523 -0.4481 0.8577 -499.9590 | -0.2677 -0.8841 -0.3831 -11.8198) matrix=(0.3474 -0.0189 0.0380 -1.1394 | 0.0129 0.3455 0.0543 -489.2472 | -0.0405 -0.0525 0.3437 -20.7902) previous=(0.3474 -0.0189 0.0380 -1.1394 | 0.0129 0.3455 0.0543 -489.2472 | -0.0405 -0.0525 0.3437 -20.7902)
[22:54:02.388] [36924] [I] SCOPY TSLOT i=52 bone='hdtSSEPhysics_AutoRename_Armor_00000005 dress_back_09.l' world=(0.9793 -0.0932 -0.1799 -1.7462 | 0.1254 -0.4187 0.8994 -501.1085 | -0.1592 -0.9033 -0.3983 -14.0878) matrix=(0.3474 -0.0189 0.0380 -1.1394 | 0.0129 0.3455 0.0543 -489.2472 | -0.0405 -0.0525 0.3437 -20.7901) previous=(0.3474 -0.0189 0.0380 -1.1394 | 0.0129 0.3455 0.0543 -489.2472 | -0.0405 -0.0525 0.3437 -20.7901)
[22:54:02.388] [36924] [I] SCOPY TSLOT i=53 bone='hdtSSEPhysics_AutoRename_Armor_00000005 dress_back_01.x' world=(0.9926 -0.0851 -0.0866 1.8609 | 0.0368 -0.4686 0.8826 -491.7514 | -0.1157 -0.8793 -0.4620 4.1517) matrix=(0.3474 -0.0189 0.0380 -1.1394 | 0.0129 0.3455 0.0543 -489.2472 | -0.0405 -0.0525 0.3437 -20.7901) previous=(0.3474 -0.0189 0.0380 -1.1394 | 0.0129 0.3455 0.0543 -489.2472 | -0.0405 -0.0525 0.3437 -20.7901)
[22:54:02.388] [36924] [I] SCOPY TSLOT i=54 bone='hdtSSEPhysics_AutoRename_Armor_00000005 dress_back_02.x' world=(0.9926 -0.0856 -0.0861 1.6434 | 0.0368 -0.4634 0.8854 -492.9485 | -0.1157 -0.8820 -0.4569 1.9052) matrix=(0.3474 -0.0189 0.0380 -1.1394 | 0.0129 0.3455 0.0543 -489.2472 | -0.0405 -0.0525 0.3437 -20.7901) previous=(0.3474 -0.0189 0.0380 -1.1394 | 0.0129 0.3455 0.0543 -489.2472 | -0.0405 -0.0525 0.3437 -20.7901)
[22:54:02.388] [36924] [I] SCOPY TSLOT i=55 bone='hdtSSEPhysics_AutoRename_Armor_00000005 dress_back_03.x' world=(0.9926 -0.0912 -0.0801 1.4144 | 0.0368 -0.4025 0.9147 -494.1883 | -0.1157 -0.9108 -0.3962 -0.4542) matrix=(0.3474 -0.0189 0.0380 -1.1394 | 0.0129 0.3455 0.0543 -489.2472 | -0.0405 -0.0525 0.3437 -20.7902) previous=(0.3474 -0.0189 0.0380 -1.1394 | 0.0129 0.3455 0.0543 -489.2472 | -0.0405 -0.0525 0.3437 -20.7902)
[22:54:02.388] [36924] [I] SCOPY TSLOT i=56 bone='hdtSSEPhysics_AutoRename_Armor_00000005 dress_back_04.x' world=(0.9926 -0.0842 -0.0875 1.1847 | 0.0368 -0.4773 0.8780 -495.2021 | -0.1157 -0.8747 -0.4707 -2.7483) matrix=(0.3474 -0.0189 0.0380 -1.1394 | 0.0129 0.3455 0.0543 -489.2472 | -0.0405 -0.0525 0.3437 -20.7902) previous=(0.3474 -0.0189 0.0380 -1.1394 | 0.0129 0.3455 0.0543 -489.2472 | -0.0405 -0.0525 0.3437 -20.7902)
[22:54:02.388] [36924] [I] SCOPY TSLOT i=57 bone='hdtSSEPhysics_AutoRename_Armor_00000005 dress_back_05.x' world=(0.9926 -0.0809 -0.0906 0.9732 | 0.0368 -0.5103 0.8592 -496.4004 | -0.1157 -0.8562 -0.5036 -4.9442) matrix=(0.3474 -0.0189 0.0380 -1.1394 | 0.0129 0.3455 0.0543 -489.2472 | -0.0405 -0.0525 0.3437 -20.7902) previous=(0.3474 -0.0189 0.0380 -1.1394 | 0.0129 0.3455 0.0543 -489.2472 | -0.0405 -0.0525 0.3437 -20.7902)
[22:54:02.388] [36924] [I] SCOPY TSLOT i=58 bone='hdtSSEPhysics_AutoRename_Armor_00000005 dress_back_06.x' world=(0.9926 -0.0882 -0.0835 0.7593 | 0.0368 -0.4365 0.8989 -497.7507 | -0.1157 -0.8954 -0.4300 -7.2097) matrix=(0.3474 -0.0189 0.0380 -1.1394 | 0.0129 0.3455 0.0543 -489.2472 | -0.0405 -0.0525 0.3437 -20.7902) previous=(0.3474 -0.0189 0.0380 -1.1394 | 0.0129 0.3455 0.0543 -489.2472 | -0.0405 -0.0525 0.3437 -20.7902)
[22:54:02.388] [36924] [I] SCOPY TSLOT i=59 bone='hdtSSEPhysics_AutoRename_Armor_00000005 dress_back_07.x' world=(0.9926 -0.0893 -0.0823 0.5217 | 0.0368 -0.4239 0.9049 -498.9269 | -0.1157 -0.9013 -0.4175 -9.6223) matrix=(0.3474 -0.0189 0.0380 -1.1394 | 0.0129 0.3455 0.0543 -489.2472 | -0.0405 -0.0525 0.3437 -20.7902) previous=(0.3474 -0.0189 0.0380 -1.1394 | 0.0129 0.3455 0.0543 -489.2472 | -0.0405 -0.0525 0.3437 -20.7902)
[22:54:02.388] [36924] [I] SCOPY TSLOT i=60 bone='hdtSSEPhysics_AutoRename_Armor_00000005 dress_back_08.x' world=(0.9926 -0.0906 -0.0809 0.2949 | 0.0368 -0.4100 0.9113 -500.0033 | -0.1157 -0.9076 -0.4037 -11.9106) matrix=(0.3474 -0.0189 0.0380 -1.1394 | 0.0129 0.3455 0.0543 -489.2472 | -0.0405 -0.0525 0.3437 -20.7901) previous=(0.3474 -0.0189 0.0380 -1.1394 | 0.0129 0.3455 0.0543 -489.2472 | -0.0405 -0.0525 0.3437 -20.7901)
[22:54:02.388] [36924] [I] SCOPY TSLOT i=61 bone='hdtSSEPhysics_AutoRename_Armor_00000005 dress_back_09.x' world=(0.9926 -0.0872 -0.0845 0.0590 | 0.0368 -0.4463 0.8941 -501.0716 | -0.1157 -0.8906 -0.4398 -14.2753) matrix=(0.3474 -0.0189 0.0380 -1.1394 | 0.0129 0.3455 0.0543 -489.2472 | -0.0405 -0.0525 0.3437 -20.7902) previous=(0.3474 -0.0189 0.0380 -1.1394 | 0.0129 0.3455 0.0543 -489.2472 | -0.0405 -0.0525 0.3437 -20.7902)
[22:54:02.388] [36924] [I] SCOPY TSLOT i=62 bone='hdtSSEPhysics_AutoRename_Armor_00000005 dress_back_01.r' world=(0.9964 -0.0827 0.0168 3.7104 | -0.0538 -0.4701 0.8810 -491.6069 | -0.0650 -0.8787 -0.4729 3.8473) matrix=(0.3474 -0.0189 0.0380 -1.1394 | 0.0129 0.3455 0.0543 -489.2472 | -0.0405 -0.0525 0.3437 -20.7901) previous=(0.3474 -0.0189 0.0380 -1.1394 | 0.0129 0.3455 0.0543 -489.2472 | -0.0405 -0.0525 0.3437 -20.7901)
[22:54:02.388] [36924] [I] SCOPY TSLOT i=63 bone='hdtSSEPhysics_AutoRename_Armor_00000005 dress_back_02.r' world=(0.9960 -0.0889 0.0107 3.4893 | -0.0468 -0.4158 0.9083 -492.8643 | -0.0763 -0.9051 -0.4183 1.4969) matrix=(0.3474 -0.0189 0.0380 -1.1394 | 0.0129 0.3455 0.0543 -489.2472 | -0.0405 -0.0525 0.3437 -20.7902) previous=(0.3474 -0.0189 0.0380 -1.1394 | 0.0129 0.3455 0.0543 -489.2472 | -0.0405 -0.0525 0.3437 -20.7902)
[22:54:02.388] [36924] [I] SCOPY TSLOT i=64 bone='hdtSSEPhysics_AutoRename_Armor_00000005 dress_back_03.r' world=(0.9899 -0.1139 -0.0845 3.2632 | 0.0301 -0.4139 0.9098 -493.9221 | -0.1386 -0.9032 -0.4063 -0.8058) matrix=(0.3474 -0.0189 0.0380 -1.1394 | 0.0129 0.3455 0.0543 -489.2472 | -0.0405 -0.0525 0.3437 -20.7902) previous=(0.3474 -0.0189 0.0380 -1.1394 | 0.0129 0.3455 0.0543 -489.2472 | -0.0405 -0.0525 0.3437 -20.7902)
[22:54:02.388] [36924] [I] SCOPY TSLOT i=65 bone='hdtSSEPhysics_AutoRename_Armor_00000005 dress_back_04.r' world=(0.9929 -0.1012 -0.0621 2.9685 | 0.0093 -0.4550 0.8904 -494.9926 | -0.1184 -0.8847 -0.4508 -3.1421) matrix=(0.3474 -0.0189 0.0380 -1.1394 | 0.0129 0.3455 0.0543 -489.2472 | -0.0405 -0.0525 0.3437 -20.7902) previous=(0.3474 -0.0189 0.0380 -1.1394 | 0.0129 0.3455 0.0543 -489.2472 | -0.0405 -0.0525 0.3437 -20.7902)
[22:54:02.388] [36924] [I] SCOPY TSLOT i=66 bone='hdtSSEPhysics_AutoRename_Armor_00000005 dress_back_05.r' world=(0.9832 -0.1173 -0.1399 2.7201 | 0.0655 -0.4884 0.8701 -496.1092 | -0.1704 -0.8647 -0.4725 -5.3130) matrix=(0.3474 -0.0189 0.0380 -1.1394 | 0.0129 0.3455 0.0543 -489.2472 | -0.0405 -0.0525 0.3437 -20.7901) previous=(0.3474 -0.0189 0.0380 -1.1394 | 0.0129 0.3455 0.0543 -489.2472 | -0.0405 -0.0525 0.3437 -20.7901)
[22:54:02.388] [36924] [I] SCOPY TSLOT i=67 bone='hdtSSEPhysics_AutoRename_Armor_00000005 dress_back_06.r' world=(0.9961 -0.0711 0.0522 2.4092 | -0.0798 -0.4754 0.8761 -497.4038 | -0.0374 -0.8769 -0.4793 -7.6050) matrix=(0.3474 -0.0189 0.0380 -1.1394 | 0.0129 0.3455 0.0543 -489.2472 | -0.0405 -0.0525 0.3437 -20.7902) previous=(0.3474 -0.0189 0.0380 -1.1394 | 0.0129 0.3455 0.0543 -489.2472 | -0.0405 -0.0525 0.3437 -20.7902)
[22:54:02.388] [36924] [I] SCOPY TSLOT i=68 bone='hdtSSEPhysics_AutoRename_Armor_00000005 dress_back_07.r' world=(0.9933 -0.1011 -0.0559 2.2159 | 0.0040 -0.4532 0.8914 -498.6972 | -0.1154 -0.8857 -0.4498 -9.9906) matrix=(0.3474 -0.0189 0.0380 -1.1394 | 0.0129 0.3455 0.0543 -489.2472 | -0.0405 -0.0525 0.3437 -20.7901) previous=(0.3474 -0.0189 0.0380 -1.1394 | 0.0129 0.3455 0.0543 -489.2472 | -0.0405 -0.0525 0.3437 -20.7901)
[22:54:02.388] [36924] [I] SCOPY TSLOT i=69 bone='hdtSSEPhysics_AutoRename_Armor_00000005 dress_back_08.r' world=(0.9824 -0.0412 0.1821 1.9623 | -0.1813 -0.4447 0.8772 -499.8340 | 0.0448 -0.8948 -0.4443 -12.2122) matrix=(0.3474 -0.0189 0.0380 -1.1394 | 0.0129 0.3455 0.0543 -489.2472 | -0.0405 -0.0525 0.3437 -20.7901) previous=(0.3474 -0.0189 0.0380 -1.1394 | 0.0129 0.3455 0.0543 -489.2472 | -0.0405 -0.0525 0.3437 -20.7901)
[22:54:02.388] [36924] [I] SCOPY TSLOT i=70 bone='hdtSSEPhysics_AutoRename_Armor_00000005 dress_back_09.r' world=(0.9961 -0.0864 0.0173 1.8565 | -0.0521 -0.4184 0.9068 -500.9748 | -0.0711 -0.9041 -0.4213 -14.5077) matrix=(0.3474 -0.0189 0.0380 -1.1394 | 0.0129 0.3455 0.0543 -489.2472 | -0.0405 -0.0525 0.3437 -20.7901) previous=(0.3474 -0.0189 0.0380 -1.1394 | 0.0129 0.3455 0.0543 -489.2472 | -0.0405 -0.0525 0.3437 -20.7901)
[22:54:02.529] [36924] [I] SCOPY T0 frame=3496 capture=2 bone='NPC Spine [Spn0]' skin='Dress' root='skeleton_female.nif' bone-origin=(1.6,-487.1,4.5) bone-row1=(0.019,0.982,0.190) witness='RightWing5' witness-radius=22.41 subtree-nodes=968
[22:54:02.529] [36924] [I] SCOPY T1 frame=3496 bone-row1=(0.040,0.996,-0.080) orientation-delta-deg=15.6 witness-moved=6.09 moved-range=[6.09,6.09] slot=28 buffer-pre=sampled pre-rel=swung probe-effective=true
[22:54:02.529] [36924] [I] SCOPY T2 frame=3496 pass-geometry='Dress' numMatrices=71 frameID=3766 buffer-submit=sampled changed-since-T1=false submit-rel=swung
[22:54:02.529] [36924] [I] SCOPY T3 frame=3496 drawn=45 buffer-after-draw=sampled changed-since-T2=true final-rel=swung node-row1=(0.040,0.996,-0.080)
[22:54:02.529] [36924] [I] SCOPY T1c frame=3496 buffer=current slot=28 closest=bind(2.04) next=bone-world(2.16) | buffer=previous slot=28 closest=bind(2.05) next=bone-world(2.15)
[22:54:02.529] [36924] [I] SCOPY T3c frame=3496 buffer=current slot=28 closest=bind(2.04) next=bone-world(2.17) | buffer=previous slot=28 closest=bind(2.04) next=bone-world(2.16)
[22:54:02.670] [36924] [I] SCOPY T0 frame=3504 capture=2 bone='NPC Spine [Spn0]' skin='Dress' root='skeleton_female.nif' bone-origin=(1.6,-487.1,4.5) bone-row1=(0.019,0.982,0.190) witness='RightWing5' witness-radius=22.41 subtree-nodes=968
[22:54:02.670] [36924] [I] SCOPY T1 frame=3504 bone-row1=(0.034,0.999,0.007) orientation-delta-deg=10.6 witness-moved=4.15 moved-range=[4.15,6.09] slot=28 buffer-pre=sampled pre-rel=swung probe-effective=true
[22:54:02.670] [36924] [I] SCOPY T2 frame=3504 pass-geometry='Dress' numMatrices=71 frameID=3774 buffer-submit=sampled changed-since-T1=false submit-rel=swung
[22:54:02.670] [36924] [I] SCOPY T3 frame=3504 drawn=45 buffer-after-draw=sampled changed-since-T2=true final-rel=swung node-row1=(0.034,0.999,0.007)
[22:54:02.670] [36924] [I] SCOPY T1c frame=3504 buffer=current slot=28 closest=bind(2.08) next=bone-prev-frame(2.11) | buffer=previous slot=28 closest=bind(2.07) next=world-x-bind(2.12)
[22:54:02.670] [36924] [I] SCOPY T3c frame=3504 buffer=current slot=28 closest=bind(2.09) next=bone-prev-frame(2.11) | buffer=previous slot=28 closest=bind(2.08) next=bone-prev-frame(2.11)
[22:54:02.813] [36924] [I] SCOPY T0 frame=3512 capture=2 bone='NPC Spine [Spn0]' skin='Dress' root='skeleton_female.nif' bone-origin=(1.6,-487.1,4.5) bone-row1=(0.019,0.982,0.190) witness='RightWing5' witness-radius=22.41 subtree-nodes=968
[22:54:02.813] [36924] [I] SCOPY T1 frame=3512 bone-row1=(0.027,0.995,0.098) orientation-delta-deg=5.4 witness-moved=2.10 moved-range=[2.10,6.09] slot=28 buffer-pre=sampled pre-rel=swung probe-effective=true
[22:54:02.813] [36924] [I] SCOPY T2 frame=3512 pass-geometry='Dress' numMatrices=71 frameID=3782 buffer-submit=sampled changed-since-T1=false submit-rel=swung
[22:54:02.813] [36924] [I] SCOPY T3 frame=3512 drawn=45 buffer-after-draw=sampled changed-since-T2=true final-rel=swung node-row1=(0.027,0.995,0.098)
[22:54:02.813] [36924] [I] SCOPY T1c frame=3512 buffer=current slot=28 closest=bind-T(2.09) next=bind(2.14) | buffer=previous slot=28 closest=bind-T(2.09) next=bind(2.14)
[22:54:02.813] [36924] [I] SCOPY T3c frame=3512 buffer=current slot=28 closest=bind-T(2.08) next=bind(2.15) | buffer=previous slot=28 closest=bind-T(2.09) next=bind(2.14)
[22:54:02.955] [36924] [I] SCOPY T0 frame=3520 capture=2 bone='NPC Spine [Spn0]' skin='Dress' root='skeleton_female.nif' bone-origin=(1.6,-487.1,4.5) bone-row1=(0.019,0.982,0.190) witness='RightWing5' witness-radius=22.41 subtree-nodes=968
[22:54:02.955] [36924] [I] SCOPY T1 frame=3520 bone-row1=(0.019,0.982,0.190) orientation-delta-deg=0.0 witness-moved=0.00 moved-range=[0.00,6.09] slot=28 buffer-pre=sampled pre-rel=neither probe-effective=true
[22:54:02.955] [36924] [I] SCOPY T2 frame=3520 pass-geometry='Dress' numMatrices=71 frameID=3790 buffer-submit=sampled changed-since-T1=false submit-rel=neither
[22:54:02.955] [36924] [I] SCOPY T3 frame=3520 drawn=45 buffer-after-draw=sampled changed-since-T2=true final-rel=neither node-row1=(0.019,0.982,0.190)
[22:54:02.955] [36924] [I] SCOPY T1c frame=3520 buffer=current slot=28 closest=bind-T(2.04) next=bind(2.21) | buffer=previous slot=28 closest=bind-T(2.03) next=bind(2.20)
[22:54:02.955] [36924] [I] SCOPY T3c frame=3520 buffer=current slot=28 closest=bind-T(2.05) next=bind(2.22) | buffer=previous slot=28 closest=bind-T(2.04) next=bind(2.21)
[22:54:03.108] [36924] [I] SCOPY T0 frame=3528 capture=2 bone='NPC Spine [Spn0]' skin='Dress' root='skeleton_female.nif' bone-origin=(1.6,-487.1,4.5) bone-row1=(0.019,0.982,0.190) witness='RightWing5' witness-radius=22.41 subtree-nodes=968
[22:54:03.108] [36924] [I] SCOPY T1 frame=3528 bone-row1=(0.011,0.960,0.281) orientation-delta-deg=5.4 witness-moved=2.10 moved-range=[0.00,6.09] slot=28 buffer-pre=sampled pre-rel=captured probe-effective=true
[22:54:03.108] [36924] [I] SCOPY T2 frame=3528 pass-geometry='Dress' numMatrices=71 frameID=3798 buffer-submit=sampled changed-since-T1=false submit-rel=captured
[22:54:03.108] [36924] [I] SCOPY T3 frame=3528 drawn=45 buffer-after-draw=sampled changed-since-T2=true final-rel=captured node-row1=(0.011,0.960,0.281)
[22:54:03.108] [36924] [I] SCOPY T1c frame=3528 buffer=current slot=28 closest=bind-T(2.11) next=captured-x-bind(2.22) | buffer=previous slot=28 closest=bind-T(2.10) next=captured-x-bind(2.22)
[22:54:03.108] [36924] [I] SCOPY T3c frame=3528 buffer=current slot=28 closest=bind-T(2.12) next=captured-x-bind(2.21) | buffer=previous slot=28 closest=bind-T(2.11) next=captured-x-bind(2.22)
[22:54:03.249] [36924] [I] SCOPY T0 frame=3536 capture=2 bone='NPC Spine [Spn0]' skin='Dress' root='skeleton_female.nif' bone-origin=(1.6,-487.1,4.5) bone-row1=(0.019,0.982,0.190) witness='RightWing5' witness-radius=22.41 subtree-nodes=968
[22:54:03.249] [36924] [I] SCOPY T1 frame=3536 bone-row1=(0.003,0.930,0.368) orientation-delta-deg=10.6 witness-moved=4.15 moved-range=[0.00,6.09] slot=28 buffer-pre=sampled pre-rel=captured probe-effective=true
[22:54:03.249] [36924] [I] SCOPY T2 frame=3536 pass-geometry='Dress' numMatrices=71 frameID=3806 buffer-submit=sampled changed-since-T1=false submit-rel=captured
[22:54:03.249] [36924] [I] SCOPY T3 frame=3536 drawn=45 buffer-after-draw=sampled changed-since-T2=true final-rel=captured node-row1=(0.003,0.930,0.368)
[22:54:03.249] [36924] [I] SCOPY T1c frame=3536 buffer=current slot=28 closest=captured-x-bind(2.17) next=bind-T(2.19) | buffer=previous slot=28 closest=captured-x-bind(2.18) next=bind-T(2.18)
[22:54:03.249] [36924] [I] SCOPY T3c frame=3536 buffer=current slot=28 closest=captured-x-bind(2.17) next=bind-T(2.20) | buffer=previous slot=28 closest=captured-x-bind(2.17) next=bind-T(2.19)
[22:54:03.388] [36924] [I] SCOPY T0 frame=3544 capture=2 bone='NPC Spine [Spn0]' skin='Dress' root='skeleton_female.nif' bone-origin=(1.6,-487.1,4.5) bone-row1=(0.019,0.982,0.190) witness='RightWing5' witness-radius=22.41 subtree-nodes=968
[22:54:03.388] [36924] [I] SCOPY T1 frame=3544 bone-row1=(-0.004,0.895,0.447) orientation-delta-deg=15.6 witness-moved=6.09 moved-range=[0.00,6.09] slot=28 buffer-pre=sampled pre-rel=captured probe-effective=true
[22:54:03.388] [36924] [I] SCOPY T2 frame=3544 pass-geometry='Dress' numMatrices=71 frameID=3814 buffer-submit=sampled changed-since-T1=false submit-rel=captured
[22:54:03.388] [36924] [I] SCOPY T3 frame=3544 drawn=45 buffer-after-draw=sampled changed-since-T2=true final-rel=captured node-row1=(-0.004,0.895,0.447)
[22:54:03.388] [36924] [I] SCOPY T1c frame=3544 buffer=current slot=28 closest=captured-x-bind(2.14) next=bone-captured(2.21) | buffer=previous slot=28 closest=captured-x-bind(2.14) next=bone-captured(2.22)
[22:54:03.388] [36924] [I] SCOPY T3c frame=3544 buffer=current slot=28 closest=captured-x-bind(2.14) next=bone-captured(2.21) | buffer=previous slot=28 closest=captured-x-bind(2.14) next=bone-captured(2.21)
[22:54:03.527] [36924] [I] SCOPY T0 frame=3552 capture=2 bone='NPC Spine [Spn0]' skin='Dress' root='skeleton_female.nif' bone-origin=(1.6,-487.1,4.5) bone-row1=(0.019,0.982,0.190) witness='RightWing5' witness-radius=22.41 subtree-nodes=968
[22:54:03.527] [36924] [I] SCOPY T1 frame=3552 bone-row1=(-0.011,0.856,0.517) orientation-delta-deg=20.2 witness-moved=7.86 moved-range=[0.00,7.86] slot=28 buffer-pre=sampled pre-rel=captured probe-effective=true
[22:54:03.527] [36924] [I] SCOPY T2 frame=3552 pass-geometry='Dress' numMatrices=71 frameID=3822 buffer-submit=sampled changed-since-T1=false submit-rel=captured
[22:54:03.527] [36924] [I] SCOPY T3 frame=3552 drawn=45 buffer-after-draw=sampled changed-since-T2=true final-rel=captured node-row1=(-0.011,0.856,0.517)
[22:54:03.527] [36924] [I] SCOPY T1c frame=3552 buffer=current slot=28 closest=captured-x-bind(2.19) next=bone-captured(2.19) | buffer=previous slot=28 closest=captured-x-bind(2.18) next=bone-captured(2.19)
[22:54:03.527] [36924] [I] SCOPY T3c frame=3552 buffer=current slot=28 closest=bone-captured(2.19) next=captured-x-bind(2.20) | buffer=previous slot=28 closest=captured-x-bind(2.19) next=bone-captured(2.19)
[22:54:03.581] [36924] [I] Clone draw: passes=45 rd-null=45 lights=3 | geoms=49 skinned=49 roots=2 num-mat=908 bone-count=941 bound=908
[22:54:03.581] [36924] [I] SCOPY DRAW frame=241 passes=45 lights=true animation-driver=none physics-driver=none
[22:54:03.670] [36924] [I] SCOPY T0 frame=3560 capture=2 bone='NPC Spine [Spn0]' skin='Dress' root='skeleton_female.nif' bone-origin=(1.6,-487.1,4.5) bone-row1=(0.019,0.982,0.190) witness='RightWing5' witness-radius=22.41 subtree-nodes=968
[22:54:03.670] [36924] [I] SCOPY T1 frame=3560 bone-row1=(-0.017,0.817,0.576) orientation-delta-deg=24.3 witness-moved=9.44 moved-range=[0.00,9.44] slot=28 buffer-pre=sampled pre-rel=captured probe-effective=true
[22:54:03.670] [36924] [I] SCOPY T2 frame=3560 pass-geometry='Dress' numMatrices=71 frameID=3830 buffer-submit=sampled changed-since-T1=false submit-rel=captured
[22:54:03.670] [36924] [I] SCOPY T3 frame=3560 drawn=45 buffer-after-draw=sampled changed-since-T2=true final-rel=captured node-row1=(-0.017,0.817,0.576)
[22:54:03.670] [36924] [I] SCOPY T1c frame=3560 buffer=current slot=28 closest=bone-captured(2.17) next=captured-x-bind(2.26) | buffer=previous slot=28 closest=bone-captured(2.18) next=captured-x-bind(2.25)
[22:54:03.670] [36924] [I] SCOPY T3c frame=3560 buffer=current slot=28 closest=bone-captured(2.17) next=captured-x-bind(2.27) | buffer=previous slot=28 closest=bone-captured(2.17) next=captured-x-bind(2.26)
[22:54:03.812] [36924] [I] SCOPY T0 frame=3568 capture=2 bone='NPC Spine [Spn0]' skin='Dress' root='skeleton_female.nif' bone-origin=(1.6,-487.1,4.5) bone-row1=(0.019,0.982,0.190) witness='RightWing5' witness-radius=22.41 subtree-nodes=968
[22:54:03.812] [36924] [I] SCOPY T1 frame=3568 bone-row1=(-0.022,0.780,0.625) orientation-delta-deg=27.8 witness-moved=10.77 moved-range=[0.00,10.77] slot=28 buffer-pre=sampled pre-rel=captured probe-effective=true
[22:54:03.812] [36924] [I] SCOPY T2 frame=3568 pass-geometry='Dress' numMatrices=71 frameID=3838 buffer-submit=sampled changed-since-T1=false submit-rel=captured
[22:54:03.812] [36924] [I] SCOPY T3 frame=3568 drawn=45 buffer-after-draw=sampled changed-since-T2=true final-rel=captured node-row1=(-0.022,0.780,0.625)
[22:54:03.812] [36924] [I] SCOPY T1c frame=3568 buffer=current slot=28 closest=bone-captured(2.23) next=captured-x-bind(2.32) | buffer=previous slot=28 closest=bone-captured(2.22) next=captured-x-bind(2.32)
[22:54:03.812] [36924] [I] SCOPY T3c frame=3568 buffer=current slot=28 closest=bone-captured(2.23) next=captured-x-bind(2.33) | buffer=previous slot=28 closest=bone-captured(2.23) next=captured-x-bind(2.32)
[22:54:03.955] [36924] [I] SCOPY T0 frame=3576 capture=2 bone='NPC Spine [Spn0]' skin='Dress' root='skeleton_female.nif' bone-origin=(1.6,-487.1,4.5) bone-row1=(0.019,0.982,0.190) witness='RightWing5' witness-radius=22.41 subtree-nodes=968
[22:54:03.955] [36924] [I] SCOPY T1 frame=3576 bone-row1=(-0.026,0.749,0.662) orientation-delta-deg=30.6 witness-moved=11.84 moved-range=[0.00,11.84] slot=28 buffer-pre=sampled pre-rel=captured probe-effective=true
[22:54:03.955] [36924] [I] SCOPY T2 frame=3576 pass-geometry='Dress' numMatrices=71 frameID=3846 buffer-submit=sampled changed-since-T1=false submit-rel=captured
[22:54:03.955] [36924] [I] SCOPY T3 frame=3576 drawn=45 buffer-after-draw=sampled changed-since-T2=true final-rel=captured node-row1=(-0.026,0.749,0.662)
[22:54:03.955] [36924] [I] SCOPY T1c frame=3576 buffer=current slot=28 closest=bone-captured(2.28) next=captured-x-bind(2.38) | buffer=previous slot=28 closest=bone-captured(2.27) next=captured-x-bind(2.37)
[22:54:03.955] [36924] [I] SCOPY T3c frame=3576 buffer=current slot=28 closest=bone-captured(2.28) next=captured-x-bind(2.38) | buffer=previous slot=28 closest=bone-captured(2.28) next=captured-x-bind(2.38)
[22:54:04.097] [36924] [I] SCOPY T0 frame=3584 capture=2 bone='NPC Spine [Spn0]' skin='Dress' root='skeleton_female.nif' bone-origin=(1.6,-487.1,4.5) bone-row1=(0.019,0.982,0.190) witness='RightWing5' witness-radius=22.41 subtree-nodes=968
[22:54:04.098] [36924] [I] SCOPY T1 frame=3584 bone-row1=(-0.029,0.724,0.689) orientation-delta-deg=32.7 witness-moved=12.62 moved-range=[0.00,12.62] slot=28 buffer-pre=sampled pre-rel=captured probe-effective=true
[22:54:04.098] [36924] [I] SCOPY T2 frame=3584 pass-geometry='Dress' numMatrices=71 frameID=3854 buffer-submit=sampled changed-since-T1=false submit-rel=captured
[22:54:04.098] [36924] [I] SCOPY T3 frame=3584 drawn=45 buffer-after-draw=sampled changed-since-T2=true final-rel=captured node-row1=(-0.029,0.724,0.689)
[22:54:04.098] [36924] [I] SCOPY T1c frame=3584 buffer=current slot=28 closest=bone-captured(2.32) next=captured-x-bind(2.41) | buffer=previous slot=28 closest=bone-captured(2.31) next=captured-x-bind(2.41)
[22:54:04.098] [36924] [I] SCOPY T3c frame=3584 buffer=current slot=28 closest=bone-captured(2.32) next=captured-x-bind(2.42) | buffer=previous slot=28 closest=bone-captured(2.32) next=captured-x-bind(2.41)
[22:54:04.239] [36924] [I] SCOPY T0 frame=3592 capture=2 bone='NPC Spine [Spn0]' skin='Dress' root='skeleton_female.nif' bone-origin=(1.6,-487.1,4.5) bone-row1=(0.019,0.982,0.190) witness='RightWing5' witness-radius=22.41 subtree-nodes=968
[22:54:04.239] [36924] [I] SCOPY T1 frame=3592 bone-row1=(-0.030,0.709,0.705) orientation-delta-deg=34.0 witness-moved=13.09 moved-range=[0.00,13.09] slot=28 buffer-pre=sampled pre-rel=captured probe-effective=true
[22:54:04.239] [36924] [I] SCOPY T2 frame=3592 pass-geometry='Dress' numMatrices=71 frameID=3862 buffer-submit=sampled changed-since-T1=false submit-rel=captured
[22:54:04.239] [36924] [I] SCOPY T3 frame=3592 drawn=45 buffer-after-draw=sampled changed-since-T2=true final-rel=captured node-row1=(-0.030,0.709,0.705)
[22:54:04.239] [36924] [I] SCOPY T1c frame=3592 buffer=current slot=28 closest=bone-captured(2.34) next=captured-x-bind(2.44) | buffer=previous slot=28 closest=bone-captured(2.34) next=captured-x-bind(2.44)
[22:54:04.239] [36924] [I] SCOPY T3c frame=3592 buffer=current slot=28 closest=bone-captured(2.34) next=captured-x-bind(2.44) | buffer=previous slot=28 closest=bone-captured(2.34) next=captured-x-bind(2.44)
[22:54:04.382] [36924] [I] SCOPY T0 frame=3600 capture=2 bone='NPC Spine [Spn0]' skin='Dress' root='skeleton_female.nif' bone-origin=(1.6,-487.1,4.5) bone-row1=(0.019,0.982,0.190) witness='RightWing5' witness-radius=22.41 subtree-nodes=968
[22:54:04.382] [36924] [I] SCOPY T1 frame=3600 bone-row1=(-0.031,0.704,0.710) orientation-delta-deg=34.4 witness-moved=13.25 moved-range=[0.00,13.25] slot=28 buffer-pre=sampled pre-rel=captured probe-effective=true
[22:54:04.382] [36924] [I] SCOPY T2 frame=3600 pass-geometry='Dress' numMatrices=71 frameID=3870 buffer-submit=sampled changed-since-T1=false submit-rel=captured
[22:54:04.382] [36924] [I] SCOPY T3 frame=3600 drawn=45 buffer-after-draw=sampled changed-since-T2=true final-rel=captured node-row1=(-0.031,0.704,0.710)
[22:54:04.382] [36924] [I] SCOPY T1c frame=3600 buffer=current slot=28 closest=bone-captured(2.35) next=captured-x-bind(2.45) | buffer=previous slot=28 closest=bone-captured(2.35) next=captured-x-bind(2.45)
[22:54:04.382] [36924] [I] SCOPY T3c frame=3600 buffer=current slot=28 closest=bone-captured(2.35) next=captured-x-bind(2.45) | buffer=previous slot=28 closest=bone-captured(2.35) next=captured-x-bind(2.45)
[22:54:04.524] [36924] [I] SCOPY T0 frame=3608 capture=2 bone='NPC Spine [Spn0]' skin='Dress' root='skeleton_female.nif' bone-origin=(1.6,-487.1,4.5) bone-row1=(0.019,0.982,0.190) witness='RightWing5' witness-radius=22.41 subtree-nodes=968
[22:54:04.524] [36924] [I] SCOPY T1 frame=3608 bone-row1=(-0.030,0.709,0.705) orientation-delta-deg=34.0 witness-moved=13.09 moved-range=[0.00,13.25] slot=28 buffer-pre=sampled pre-rel=captured probe-effective=true
[22:54:04.524] [36924] [I] SCOPY T2 frame=3608 pass-geometry='Dress' numMatrices=71 frameID=3878 buffer-submit=sampled changed-since-T1=false submit-rel=captured
[22:54:04.524] [36924] [I] SCOPY T3 frame=3608 drawn=45 buffer-after-draw=sampled changed-since-T2=true final-rel=captured node-row1=(-0.030,0.709,0.705)
[22:54:04.524] [36924] [I] SCOPY T1c frame=3608 buffer=current slot=28 closest=bone-captured(2.34) next=captured-x-bind(2.44) | buffer=previous slot=28 closest=bone-captured(2.34) next=captured-x-bind(2.44)
[22:54:04.524] [36924] [I] SCOPY T3c frame=3608 buffer=current slot=28 closest=bone-captured(2.34) next=captured-x-bind(2.44) | buffer=previous slot=28 closest=bone-captured(2.34) next=captured-x-bind(2.44)
[22:54:04.667] [36924] [I] SCOPY T0 frame=3616 capture=2 bone='NPC Spine [Spn0]' skin='Dress' root='skeleton_female.nif' bone-origin=(1.6,-487.1,4.5) bone-row1=(0.019,0.982,0.190) witness='RightWing5' witness-radius=22.41 subtree-nodes=968
[22:54:04.667] [36924] [I] SCOPY T1 frame=3616 bone-row1=(-0.029,0.724,0.689) orientation-delta-deg=32.7 witness-moved=12.62 moved-range=[0.00,13.25] slot=28 buffer-pre=sampled pre-rel=captured probe-effective=true
[22:54:04.667] [36924] [I] SCOPY T2 frame=3616 pass-geometry='Dress' numMatrices=71 frameID=3886 buffer-submit=sampled changed-since-T1=false submit-rel=captured
[22:54:04.667] [36924] [I] SCOPY T3 frame=3616 drawn=45 buffer-after-draw=sampled changed-since-T2=true final-rel=captured node-row1=(-0.029,0.724,0.689)
[22:54:04.667] [36924] [I] SCOPY T1c frame=3616 buffer=current slot=28 closest=bone-captured(2.32) next=captured-x-bind(2.42) | buffer=previous slot=28 closest=bone-captured(2.33) next=captured-x-bind(2.42)
[22:54:04.667] [36924] [I] SCOPY T3c frame=3616 buffer=current slot=28 closest=bone-captured(2.32) next=captured-x-bind(2.42) | buffer=previous slot=28 closest=bone-captured(2.32) next=captured-x-bind(2.42)
[22:54:04.810] [36924] [I] SCOPY T0 frame=3624 capture=2 bone='NPC Spine [Spn0]' skin='Dress' root='skeleton_female.nif' bone-origin=(1.6,-487.1,4.5) bone-row1=(0.019,0.982,0.190) witness='RightWing5' witness-radius=22.41 subtree-nodes=968
[22:54:04.810] [36924] [I] SCOPY T1 frame=3624 bone-row1=(-0.026,0.749,0.662) orientation-delta-deg=30.6 witness-moved=11.84 moved-range=[0.00,13.25] slot=28 buffer-pre=sampled pre-rel=captured probe-effective=true
[22:54:04.810] [36924] [I] SCOPY T2 frame=3624 pass-geometry='Dress' numMatrices=71 frameID=3894 buffer-submit=sampled changed-since-T1=false submit-rel=captured
[22:54:04.810] [36924] [I] SCOPY T3 frame=3624 drawn=45 buffer-after-draw=sampled changed-since-T2=true final-rel=captured node-row1=(-0.026,0.749,0.662)
[22:54:04.810] [36924] [I] SCOPY T1c frame=3624 buffer=current slot=28 closest=bone-captured(2.29) next=captured-x-bind(2.39) | buffer=previous slot=28 closest=bone-captured(2.29) next=captured-x-bind(2.39)
[22:54:04.810] [36924] [I] SCOPY T3c frame=3624 buffer=current slot=28 closest=bone-captured(2.28) next=captured-x-bind(2.38) | buffer=previous slot=28 closest=bone-captured(2.29) next=captured-x-bind(2.39)
[22:54:04.953] [36924] [I] SCOPY T0 frame=3632 capture=2 bone='NPC Spine [Spn0]' skin='Dress' root='skeleton_female.nif' bone-origin=(1.6,-487.1,4.5) bone-row1=(0.019,0.982,0.190) witness='RightWing5' witness-radius=22.41 subtree-nodes=968
[22:54:04.953] [36924] [I] SCOPY T1 frame=3632 bone-row1=(-0.022,0.780,0.625) orientation-delta-deg=27.8 witness-moved=10.77 moved-range=[0.00,13.25] slot=28 buffer-pre=sampled pre-rel=captured probe-effective=true
[22:54:04.953] [36924] [I] SCOPY T2 frame=3632 pass-geometry='Dress' numMatrices=71 frameID=3902 buffer-submit=sampled changed-since-T1=false submit-rel=captured
[22:54:04.953] [36924] [I] SCOPY T3 frame=3632 drawn=45 buffer-after-draw=sampled changed-since-T2=true final-rel=captured node-row1=(-0.022,0.780,0.625)
[22:54:04.953] [36924] [I] SCOPY T1c frame=3632 buffer=current slot=28 closest=bone-captured(2.24) next=captured-x-bind(2.34) | buffer=previous slot=28 closest=bone-captured(2.25) next=captured-x-bind(2.34)
[22:54:04.953] [36924] [I] SCOPY T3c frame=3632 buffer=current slot=28 closest=bone-captured(2.23) next=captured-x-bind(2.33) | buffer=previous slot=28 closest=bone-captured(2.24) next=captured-x-bind(2.34)
[22:54:05.095] [36924] [I] SCOPY T0 frame=3640 capture=2 bone='NPC Spine [Spn0]' skin='Dress' root='skeleton_female.nif' bone-origin=(1.6,-487.1,4.5) bone-row1=(0.019,0.982,0.190) witness='RightWing5' witness-radius=22.41 subtree-nodes=968
[22:54:05.095] [36924] [I] SCOPY T1 frame=3640 bone-row1=(-0.017,0.817,0.576) orientation-delta-deg=24.3 witness-moved=9.44 moved-range=[0.00,13.25] slot=28 buffer-pre=sampled pre-rel=captured probe-effective=true
[22:54:05.095] [36924] [I] SCOPY T2 frame=3640 pass-geometry='Dress' numMatrices=71 frameID=3910 buffer-submit=sampled changed-since-T1=false submit-rel=captured
[22:54:05.095] [36924] [I] SCOPY T3 frame=3640 drawn=45 buffer-after-draw=sampled changed-since-T2=true final-rel=captured node-row1=(-0.017,0.817,0.576)
[22:54:05.095] [36924] [I] SCOPY T1c frame=3640 buffer=current slot=28 closest=bone-captured(2.18) next=captured-x-bind(2.28) | buffer=previous slot=28 closest=bone-captured(2.19) next=captured-x-bind(2.29)
[22:54:05.095] [36924] [I] SCOPY T3c frame=3640 buffer=current slot=28 closest=bone-captured(2.17) next=captured-x-bind(2.27) | buffer=previous slot=28 closest=bone-captured(2.18) next=captured-x-bind(2.28)
[22:54:05.237] [36924] [I] SCOPY T0 frame=3648 capture=2 bone='NPC Spine [Spn0]' skin='Dress' root='skeleton_female.nif' bone-origin=(1.6,-487.1,4.5) bone-row1=(0.019,0.982,0.190) witness='RightWing5' witness-radius=22.41 subtree-nodes=968
[22:54:05.237] [36924] [I] SCOPY T1 frame=3648 bone-row1=(-0.011,0.856,0.517) orientation-delta-deg=20.2 witness-moved=7.86 moved-range=[0.00,13.25] slot=28 buffer-pre=sampled pre-rel=captured probe-effective=true
[22:54:05.237] [36924] [I] SCOPY T2 frame=3648 pass-geometry='Dress' numMatrices=71 frameID=3918 buffer-submit=sampled changed-since-T1=false submit-rel=captured
[22:54:05.237] [36924] [I] SCOPY T3 frame=3648 drawn=45 buffer-after-draw=sampled changed-since-T2=true final-rel=captured node-row1=(-0.011,0.856,0.517)
[22:54:05.237] [36924] [I] SCOPY T1c frame=3648 buffer=current slot=28 closest=bone-captured(2.18) next=captured-x-bind(2.21) | buffer=previous slot=28 closest=bone-captured(2.18) next=captured-x-bind(2.22)
[22:54:05.237] [36924] [I] SCOPY T3c frame=3648 buffer=current slot=28 closest=bone-captured(2.19) next=captured-x-bind(2.20) | buffer=previous slot=28 closest=bone-captured(2.18) next=captured-x-bind(2.21)
[22:54:05.379] [36924] [I] SCOPY T0 frame=3656 capture=2 bone='NPC Spine [Spn0]' skin='Dress' root='skeleton_female.nif' bone-origin=(1.6,-487.1,4.5) bone-row1=(0.019,0.982,0.190) witness='RightWing5' witness-radius=22.41 subtree-nodes=968
[22:54:05.379] [36924] [I] SCOPY T1 frame=3656 bone-row1=(-0.004,0.895,0.447) orientation-delta-deg=15.6 witness-moved=6.09 moved-range=[0.00,13.25] slot=28 buffer-pre=sampled pre-rel=captured probe-effective=true
[22:54:05.379] [36924] [I] SCOPY T2 frame=3656 pass-geometry='Dress' numMatrices=71 frameID=3926 buffer-submit=sampled changed-since-T1=false submit-rel=captured
[22:54:05.379] [36924] [I] SCOPY T3 frame=3656 drawn=45 buffer-after-draw=sampled changed-since-T2=true final-rel=captured node-row1=(-0.004,0.895,0.447)
[22:54:05.379] [36924] [I] SCOPY T1c frame=3656 buffer=current slot=28 closest=captured-x-bind(2.13) next=bone-captured(2.21) | buffer=previous slot=28 closest=captured-x-bind(2.14) next=bone-captured(2.20)
[22:54:05.379] [36924] [I] SCOPY T3c frame=3656 buffer=current slot=28 closest=captured-x-bind(2.14) next=bone-captured(2.21) | buffer=previous slot=28 closest=captured-x-bind(2.13) next=bone-captured(2.21)
[22:54:05.524] [36924] [I] SCOPY T0 frame=3664 capture=2 bone='NPC Spine [Spn0]' skin='Dress' root='skeleton_female.nif' bone-origin=(1.6,-487.1,4.5) bone-row1=(0.019,0.982,0.190) witness='RightWing5' witness-radius=22.41 subtree-nodes=968
[22:54:05.524] [36924] [I] SCOPY T1 frame=3664 bone-row1=(0.003,0.930,0.368) orientation-delta-deg=10.6 witness-moved=4.15 moved-range=[0.00,13.25] slot=28 buffer-pre=sampled pre-rel=captured probe-effective=true
[22:54:05.524] [36924] [I] SCOPY T2 frame=3664 pass-geometry='Dress' numMatrices=71 frameID=3934 buffer-submit=sampled changed-since-T1=false submit-rel=captured
[22:54:05.524] [36924] [I] SCOPY T3 frame=3664 drawn=45 buffer-after-draw=sampled changed-since-T2=true final-rel=captured node-row1=(0.003,0.930,0.368)
[22:54:05.524] [36924] [I] SCOPY T1c frame=3664 buffer=current slot=28 closest=captured-x-bind(2.16) next=bind-T(2.21) | buffer=previous slot=28 closest=captured-x-bind(2.16) next=bind-T(2.22)
[22:54:05.524] [36924] [I] SCOPY T3c frame=3664 buffer=current slot=28 closest=captured-x-bind(2.17) next=bind-T(2.20) | buffer=previous slot=28 closest=captured-x-bind(2.16) next=bind-T(2.21)
[22:54:05.665] [36924] [I] SCOPY T0 frame=3672 capture=2 bone='NPC Spine [Spn0]' skin='Dress' root='skeleton_female.nif' bone-origin=(1.6,-487.1,4.5) bone-row1=(0.019,0.982,0.190) witness='RightWing5' witness-radius=22.41 subtree-nodes=968
[22:54:05.665] [36924] [I] SCOPY T1 frame=3672 bone-row1=(0.011,0.960,0.281) orientation-delta-deg=5.4 witness-moved=2.10 moved-range=[0.00,13.25] slot=28 buffer-pre=sampled pre-rel=captured probe-effective=true
[22:54:05.666] [36924] [I] SCOPY T2 frame=3672 pass-geometry='Dress' numMatrices=71 frameID=3942 buffer-submit=sampled changed-since-T1=false submit-rel=captured
[22:54:05.666] [36924] [I] SCOPY T3 frame=3672 drawn=45 buffer-after-draw=sampled changed-since-T2=true final-rel=captured node-row1=(0.011,0.960,0.281)
[22:54:05.666] [36924] [I] SCOPY T1c frame=3672 buffer=current slot=28 closest=bind-T(2.13) next=captured-x-bind(2.20) | buffer=previous slot=28 closest=bind-T(2.14) next=captured-x-bind(2.20)
[22:54:05.666] [36924] [I] SCOPY T3c frame=3672 buffer=current slot=28 closest=bind-T(2.12) next=captured-x-bind(2.21) | buffer=previous slot=28 closest=bind-T(2.13) next=captured-x-bind(2.20)
[22:54:05.719] [36924] [I] Clone draw: passes=45 rd-null=45 lights=3 | geoms=49 skinned=49 roots=2 num-mat=908 bone-count=941 bound=908
[22:54:05.719] [36924] [I] SCOPY DRAW frame=361 passes=45 lights=true animation-driver=none physics-driver=none
[22:54:05.807] [36924] [I] SCOPY T0 frame=3680 capture=2 bone='NPC Spine [Spn0]' skin='Dress' root='skeleton_female.nif' bone-origin=(1.6,-487.1,4.5) bone-row1=(0.019,0.982,0.190) witness='RightWing5' witness-radius=22.41 subtree-nodes=968
[22:54:05.807] [36924] [I] SCOPY T1 frame=3680 bone-row1=(0.019,0.982,0.190) orientation-delta-deg=0.0 witness-moved=0.00 moved-range=[0.00,13.25] slot=28 buffer-pre=sampled pre-rel=neither probe-effective=true
[22:54:05.807] [36924] [I] SCOPY T2 frame=3680 pass-geometry='Dress' numMatrices=71 frameID=3950 buffer-submit=sampled changed-since-T1=false submit-rel=neither
[22:54:05.807] [36924] [I] SCOPY T3 frame=3680 drawn=45 buffer-after-draw=sampled changed-since-T2=true final-rel=neither node-row1=(0.019,0.982,0.190)
[22:54:05.807] [36924] [I] SCOPY T1c frame=3680 buffer=current slot=28 closest=bind-T(2.06) next=bind(2.23) | buffer=previous slot=28 closest=bind-T(2.07) next=bind(2.24)
[22:54:05.807] [36924] [I] SCOPY T3c frame=3680 buffer=current slot=28 closest=bind-T(2.05) next=bind(2.22) | buffer=previous slot=28 closest=bind-T(2.06) next=bind(2.23)
[22:54:05.948] [36924] [I] SCOPY T0 frame=3688 capture=2 bone='NPC Spine [Spn0]' skin='Dress' root='skeleton_female.nif' bone-origin=(1.6,-487.1,4.5) bone-row1=(0.019,0.982,0.190) witness='RightWing5' witness-radius=22.41 subtree-nodes=968
[22:54:05.948] [36924] [I] SCOPY T1 frame=3688 bone-row1=(0.027,0.995,0.098) orientation-delta-deg=5.4 witness-moved=2.10 moved-range=[0.00,13.25] slot=28 buffer-pre=sampled pre-rel=swung probe-effective=true
[22:54:05.948] [36924] [I] SCOPY T2 frame=3688 pass-geometry='Dress' numMatrices=71 frameID=3958 buffer-submit=sampled changed-since-T1=false submit-rel=swung
[22:54:05.948] [36924] [I] SCOPY T3 frame=3688 drawn=45 buffer-after-draw=sampled changed-since-T2=true final-rel=swung node-row1=(0.027,0.995,0.098)
[22:54:05.948] [36924] [I] SCOPY T1c frame=3688 buffer=current slot=28 closest=bind-T(2.07) next=world-x-bind(2.15) | buffer=previous slot=28 closest=bind-T(2.06) next=world-x-bind(2.14)
[22:54:05.948] [36924] [I] SCOPY T3c frame=3688 buffer=current slot=28 closest=bind-T(2.08) next=bind(2.15) | buffer=previous slot=28 closest=bind-T(2.07) next=world-x-bind(2.15)
[22:54:06.090] [36924] [I] SCOPY T0 frame=3696 capture=2 bone='NPC Spine [Spn0]' skin='Dress' root='skeleton_female.nif' bone-origin=(1.6,-487.1,4.5) bone-row1=(0.019,0.982,0.190) witness='RightWing5' witness-radius=22.41 subtree-nodes=968
[22:54:06.090] [36924] [I] SCOPY T1 frame=3696 bone-row1=(0.034,0.999,0.007) orientation-delta-deg=10.6 witness-moved=4.15 moved-range=[0.00,13.25] slot=28 buffer-pre=sampled pre-rel=swung probe-effective=true
[22:54:06.090] [36924] [I] SCOPY T2 frame=3696 pass-geometry='Dress' numMatrices=71 frameID=3966 buffer-submit=sampled changed-since-T1=false submit-rel=swung
[22:54:06.090] [36924] [I] SCOPY T3 frame=3696 drawn=45 buffer-after-draw=sampled changed-since-T2=true final-rel=swung node-row1=(0.034,0.999,0.007)
[22:54:06.090] [36924] [I] SCOPY T1c frame=3696 buffer=current slot=28 closest=bind(2.10) next=bone-world(2.12) | buffer=previous slot=28 closest=bind(2.10) next=bone-world(2.11)
[22:54:06.090] [36924] [I] SCOPY T3c frame=3696 buffer=current slot=28 closest=bind(2.09) next=bone-world(2.13) | buffer=previous slot=28 closest=bind(2.10) next=bone-world(2.12)
[22:54:06.232] [36924] [I] SCOPY T0 frame=3704 capture=2 bone='NPC Spine [Spn0]' skin='Dress' root='skeleton_female.nif' bone-origin=(1.6,-487.1,4.5) bone-row1=(0.019,0.982,0.190) witness='RightWing5' witness-radius=22.41 subtree-nodes=968
[22:54:06.232] [36924] [I] SCOPY T1 frame=3704 bone-row1=(0.040,0.996,-0.080) orientation-delta-deg=15.6 witness-moved=6.09 moved-range=[0.00,13.25] slot=28 buffer-pre=sampled pre-rel=swung probe-effective=true
[22:54:06.232] [36924] [I] SCOPY T2 frame=3704 pass-geometry='Dress' numMatrices=71 frameID=3974 buffer-submit=sampled changed-since-T1=false submit-rel=swung
[22:54:06.232] [36924] [I] SCOPY T3 frame=3704 drawn=45 buffer-after-draw=sampled changed-since-T2=true final-rel=swung node-row1=(0.040,0.996,-0.080)
[22:54:06.232] [36924] [I] SCOPY T1c frame=3704 buffer=current slot=28 closest=bind(2.04) next=bone-prev-frame(2.15) | buffer=previous slot=28 closest=bind(2.05) next=bone-prev-frame(2.16)
[22:54:06.232] [36924] [I] SCOPY T3c frame=3704 buffer=current slot=28 closest=bind(2.04) next=bone-prev-frame(2.15) | buffer=previous slot=28 closest=bind(2.04) next=bone-prev-frame(2.15)
[22:54:06.372] [36924] [I] SCOPY T0 frame=3712 capture=2 bone='NPC Spine [Spn0]' skin='Dress' root='skeleton_female.nif' bone-origin=(1.6,-487.1,4.5) bone-row1=(0.019,0.982,0.190) witness='RightWing5' witness-radius=22.41 subtree-nodes=968
[22:54:06.372] [36924] [I] SCOPY T1 frame=3712 bone-row1=(0.046,0.986,-0.159) orientation-delta-deg=20.2 witness-moved=7.86 moved-range=[0.00,13.25] slot=28 buffer-pre=sampled pre-rel=swung probe-effective=true
[22:54:06.372] [36924] [I] SCOPY T2 frame=3712 pass-geometry='Dress' numMatrices=71 frameID=3982 buffer-submit=sampled changed-since-T1=false submit-rel=swung
[22:54:06.372] [36924] [I] SCOPY T3 frame=3712 drawn=45 buffer-after-draw=sampled changed-since-T2=true final-rel=swung node-row1=(0.046,0.986,-0.159)
[22:54:06.372] [36924] [I] SCOPY T1c frame=3712 buffer=current slot=28 closest=bind(2.09) next=bone-prev-frame(2.25) | buffer=previous slot=28 closest=bind(2.08) next=bone-prev-frame(2.26)
[22:54:06.372] [36924] [I] SCOPY T3c frame=3712 buffer=current slot=28 closest=bind(2.10) next=bone-prev-frame(2.25) | buffer=previous slot=28 closest=bind(2.09) next=bone-prev-frame(2.25)
[22:54:06.514] [36924] [I] SCOPY T0 frame=3720 capture=2 bone='NPC Spine [Spn0]' skin='Dress' root='skeleton_female.nif' bone-origin=(1.6,-487.1,4.5) bone-row1=(0.019,0.982,0.190) witness='RightWing5' witness-radius=22.41 subtree-nodes=968
[22:54:06.514] [36924] [I] SCOPY T1 frame=3720 bone-row1=(0.051,0.972,-0.229) orientation-delta-deg=24.3 witness-moved=9.44 moved-range=[0.00,13.25] slot=28 buffer-pre=sampled pre-rel=swung probe-effective=true
[22:54:06.514] [36924] [I] SCOPY T2 frame=3720 pass-geometry='Dress' numMatrices=71 frameID=3990 buffer-submit=sampled changed-since-T1=false submit-rel=swung
[22:54:06.514] [36924] [I] SCOPY T3 frame=3720 drawn=45 buffer-after-draw=sampled changed-since-T2=true final-rel=swung node-row1=(0.051,0.972,-0.229)
[22:54:06.514] [36924] [I] SCOPY T1c frame=3720 buffer=current slot=28 closest=bind(2.15) next=bind-T(2.33) | buffer=previous slot=28 closest=bind(2.15) next=bind-T(2.32)
[22:54:06.514] [36924] [I] SCOPY T3c frame=3720 buffer=current slot=28 closest=bind(2.16) next=bone-prev-frame(2.33) | buffer=previous slot=28 closest=bind(2.15) next=bind-T(2.33)
[22:54:06.654] [36924] [I] SCOPY T0 frame=3728 capture=2 bone='NPC Spine [Spn0]' skin='Dress' root='skeleton_female.nif' bone-origin=(1.6,-487.1,4.5) bone-row1=(0.019,0.982,0.190) witness='RightWing5' witness-radius=22.41 subtree-nodes=968
[22:54:06.654] [36924] [I] SCOPY T1 frame=3728 bone-row1=(0.055,0.956,-0.288) orientation-delta-deg=27.8 witness-moved=10.77 moved-range=[0.00,13.25] slot=28 buffer-pre=sampled pre-rel=swung probe-effective=true
[22:54:06.654] [36924] [I] SCOPY T2 frame=3728 pass-geometry='Dress' numMatrices=71 frameID=3998 buffer-submit=sampled changed-since-T1=false submit-rel=swung
[22:54:06.654] [36924] [I] SCOPY T3 frame=3728 drawn=45 buffer-after-draw=sampled changed-since-T2=true final-rel=swung node-row1=(0.055,0.956,-0.288)
[22:54:06.654] [36924] [I] SCOPY T1c frame=3728 buffer=current slot=28 closest=bind(2.21) next=bind-T(2.38) | buffer=previous slot=28 closest=bind(2.20) next=bind-T(2.38)
[22:54:06.654] [36924] [I] SCOPY T3c frame=3728 buffer=current slot=28 closest=bind(2.21) next=bone-prev-frame(2.39) | buffer=previous slot=28 closest=bind(2.21) next=bind-T(2.38)
[22:54:06.795] [36924] [I] SCOPY T0 frame=3736 capture=2 bone='NPC Spine [Spn0]' skin='Dress' root='skeleton_female.nif' bone-origin=(1.6,-487.1,4.5) bone-row1=(0.019,0.982,0.190) witness='RightWing5' witness-radius=22.41 subtree-nodes=968
[22:54:06.795] [36924] [I] SCOPY T1 frame=3736 bone-row1=(0.058,0.940,-0.335) orientation-delta-deg=30.6 witness-moved=11.84 moved-range=[0.00,13.25] slot=28 buffer-pre=sampled pre-rel=swung probe-effective=true
[22:54:06.795] [36924] [I] SCOPY T2 frame=3736 pass-geometry='Dress' numMatrices=71 frameID=4006 buffer-submit=sampled changed-since-T1=false submit-rel=swung
[22:54:06.795] [36924] [I] SCOPY T3 frame=3736 drawn=45 buffer-after-draw=sampled changed-since-T2=true final-rel=swung node-row1=(0.058,0.940,-0.335)
[22:54:06.795] [36924] [I] SCOPY T1c frame=3736 buffer=current slot=28 closest=bind(2.25) next=bone-captured-T(2.37) | buffer=previous slot=28 closest=bind(2.25) next=bone-captured-T(2.37)
[22:54:06.795] [36924] [I] SCOPY T3c frame=3736 buffer=current slot=28 closest=bind(2.26) next=bone-captured-T(2.37) | buffer=previous slot=28 closest=bind(2.25) next=bone-captured-T(2.37)
[22:54:06.938] [36924] [I] SCOPY T0 frame=3744 capture=2 bone='NPC Spine [Spn0]' skin='Dress' root='skeleton_female.nif' bone-origin=(1.6,-487.1,4.5) bone-row1=(0.019,0.982,0.190) witness='RightWing5' witness-radius=22.41 subtree-nodes=968
[22:54:06.938] [36924] [I] SCOPY T1 frame=3744 bone-row1=(0.060,0.928,-0.368) orientation-delta-deg=32.7 witness-moved=12.62 moved-range=[0.00,13.25] slot=28 buffer-pre=sampled pre-rel=swung probe-effective=true
[22:54:06.938] [36924] [I] SCOPY T2 frame=3744 pass-geometry='Dress' numMatrices=71 frameID=4014 buffer-submit=sampled changed-since-T1=false submit-rel=swung
[22:54:06.938] [36924] [I] SCOPY T3 frame=3744 drawn=45 buffer-after-draw=sampled changed-since-T2=true final-rel=swung node-row1=(0.060,0.928,-0.368)
[22:54:06.938] [36924] [I] SCOPY T1c frame=3744 buffer=current slot=28 closest=bind(2.29) next=bone-captured-T(2.36) | buffer=previous slot=28 closest=bind(2.29) next=bone-captured-T(2.36)
[22:54:06.938] [36924] [I] SCOPY T3c frame=3744 buffer=current slot=28 closest=bind(2.29) next=bone-captured-T(2.36) | buffer=previous slot=28 closest=bind(2.29) next=bone-captured-T(2.36)
[22:54:07.079] [36924] [I] SCOPY T0 frame=3752 capture=2 bone='NPC Spine [Spn0]' skin='Dress' root='skeleton_female.nif' bone-origin=(1.6,-487.1,4.5) bone-row1=(0.019,0.982,0.190) witness='RightWing5' witness-radius=22.41 subtree-nodes=968
[22:54:07.079] [36924] [I] SCOPY T1 frame=3752 bone-row1=(0.062,0.919,-0.389) orientation-delta-deg=34.0 witness-moved=13.09 moved-range=[0.00,13.25] slot=28 buffer-pre=sampled pre-rel=swung probe-effective=true
[22:54:07.079] [36924] [I] SCOPY T2 frame=3752 pass-geometry='Dress' numMatrices=71 frameID=4022 buffer-submit=sampled changed-since-T1=false submit-rel=swung
[22:54:07.079] [36924] [I] SCOPY T3 frame=3752 drawn=45 buffer-after-draw=sampled changed-since-T2=true final-rel=swung node-row1=(0.062,0.919,-0.389)
[22:54:07.079] [36924] [I] SCOPY T1c frame=3752 buffer=current slot=28 closest=bind(2.31) next=bone-captured-T(2.35) | buffer=previous slot=28 closest=bind(2.31) next=bone-captured-T(2.35)
[22:54:07.079] [36924] [I] SCOPY T3c frame=3752 buffer=current slot=28 closest=bind(2.31) next=bone-captured-T(2.35) | buffer=previous slot=28 closest=bind(2.31) next=bone-captured-T(2.35)
[22:54:07.219] [36924] [I] SCOPY T0 frame=3760 capture=2 bone='NPC Spine [Spn0]' skin='Dress' root='skeleton_female.nif' bone-origin=(1.6,-487.1,4.5) bone-row1=(0.019,0.982,0.190) witness='RightWing5' witness-radius=22.41 subtree-nodes=968
[22:54:07.219] [36924] [I] SCOPY T1 frame=3760 bone-row1=(0.062,0.916,-0.395) orientation-delta-deg=34.4 witness-moved=13.25 moved-range=[0.00,13.25] slot=28 buffer-pre=sampled pre-rel=swung probe-effective=true
[22:54:07.219] [36924] [I] SCOPY T2 frame=3760 pass-geometry='Dress' numMatrices=71 frameID=4030 buffer-submit=sampled changed-since-T1=false submit-rel=swung
[22:54:07.219] [36924] [I] SCOPY T3 frame=3760 drawn=45 buffer-after-draw=sampled changed-since-T2=true final-rel=swung node-row1=(0.062,0.916,-0.395)
[22:54:07.219] [36924] [I] SCOPY T1c frame=3760 buffer=current slot=28 closest=bind(2.32) next=bone-captured-T(2.35) | buffer=previous slot=28 closest=bind(2.32) next=bone-captured-T(2.35)
[22:54:07.219] [36924] [I] SCOPY T3c frame=3760 buffer=current slot=28 closest=bind(2.32) next=bone-captured-T(2.35) | buffer=previous slot=28 closest=bind(2.32) next=bone-captured-T(2.35)
[22:54:07.361] [36924] [I] SCOPY T0 frame=3768 capture=2 bone='NPC Spine [Spn0]' skin='Dress' root='skeleton_female.nif' bone-origin=(1.6,-487.1,4.5) bone-row1=(0.019,0.982,0.190) witness='RightWing5' witness-radius=22.41 subtree-nodes=968
[22:54:07.361] [36924] [I] SCOPY T1 frame=3768 bone-row1=(0.062,0.919,-0.389) orientation-delta-deg=34.0 witness-moved=13.09 moved-range=[0.00,13.25] slot=28 buffer-pre=sampled pre-rel=swung probe-effective=true
[22:54:07.361] [36924] [I] SCOPY T2 frame=3768 pass-geometry='Dress' numMatrices=71 frameID=4038 buffer-submit=sampled changed-since-T1=false submit-rel=swung
[22:54:07.361] [36924] [I] SCOPY T3 frame=3768 drawn=45 buffer-after-draw=sampled changed-since-T2=true final-rel=swung node-row1=(0.062,0.919,-0.389)
[22:54:07.361] [36924] [I] SCOPY T1c frame=3768 buffer=current slot=28 closest=bind(2.31) next=bone-captured-T(2.35) | buffer=previous slot=28 closest=bind(2.32) next=bone-captured-T(2.35)
[22:54:07.361] [36924] [I] SCOPY T3c frame=3768 buffer=current slot=28 closest=bind(2.31) next=bone-captured-T(2.35) | buffer=previous slot=28 closest=bind(2.31) next=bone-captured-T(2.35)
[22:54:07.501] [36924] [I] SCOPY T0 frame=3776 capture=2 bone='NPC Spine [Spn0]' skin='Dress' root='skeleton_female.nif' bone-origin=(1.6,-487.1,4.5) bone-row1=(0.019,0.982,0.190) witness='RightWing5' witness-radius=22.41 subtree-nodes=968
[22:54:07.501] [36924] [I] SCOPY T1 frame=3776 bone-row1=(0.060,0.928,-0.368) orientation-delta-deg=32.7 witness-moved=12.62 moved-range=[0.00,13.25] slot=28 buffer-pre=sampled pre-rel=swung probe-effective=true
[22:54:07.501] [36924] [I] SCOPY T2 frame=3776 pass-geometry='Dress' numMatrices=71 frameID=4046 buffer-submit=sampled changed-since-T1=false submit-rel=swung
[22:54:07.501] [36924] [I] SCOPY T3 frame=3776 drawn=45 buffer-after-draw=sampled changed-since-T2=true final-rel=swung node-row1=(0.060,0.928,-0.368)
[22:54:07.501] [36924] [I] SCOPY T1c frame=3776 buffer=current slot=28 closest=bind(2.30) next=bone-captured-T(2.35) | buffer=previous slot=28 closest=bind(2.30) next=bone-captured-T(2.35)
[22:54:07.501] [36924] [I] SCOPY T3c frame=3776 buffer=current slot=28 closest=bind(2.29) next=bone-captured-T(2.36) | buffer=previous slot=28 closest=bind(2.30) next=bone-captured-T(2.35)
[22:54:07.644] [36924] [I] SCOPY T0 frame=3784 capture=2 bone='NPC Spine [Spn0]' skin='Dress' root='skeleton_female.nif' bone-origin=(1.6,-487.1,4.5) bone-row1=(0.019,0.982,0.190) witness='RightWing5' witness-radius=22.41 subtree-nodes=968
[22:54:07.644] [36924] [I] SCOPY T1 frame=3784 bone-row1=(0.058,0.940,-0.335) orientation-delta-deg=30.6 witness-moved=11.84 moved-range=[0.00,13.25] slot=28 buffer-pre=sampled pre-rel=swung probe-effective=true
[22:54:07.644] [36924] [I] SCOPY T2 frame=3784 pass-geometry='Dress' numMatrices=71 frameID=4054 buffer-submit=sampled changed-since-T1=false submit-rel=swung
[22:54:07.644] [36924] [I] SCOPY T3 frame=3784 drawn=45 buffer-after-draw=sampled changed-since-T2=true final-rel=swung node-row1=(0.058,0.940,-0.335)
[22:54:07.644] [36924] [I] SCOPY T1c frame=3784 buffer=current slot=28 closest=bind(2.26) next=bone-captured-T(2.37) | buffer=previous slot=28 closest=bind(2.27) next=bone-captured-T(2.36)
[22:54:07.644] [36924] [I] SCOPY T3c frame=3784 buffer=current slot=28 closest=bind(2.26) next=bone-captured-T(2.37) | buffer=previous slot=28 closest=bind(2.26) next=bone-captured-T(2.37)
[22:54:07.784] [36924] [I] SCOPY T0 frame=3792 capture=2 bone='NPC Spine [Spn0]' skin='Dress' root='skeleton_female.nif' bone-origin=(1.6,-487.1,4.5) bone-row1=(0.019,0.982,0.190) witness='RightWing5' witness-radius=22.41 subtree-nodes=968
[22:54:07.784] [36924] [I] SCOPY T1 frame=3792 bone-row1=(0.055,0.956,-0.288) orientation-delta-deg=27.8 witness-moved=10.77 moved-range=[0.00,13.25] slot=28 buffer-pre=sampled pre-rel=swung probe-effective=true
[22:54:07.784] [36924] [I] SCOPY T2 frame=3792 pass-geometry='Dress' numMatrices=71 frameID=4062 buffer-submit=sampled changed-since-T1=false submit-rel=swung
[22:54:07.784] [36924] [I] SCOPY T3 frame=3792 drawn=45 buffer-after-draw=sampled changed-since-T2=true final-rel=swung node-row1=(0.055,0.956,-0.288)
[22:54:07.784] [36924] [I] SCOPY T1c frame=3792 buffer=current slot=28 closest=bind(2.22) next=bone-captured-T(2.39) | buffer=previous slot=28 closest=bind(2.23) next=bone-captured-T(2.38)
[22:54:07.784] [36924] [I] SCOPY T3c frame=3792 buffer=current slot=28 closest=bind(2.21) next=bone-captured-T(2.39) | buffer=previous slot=28 closest=bind(2.22) next=bone-captured-T(2.39)
[22:54:07.837] [36924] [I] Clone draw: passes=45 rd-null=45 lights=3 | geoms=49 skinned=49 roots=2 num-mat=908 bone-count=941 bound=908
[22:54:07.837] [36924] [I] SCOPY DRAW frame=481 passes=45 lights=true animation-driver=none physics-driver=none
[22:54:07.926] [36924] [I] SCOPY T0 frame=3800 capture=2 bone='NPC Spine [Spn0]' skin='Dress' root='skeleton_female.nif' bone-origin=(1.6,-487.1,4.5) bone-row1=(0.019,0.982,0.190) witness='RightWing5' witness-radius=22.41 subtree-nodes=968
[22:54:07.926] [36924] [I] SCOPY T1 frame=3800 bone-row1=(0.051,0.972,-0.229) orientation-delta-deg=24.3 witness-moved=9.44 moved-range=[0.00,13.25] slot=28 buffer-pre=sampled pre-rel=swung probe-effective=true
[22:54:07.926] [36924] [I] SCOPY T2 frame=3800 pass-geometry='Dress' numMatrices=71 frameID=4070 buffer-submit=sampled changed-since-T1=false submit-rel=swung
[22:54:07.926] [36924] [I] SCOPY T3 frame=3800 drawn=45 buffer-after-draw=sampled changed-since-T2=true final-rel=swung node-row1=(0.051,0.972,-0.229)
[22:54:07.926] [36924] [I] SCOPY T1c frame=3800 buffer=current slot=28 closest=bind(2.17) next=bone-world(2.33) | buffer=previous slot=28 closest=bind(2.18) next=bone-world(2.33)
[22:54:07.926] [36924] [I] SCOPY T3c frame=3800 buffer=current slot=28 closest=bind(2.16) next=bind-T(2.34) | buffer=previous slot=28 closest=bind(2.17) next=bone-world(2.33)
[22:54:08.066] [36924] [I] SCOPY T0 frame=3808 capture=2 bone='NPC Spine [Spn0]' skin='Dress' root='skeleton_female.nif' bone-origin=(1.6,-487.1,4.5) bone-row1=(0.019,0.982,0.190) witness='RightWing5' witness-radius=22.41 subtree-nodes=968
[22:54:08.066] [36924] [I] SCOPY T1 frame=3808 bone-row1=(0.046,0.986,-0.159) orientation-delta-deg=20.2 witness-moved=7.86 moved-range=[0.00,13.25] slot=28 buffer-pre=sampled pre-rel=swung probe-effective=true
[22:54:08.066] [36924] [I] SCOPY T2 frame=3808 pass-geometry='Dress' numMatrices=71 frameID=4078 buffer-submit=sampled changed-since-T1=false submit-rel=swung
[22:54:08.066] [36924] [I] SCOPY T3 frame=3808 drawn=45 buffer-after-draw=sampled changed-since-T2=true final-rel=swung node-row1=(0.046,0.986,-0.159)
[22:54:08.066] [36924] [I] SCOPY T1c frame=3808 buffer=current slot=28 closest=bind(2.11) next=bone-world(2.26) | buffer=previous slot=28 closest=bind(2.12) next=bone-world(2.25)
[22:54:08.066] [36924] [I] SCOPY T3c frame=3808 buffer=current slot=28 closest=bind(2.10) next=bone-world(2.26) | buffer=previous slot=28 closest=bind(2.11) next=bone-world(2.26)
[22:54:08.206] [36924] [I] SCOPY T0 frame=3816 capture=2 bone='NPC Spine [Spn0]' skin='Dress' root='skeleton_female.nif' bone-origin=(1.6,-487.1,4.5) bone-row1=(0.019,0.982,0.190) witness='RightWing5' witness-radius=22.41 subtree-nodes=968
[22:54:08.206] [36924] [I] SCOPY T1 frame=3816 bone-row1=(0.040,0.996,-0.080) orientation-delta-deg=15.6 witness-moved=6.09 moved-range=[0.00,13.25] slot=28 buffer-pre=sampled pre-rel=swung probe-effective=true
[22:54:08.206] [36924] [I] SCOPY T2 frame=3816 pass-geometry='Dress' numMatrices=71 frameID=4086 buffer-submit=sampled changed-since-T1=false submit-rel=swung
[22:54:08.206] [36924] [I] SCOPY T3 frame=3816 drawn=45 buffer-after-draw=sampled changed-since-T2=true final-rel=swung node-row1=(0.040,0.996,-0.080)
[22:54:08.206] [36924] [I] SCOPY T1c frame=3816 buffer=current slot=28 closest=bind(2.04) next=bone-world(2.16) | buffer=previous slot=28 closest=bind(2.05) next=bone-world(2.15)
[22:54:08.206] [36924] [I] SCOPY T3c frame=3816 buffer=current slot=28 closest=bind(2.04) next=bone-world(2.17) | buffer=previous slot=28 closest=bind(2.04) next=bone-world(2.16)
[22:54:08.349] [36924] [I] SCOPY T0 frame=3824 capture=2 bone='NPC Spine [Spn0]' skin='Dress' root='skeleton_female.nif' bone-origin=(1.6,-487.1,4.5) bone-row1=(0.019,0.982,0.190) witness='RightWing5' witness-radius=22.41 subtree-nodes=968
[22:54:08.349] [36924] [I] SCOPY T1 frame=3824 bone-row1=(0.034,0.999,0.007) orientation-delta-deg=10.6 witness-moved=4.15 moved-range=[0.00,13.25] slot=28 buffer-pre=sampled pre-rel=swung probe-effective=true
[22:54:08.349] [36924] [I] SCOPY T2 frame=3824 pass-geometry='Dress' numMatrices=71 frameID=4094 buffer-submit=sampled changed-since-T1=false submit-rel=swung
[22:54:08.349] [36924] [I] SCOPY T3 frame=3824 drawn=45 buffer-after-draw=sampled changed-since-T2=true final-rel=swung node-row1=(0.034,0.999,0.007)
[22:54:08.349] [36924] [I] SCOPY T1c frame=3824 buffer=current slot=28 closest=bind(2.08) next=bone-prev-frame(2.11) | buffer=previous slot=28 closest=bind(2.07) next=world-x-bind(2.12)
[22:54:08.349] [36924] [I] SCOPY T3c frame=3824 buffer=current slot=28 closest=bind(2.09) next=bone-prev-frame(2.11) | buffer=previous slot=28 closest=bind(2.08) next=bone-prev-frame(2.11)
[22:54:08.489] [36924] [I] SCOPY T0 frame=3832 capture=2 bone='NPC Spine [Spn0]' skin='Dress' root='skeleton_female.nif' bone-origin=(1.6,-487.1,4.5) bone-row1=(0.019,0.982,0.190) witness='RightWing5' witness-radius=22.41 subtree-nodes=968
[22:54:08.489] [36924] [I] SCOPY T1 frame=3832 bone-row1=(0.027,0.995,0.098) orientation-delta-deg=5.4 witness-moved=2.10 moved-range=[0.00,13.25] slot=28 buffer-pre=sampled pre-rel=swung probe-effective=true
[22:54:08.489] [36924] [I] SCOPY T2 frame=3832 pass-geometry='Dress' numMatrices=71 frameID=4102 buffer-submit=sampled changed-since-T1=false submit-rel=swung
[22:54:08.489] [36924] [I] SCOPY T3 frame=3832 drawn=45 buffer-after-draw=sampled changed-since-T2=true final-rel=swung node-row1=(0.027,0.995,0.098)
[22:54:08.489] [36924] [I] SCOPY T1c frame=3832 buffer=current slot=28 closest=bind-T(2.09) next=bind(2.14) | buffer=previous slot=28 closest=bind-T(2.09) next=bind(2.14)
[22:54:08.489] [36924] [I] SCOPY T3c frame=3832 buffer=current slot=28 closest=bind-T(2.08) next=bind(2.15) | buffer=previous slot=28 closest=bind-T(2.09) next=bind(2.14)
[22:54:08.632] [36924] [I] SCOPY T0 frame=3840 capture=2 bone='NPC Spine [Spn0]' skin='Dress' root='skeleton_female.nif' bone-origin=(1.6,-487.1,4.5) bone-row1=(0.019,0.982,0.190) witness='RightWing5' witness-radius=22.41 subtree-nodes=968
[22:54:08.632] [36924] [I] SCOPY T1 frame=3840 bone-row1=(0.019,0.982,0.190) orientation-delta-deg=0.0 witness-moved=0.00 moved-range=[0.00,13.25] slot=28 buffer-pre=sampled pre-rel=neither probe-effective=true
[22:54:08.632] [36924] [I] SCOPY T2 frame=3840 pass-geometry='Dress' numMatrices=71 frameID=4110 buffer-submit=sampled changed-since-T1=false submit-rel=neither
[22:54:08.632] [36924] [I] SCOPY T3 frame=3840 drawn=45 buffer-after-draw=sampled changed-since-T2=true final-rel=neither node-row1=(0.019,0.982,0.190)
[22:54:08.632] [36924] [I] SCOPY T1c frame=3840 buffer=current slot=28 closest=bind-T(2.04) next=bind(2.21) | buffer=previous slot=28 closest=bind-T(2.03) next=bind(2.20)
[22:54:08.632] [36924] [I] SCOPY T3c frame=3840 buffer=current slot=28 closest=bind-T(2.05) next=bind(2.22) | buffer=previous slot=28 closest=bind-T(2.04) next=bind(2.21)
[22:54:08.774] [36924] [I] SCOPY T0 frame=3848 capture=2 bone='NPC Spine [Spn0]' skin='Dress' root='skeleton_female.nif' bone-origin=(1.6,-487.1,4.5) bone-row1=(0.019,0.982,0.190) witness='RightWing5' witness-radius=22.41 subtree-nodes=968
[22:54:08.774] [36924] [I] SCOPY T1 frame=3848 bone-row1=(0.011,0.960,0.281) orientation-delta-deg=5.4 witness-moved=2.10 moved-range=[0.00,13.25] slot=28 buffer-pre=sampled pre-rel=captured probe-effective=true
[22:54:08.774] [36924] [I] SCOPY T2 frame=3848 pass-geometry='Dress' numMatrices=71 frameID=4118 buffer-submit=sampled changed-since-T1=false submit-rel=captured
[22:54:08.774] [36924] [I] SCOPY T3 frame=3848 drawn=45 buffer-after-draw=sampled changed-since-T2=true final-rel=captured node-row1=(0.011,0.960,0.281)
[22:54:08.774] [36924] [I] SCOPY T1c frame=3848 buffer=current slot=28 closest=bind-T(2.11) next=captured-x-bind(2.22) | buffer=previous slot=28 closest=bind-T(2.10) next=captured-x-bind(2.22)
[22:54:08.774] [36924] [I] SCOPY T3c frame=3848 buffer=current slot=28 closest=bind-T(2.12) next=captured-x-bind(2.21) | buffer=previous slot=28 closest=bind-T(2.11) next=captured-x-bind(2.22)
[22:54:08.916] [36924] [I] SCOPY T0 frame=3856 capture=2 bone='NPC Spine [Spn0]' skin='Dress' root='skeleton_female.nif' bone-origin=(1.6,-487.1,4.5) bone-row1=(0.019,0.982,0.190) witness='RightWing5' witness-radius=22.41 subtree-nodes=968
[22:54:08.916] [36924] [I] SCOPY T1 frame=3856 bone-row1=(0.003,0.930,0.368) orientation-delta-deg=10.6 witness-moved=4.15 moved-range=[0.00,13.25] slot=28 buffer-pre=sampled pre-rel=captured probe-effective=true
[22:54:08.916] [36924] [I] SCOPY T2 frame=3856 pass-geometry='Dress' numMatrices=71 frameID=4126 buffer-submit=sampled changed-since-T1=false submit-rel=captured
[22:54:08.916] [36924] [I] SCOPY T3 frame=3856 drawn=45 buffer-after-draw=sampled changed-since-T2=true final-rel=captured node-row1=(0.003,0.930,0.368)
[22:54:08.916] [36924] [I] SCOPY T1c frame=3856 buffer=current slot=28 closest=captured-x-bind(2.17) next=bind-T(2.19) | buffer=previous slot=28 closest=captured-x-bind(2.18) next=bind-T(2.18)
[22:54:08.916] [36924] [I] SCOPY T3c frame=3856 buffer=current slot=28 closest=captured-x-bind(2.17) next=bind-T(2.20) | buffer=previous slot=28 closest=captured-x-bind(2.17) next=bind-T(2.19)
[22:54:09.059] [36924] [I] SCOPY T0 frame=3864 capture=2 bone='NPC Spine [Spn0]' skin='Dress' root='skeleton_female.nif' bone-origin=(1.6,-487.1,4.5) bone-row1=(0.019,0.982,0.190) witness='RightWing5' witness-radius=22.41 subtree-nodes=968
[22:54:09.059] [36924] [I] SCOPY T1 frame=3864 bone-row1=(-0.004,0.895,0.447) orientation-delta-deg=15.6 witness-moved=6.09 moved-range=[0.00,13.25] slot=28 buffer-pre=sampled pre-rel=captured probe-effective=true
[22:54:09.059] [36924] [I] SCOPY T2 frame=3864 pass-geometry='Dress' numMatrices=71 frameID=4134 buffer-submit=sampled changed-since-T1=false submit-rel=captured
[22:54:09.059] [36924] [I] SCOPY T3 frame=3864 drawn=45 buffer-after-draw=sampled changed-since-T2=true final-rel=captured node-row1=(-0.004,0.895,0.447)
[22:54:09.059] [36924] [I] SCOPY T1c frame=3864 buffer=current slot=28 closest=captured-x-bind(2.14) next=bone-captured(2.21) | buffer=previous slot=28 closest=captured-x-bind(2.14) next=bone-captured(2.22)
[22:54:09.059] [36924] [I] SCOPY T3c frame=3864 buffer=current slot=28 closest=captured-x-bind(2.14) next=bone-captured(2.21) | buffer=previous slot=28 closest=captured-x-bind(2.14) next=bone-captured(2.21)
[22:54:09.201] [36924] [I] SCOPY T0 frame=3872 capture=2 bone='NPC Spine [Spn0]' skin='Dress' root='skeleton_female.nif' bone-origin=(1.6,-487.1,4.5) bone-row1=(0.019,0.982,0.190) witness='RightWing5' witness-radius=22.41 subtree-nodes=968
[22:54:09.201] [36924] [I] SCOPY T1 frame=3872 bone-row1=(-0.011,0.856,0.517) orientation-delta-deg=20.2 witness-moved=7.86 moved-range=[0.00,13.25] slot=28 buffer-pre=sampled pre-rel=captured probe-effective=true
[22:54:09.201] [36924] [I] SCOPY T2 frame=3872 pass-geometry='Dress' numMatrices=71 frameID=4142 buffer-submit=sampled changed-since-T1=false submit-rel=captured
[22:54:09.201] [36924] [I] SCOPY T3 frame=3872 drawn=45 buffer-after-draw=sampled changed-since-T2=true final-rel=captured node-row1=(-0.011,0.856,0.517)
[22:54:09.201] [36924] [I] SCOPY T1c frame=3872 buffer=current slot=28 closest=captured-x-bind(2.19) next=bone-captured(2.19) | buffer=previous slot=28 closest=captured-x-bind(2.18) next=bone-captured(2.19)
[22:54:09.201] [36924] [I] SCOPY T3c frame=3872 buffer=current slot=28 closest=bone-captured(2.19) next=captured-x-bind(2.20) | buffer=previous slot=28 closest=captured-x-bind(2.19) next=bone-captured(2.19)
[22:54:09.345] [36924] [I] SCOPY T0 frame=3880 capture=2 bone='NPC Spine [Spn0]' skin='Dress' root='skeleton_female.nif' bone-origin=(1.6,-487.1,4.5) bone-row1=(0.019,0.982,0.190) witness='RightWing5' witness-radius=22.41 subtree-nodes=968
[22:54:09.345] [36924] [I] SCOPY T1 frame=3880 bone-row1=(-0.017,0.817,0.576) orientation-delta-deg=24.3 witness-moved=9.44 moved-range=[0.00,13.25] slot=28 buffer-pre=sampled pre-rel=captured probe-effective=true
[22:54:09.345] [36924] [I] SCOPY T2 frame=3880 pass-geometry='Dress' numMatrices=71 frameID=4150 buffer-submit=sampled changed-since-T1=false submit-rel=captured
[22:54:09.345] [36924] [I] SCOPY T3 frame=3880 drawn=45 buffer-after-draw=sampled changed-since-T2=true final-rel=captured node-row1=(-0.017,0.817,0.576)
[22:54:09.345] [36924] [I] SCOPY T1c frame=3880 buffer=current slot=28 closest=bone-captured(2.17) next=captured-x-bind(2.26) | buffer=previous slot=28 closest=bone-captured(2.18) next=captured-x-bind(2.25)
[22:54:09.345] [36924] [I] SCOPY T3c frame=3880 buffer=current slot=28 closest=bone-captured(2.17) next=captured-x-bind(2.27) | buffer=previous slot=28 closest=bone-captured(2.17) next=captured-x-bind(2.26)
[22:54:09.487] [36924] [I] SCOPY T0 frame=3888 capture=2 bone='NPC Spine [Spn0]' skin='Dress' root='skeleton_female.nif' bone-origin=(1.6,-487.1,4.5) bone-row1=(0.019,0.982,0.190) witness='RightWing5' witness-radius=22.41 subtree-nodes=968
[22:54:09.487] [36924] [I] SCOPY T1 frame=3888 bone-row1=(-0.022,0.780,0.625) orientation-delta-deg=27.8 witness-moved=10.77 moved-range=[0.00,13.25] slot=28 buffer-pre=sampled pre-rel=captured probe-effective=true
[22:54:09.487] [36924] [I] SCOPY T2 frame=3888 pass-geometry='Dress' numMatrices=71 frameID=4158 buffer-submit=sampled changed-since-T1=false submit-rel=captured
[22:54:09.487] [36924] [I] SCOPY T3 frame=3888 drawn=45 buffer-after-draw=sampled changed-since-T2=true final-rel=captured node-row1=(-0.022,0.780,0.625)
[22:54:09.487] [36924] [I] SCOPY T1c frame=3888 buffer=current slot=28 closest=bone-captured(2.23) next=captured-x-bind(2.32) | buffer=previous slot=28 closest=bone-captured(2.22) next=captured-x-bind(2.32)
[22:54:09.487] [36924] [I] SCOPY T3c frame=3888 buffer=current slot=28 closest=bone-captured(2.23) next=captured-x-bind(2.33) | buffer=previous slot=28 closest=bone-captured(2.23) next=captured-x-bind(2.32)
[22:54:09.630] [36924] [I] SCOPY T0 frame=3896 capture=2 bone='NPC Spine [Spn0]' skin='Dress' root='skeleton_female.nif' bone-origin=(1.6,-487.1,4.5) bone-row1=(0.019,0.982,0.190) witness='RightWing5' witness-radius=22.41 subtree-nodes=968
[22:54:09.630] [36924] [I] SCOPY T1 frame=3896 bone-row1=(-0.026,0.749,0.662) orientation-delta-deg=30.6 witness-moved=11.84 moved-range=[0.00,13.25] slot=28 buffer-pre=sampled pre-rel=captured probe-effective=true
[22:54:09.630] [36924] [I] SCOPY T2 frame=3896 pass-geometry='Dress' numMatrices=71 frameID=4166 buffer-submit=sampled changed-since-T1=false submit-rel=captured
[22:54:09.630] [36924] [I] SCOPY T3 frame=3896 drawn=45 buffer-after-draw=sampled changed-since-T2=true final-rel=captured node-row1=(-0.026,0.749,0.662)
[22:54:09.630] [36924] [I] SCOPY T1c frame=3896 buffer=current slot=28 closest=bone-captured(2.28) next=captured-x-bind(2.38) | buffer=previous slot=28 closest=bone-captured(2.27) next=captured-x-bind(2.37)
[22:54:09.630] [36924] [I] SCOPY T3c frame=3896 buffer=current slot=28 closest=bone-captured(2.28) next=captured-x-bind(2.38) | buffer=previous slot=28 closest=bone-captured(2.28) next=captured-x-bind(2.38)
[22:54:09.772] [36924] [I] SCOPY T0 frame=3904 capture=2 bone='NPC Spine [Spn0]' skin='Dress' root='skeleton_female.nif' bone-origin=(1.6,-487.1,4.5) bone-row1=(0.019,0.982,0.190) witness='RightWing5' witness-radius=22.41 subtree-nodes=968
[22:54:09.772] [36924] [I] SCOPY T1 frame=3904 bone-row1=(-0.029,0.724,0.689) orientation-delta-deg=32.7 witness-moved=12.62 moved-range=[0.00,13.25] slot=28 buffer-pre=sampled pre-rel=captured probe-effective=true
[22:54:09.772] [36924] [I] SCOPY T2 frame=3904 pass-geometry='Dress' numMatrices=71 frameID=4174 buffer-submit=sampled changed-since-T1=false submit-rel=captured
[22:54:09.772] [36924] [I] SCOPY T3 frame=3904 drawn=45 buffer-after-draw=sampled changed-since-T2=true final-rel=captured node-row1=(-0.029,0.724,0.689)
[22:54:09.772] [36924] [I] SCOPY T1c frame=3904 buffer=current slot=28 closest=bone-captured(2.32) next=captured-x-bind(2.41) | buffer=previous slot=28 closest=bone-captured(2.31) next=captured-x-bind(2.41)
[22:54:09.772] [36924] [I] SCOPY T3c frame=3904 buffer=current slot=28 closest=bone-captured(2.32) next=captured-x-bind(2.42) | buffer=previous slot=28 closest=bone-captured(2.32) next=captured-x-bind(2.41)
[22:54:09.916] [36924] [I] SCOPY T0 frame=3912 capture=2 bone='NPC Spine [Spn0]' skin='Dress' root='skeleton_female.nif' bone-origin=(1.6,-487.1,4.5) bone-row1=(0.019,0.982,0.190) witness='RightWing5' witness-radius=22.41 subtree-nodes=968
[22:54:09.916] [36924] [I] SCOPY T1 frame=3912 bone-row1=(-0.030,0.709,0.705) orientation-delta-deg=34.0 witness-moved=13.09 moved-range=[0.00,13.25] slot=28 buffer-pre=sampled pre-rel=captured probe-effective=true
[22:54:09.916] [36924] [I] SCOPY T2 frame=3912 pass-geometry='Dress' numMatrices=71 frameID=4182 buffer-submit=sampled changed-since-T1=false submit-rel=captured
[22:54:09.916] [36924] [I] SCOPY T3 frame=3912 drawn=45 buffer-after-draw=sampled changed-since-T2=true final-rel=captured node-row1=(-0.030,0.709,0.705)
[22:54:09.916] [36924] [I] SCOPY T1c frame=3912 buffer=current slot=28 closest=bone-captured(2.34) next=captured-x-bind(2.44) | buffer=previous slot=28 closest=bone-captured(2.34) next=captured-x-bind(2.44)
[22:54:09.916] [36924] [I] SCOPY T3c frame=3912 buffer=current slot=28 closest=bone-captured(2.34) next=captured-x-bind(2.44) | buffer=previous slot=28 closest=bone-captured(2.34) next=captured-x-bind(2.44)
[22:54:09.969] [36924] [I] Clone draw: passes=45 rd-null=45 lights=3 | geoms=49 skinned=49 roots=2 num-mat=908 bone-count=941 bound=908
[22:54:09.969] [36924] [I] SCOPY DRAW frame=601 passes=45 lights=true animation-driver=none physics-driver=none
[22:54:10.058] [36924] [I] SCOPY T0 frame=3920 capture=2 bone='NPC Spine [Spn0]' skin='Dress' root='skeleton_female.nif' bone-origin=(1.6,-487.1,4.5) bone-row1=(0.019,0.982,0.190) witness='RightWing5' witness-radius=22.41 subtree-nodes=968
[22:54:10.058] [36924] [I] SCOPY T1 frame=3920 bone-row1=(-0.031,0.704,0.710) orientation-delta-deg=34.4 witness-moved=13.25 moved-range=[0.00,13.25] slot=28 buffer-pre=sampled pre-rel=captured probe-effective=true
[22:54:10.058] [36924] [I] SCOPY T2 frame=3920 pass-geometry='Dress' numMatrices=71 frameID=4190 buffer-submit=sampled changed-since-T1=false submit-rel=captured
[22:54:10.058] [36924] [I] SCOPY T3 frame=3920 drawn=45 buffer-after-draw=sampled changed-since-T2=true final-rel=captured node-row1=(-0.031,0.704,0.710)
[22:54:10.058] [36924] [I] SCOPY T1c frame=3920 buffer=current slot=28 closest=bone-captured(2.35) next=captured-x-bind(2.45) | buffer=previous slot=28 closest=bone-captured(2.35) next=captured-x-bind(2.45)
[22:54:10.058] [36924] [I] SCOPY T3c frame=3920 buffer=current slot=28 closest=bone-captured(2.35) next=captured-x-bind(2.45) | buffer=previous slot=28 closest=bone-captured(2.35) next=captured-x-bind(2.45)
[22:54:10.202] [36924] [I] SCOPY T0 frame=3928 capture=2 bone='NPC Spine [Spn0]' skin='Dress' root='skeleton_female.nif' bone-origin=(1.6,-487.1,4.5) bone-row1=(0.019,0.982,0.190) witness='RightWing5' witness-radius=22.41 subtree-nodes=968
[22:54:10.202] [36924] [I] SCOPY T1 frame=3928 bone-row1=(-0.030,0.709,0.705) orientation-delta-deg=34.0 witness-moved=13.09 moved-range=[0.00,13.25] slot=28 buffer-pre=sampled pre-rel=captured probe-effective=true
[22:54:10.202] [36924] [I] SCOPY T2 frame=3928 pass-geometry='Dress' numMatrices=71 frameID=4198 buffer-submit=sampled changed-since-T1=false submit-rel=captured
[22:54:10.202] [36924] [I] SCOPY T3 frame=3928 drawn=45 buffer-after-draw=sampled changed-since-T2=true final-rel=captured node-row1=(-0.030,0.709,0.705)
[22:54:10.202] [36924] [I] SCOPY T1c frame=3928 buffer=current slot=28 closest=bone-captured(2.34) next=captured-x-bind(2.44) | buffer=previous slot=28 closest=bone-captured(2.34) next=captured-x-bind(2.44)
[22:54:10.202] [36924] [I] SCOPY T3c frame=3928 buffer=current slot=28 closest=bone-captured(2.34) next=captured-x-bind(2.44) | buffer=previous slot=28 closest=bone-captured(2.34) next=captured-x-bind(2.44)
[22:54:10.344] [36924] [I] SCOPY T0 frame=3936 capture=2 bone='NPC Spine [Spn0]' skin='Dress' root='skeleton_female.nif' bone-origin=(1.6,-487.1,4.5) bone-row1=(0.019,0.982,0.190) witness='RightWing5' witness-radius=22.41 subtree-nodes=968
[22:54:10.344] [36924] [I] SCOPY T1 frame=3936 bone-row1=(-0.029,0.724,0.689) orientation-delta-deg=32.7 witness-moved=12.62 moved-range=[0.00,13.25] slot=28 buffer-pre=sampled pre-rel=captured probe-effective=true
[22:54:10.344] [36924] [I] SCOPY T2 frame=3936 pass-geometry='Dress' numMatrices=71 frameID=4206 buffer-submit=sampled changed-since-T1=false submit-rel=captured
[22:54:10.344] [36924] [I] SCOPY T3 frame=3936 drawn=45 buffer-after-draw=sampled changed-since-T2=true final-rel=captured node-row1=(-0.029,0.724,0.689)
[22:54:10.344] [36924] [I] SCOPY T1c frame=3936 buffer=current slot=28 closest=bone-captured(2.32) next=captured-x-bind(2.42) | buffer=previous slot=28 closest=bone-captured(2.33) next=captured-x-bind(2.42)
[22:54:10.344] [36924] [I] SCOPY T3c frame=3936 buffer=current slot=28 closest=bone-captured(2.32) next=captured-x-bind(2.42) | buffer=previous slot=28 closest=bone-captured(2.32) next=captured-x-bind(2.42)
[22:54:10.486] [36924] [I] SCOPY T0 frame=3944 capture=2 bone='NPC Spine [Spn0]' skin='Dress' root='skeleton_female.nif' bone-origin=(1.6,-487.1,4.5) bone-row1=(0.019,0.982,0.190) witness='RightWing5' witness-radius=22.41 subtree-nodes=968
[22:54:10.486] [36924] [I] SCOPY T1 frame=3944 bone-row1=(-0.026,0.749,0.662) orientation-delta-deg=30.6 witness-moved=11.84 moved-range=[0.00,13.25] slot=28 buffer-pre=sampled pre-rel=captured probe-effective=true
[22:54:10.486] [36924] [I] SCOPY T2 frame=3944 pass-geometry='Dress' numMatrices=71 frameID=4214 buffer-submit=sampled changed-since-T1=false submit-rel=captured
[22:54:10.486] [36924] [I] SCOPY T3 frame=3944 drawn=45 buffer-after-draw=sampled changed-since-T2=true final-rel=captured node-row1=(-0.026,0.749,0.662)
[22:54:10.486] [36924] [I] SCOPY T1c frame=3944 buffer=current slot=28 closest=bone-captured(2.29) next=captured-x-bind(2.39) | buffer=previous slot=28 closest=bone-captured(2.29) next=captured-x-bind(2.39)
[22:54:10.486] [36924] [I] SCOPY T3c frame=3944 buffer=current slot=28 closest=bone-captured(2.28) next=captured-x-bind(2.38) | buffer=previous slot=28 closest=bone-captured(2.29) next=captured-x-bind(2.39)
[22:54:10.629] [36924] [I] SCOPY T0 frame=3952 capture=2 bone='NPC Spine [Spn0]' skin='Dress' root='skeleton_female.nif' bone-origin=(1.6,-487.1,4.5) bone-row1=(0.019,0.982,0.190) witness='RightWing5' witness-radius=22.41 subtree-nodes=968
[22:54:10.629] [36924] [I] SCOPY T1 frame=3952 bone-row1=(-0.022,0.780,0.625) orientation-delta-deg=27.8 witness-moved=10.77 moved-range=[0.00,13.25] slot=28 buffer-pre=sampled pre-rel=captured probe-effective=true
[22:54:10.629] [36924] [I] SCOPY T2 frame=3952 pass-geometry='Dress' numMatrices=71 frameID=4222 buffer-submit=sampled changed-since-T1=false submit-rel=captured
[22:54:10.629] [36924] [I] SCOPY T3 frame=3952 drawn=45 buffer-after-draw=sampled changed-since-T2=true final-rel=captured node-row1=(-0.022,0.780,0.625)
[22:54:10.629] [36924] [I] SCOPY T1c frame=3952 buffer=current slot=28 closest=bone-captured(2.24) next=captured-x-bind(2.34) | buffer=previous slot=28 closest=bone-captured(2.25) next=captured-x-bind(2.34)
[22:54:10.629] [36924] [I] SCOPY T3c frame=3952 buffer=current slot=28 closest=bone-captured(2.23) next=captured-x-bind(2.33) | buffer=previous slot=28 closest=bone-captured(2.24) next=captured-x-bind(2.34)
[22:54:10.772] [36924] [I] SCOPY T0 frame=3960 capture=2 bone='NPC Spine [Spn0]' skin='Dress' root='skeleton_female.nif' bone-origin=(1.6,-487.1,4.5) bone-row1=(0.019,0.982,0.190) witness='RightWing5' witness-radius=22.41 subtree-nodes=968
[22:54:10.772] [36924] [I] SCOPY T1 frame=3960 bone-row1=(-0.017,0.817,0.576) orientation-delta-deg=24.3 witness-moved=9.44 moved-range=[0.00,13.25] slot=28 buffer-pre=sampled pre-rel=captured probe-effective=true
[22:54:10.772] [36924] [I] SCOPY T2 frame=3960 pass-geometry='Dress' numMatrices=71 frameID=4230 buffer-submit=sampled changed-since-T1=false submit-rel=captured
[22:54:10.772] [36924] [I] SCOPY T3 frame=3960 drawn=45 buffer-after-draw=sampled changed-since-T2=true final-rel=captured node-row1=(-0.017,0.817,0.576)
[22:54:10.772] [36924] [I] SCOPY T1c frame=3960 buffer=current slot=28 closest=bone-captured(2.18) next=captured-x-bind(2.28) | buffer=previous slot=28 closest=bone-captured(2.19) next=captured-x-bind(2.29)
[22:54:10.772] [36924] [I] SCOPY T3c frame=3960 buffer=current slot=28 closest=bone-captured(2.17) next=captured-x-bind(2.27) | buffer=previous slot=28 closest=bone-captured(2.18) next=captured-x-bind(2.28)
[22:54:10.914] [36924] [I] SCOPY T0 frame=3968 capture=2 bone='NPC Spine [Spn0]' skin='Dress' root='skeleton_female.nif' bone-origin=(1.6,-487.1,4.5) bone-row1=(0.019,0.982,0.190) witness='RightWing5' witness-radius=22.41 subtree-nodes=968
[22:54:10.914] [36924] [I] SCOPY T1 frame=3968 bone-row1=(-0.011,0.856,0.517) orientation-delta-deg=20.2 witness-moved=7.86 moved-range=[0.00,13.25] slot=28 buffer-pre=sampled pre-rel=captured probe-effective=true
[22:54:10.914] [36924] [I] SCOPY T2 frame=3968 pass-geometry='Dress' numMatrices=71 frameID=4238 buffer-submit=sampled changed-since-T1=false submit-rel=captured
[22:54:10.914] [36924] [I] SCOPY T3 frame=3968 drawn=45 buffer-after-draw=sampled changed-since-T2=true final-rel=captured node-row1=(-0.011,0.856,0.517)
[22:54:10.914] [36924] [I] SCOPY T1c frame=3968 buffer=current slot=28 closest=bone-captured(2.18) next=captured-x-bind(2.21) | buffer=previous slot=28 closest=bone-captured(2.18) next=captured-x-bind(2.22)
[22:54:10.914] [36924] [I] SCOPY T3c frame=3968 buffer=current slot=28 closest=bone-captured(2.19) next=captured-x-bind(2.20) | buffer=previous slot=28 closest=bone-captured(2.18) next=captured-x-bind(2.21)
[22:54:11.057] [36924] [I] SCOPY T0 frame=3976 capture=2 bone='NPC Spine [Spn0]' skin='Dress' root='skeleton_female.nif' bone-origin=(1.6,-487.1,4.5) bone-row1=(0.019,0.982,0.190) witness='RightWing5' witness-radius=22.41 subtree-nodes=968
[22:54:11.057] [36924] [I] SCOPY T1 frame=3976 bone-row1=(-0.004,0.895,0.447) orientation-delta-deg=15.6 witness-moved=6.09 moved-range=[0.00,13.25] slot=28 buffer-pre=sampled pre-rel=captured probe-effective=true
[22:54:11.057] [36924] [I] SCOPY T2 frame=3976 pass-geometry='Dress' numMatrices=71 frameID=4246 buffer-submit=sampled changed-since-T1=false submit-rel=captured
[22:54:11.057] [36924] [I] SCOPY T3 frame=3976 drawn=45 buffer-after-draw=sampled changed-since-T2=true final-rel=captured node-row1=(-0.004,0.895,0.447)
[22:54:11.058] [36924] [I] SCOPY T1c frame=3976 buffer=current slot=28 closest=captured-x-bind(2.13) next=bone-captured(2.21) | buffer=previous slot=28 closest=captured-x-bind(2.14) next=bone-captured(2.20)
[22:54:11.058] [36924] [I] SCOPY T3c frame=3976 buffer=current slot=28 closest=captured-x-bind(2.14) next=bone-captured(2.21) | buffer=previous slot=28 closest=captured-x-bind(2.13) next=bone-captured(2.21)
[22:54:11.200] [36924] [I] SCOPY T0 frame=3984 capture=2 bone='NPC Spine [Spn0]' skin='Dress' root='skeleton_female.nif' bone-origin=(1.6,-487.1,4.5) bone-row1=(0.019,0.982,0.190) witness='RightWing5' witness-radius=22.41 subtree-nodes=968
[22:54:11.200] [36924] [I] SCOPY T1 frame=3984 bone-row1=(0.003,0.930,0.368) orientation-delta-deg=10.6 witness-moved=4.15 moved-range=[0.00,13.25] slot=28 buffer-pre=sampled pre-rel=captured probe-effective=true
[22:54:11.200] [36924] [I] SCOPY T2 frame=3984 pass-geometry='Dress' numMatrices=71 frameID=4254 buffer-submit=sampled changed-since-T1=false submit-rel=captured
[22:54:11.200] [36924] [I] SCOPY T3 frame=3984 drawn=45 buffer-after-draw=sampled changed-since-T2=true final-rel=captured node-row1=(0.003,0.930,0.368)
[22:54:11.200] [36924] [I] SCOPY T1c frame=3984 buffer=current slot=28 closest=captured-x-bind(2.16) next=bind-T(2.21) | buffer=previous slot=28 closest=captured-x-bind(2.16) next=bind-T(2.22)
[22:54:11.200] [36924] [I] SCOPY T3c frame=3984 buffer=current slot=28 closest=captured-x-bind(2.17) next=bind-T(2.20) | buffer=previous slot=28 closest=captured-x-bind(2.16) next=bind-T(2.21)
[22:54:11.344] [36924] [I] SCOPY T0 frame=3992 capture=2 bone='NPC Spine [Spn0]' skin='Dress' root='skeleton_female.nif' bone-origin=(1.6,-487.1,4.5) bone-row1=(0.019,0.982,0.190) witness='RightWing5' witness-radius=22.41 subtree-nodes=968
[22:54:11.344] [36924] [I] SCOPY T1 frame=3992 bone-row1=(0.011,0.960,0.281) orientation-delta-deg=5.4 witness-moved=2.10 moved-range=[0.00,13.25] slot=28 buffer-pre=sampled pre-rel=captured probe-effective=true
[22:54:11.344] [36924] [I] SCOPY T2 frame=3992 pass-geometry='Dress' numMatrices=71 frameID=4262 buffer-submit=sampled changed-since-T1=false submit-rel=captured
[22:54:11.344] [36924] [I] SCOPY T3 frame=3992 drawn=45 buffer-after-draw=sampled changed-since-T2=true final-rel=captured node-row1=(0.011,0.960,0.281)
[22:54:11.344] [36924] [I] SCOPY T1c frame=3992 buffer=current slot=28 closest=bind-T(2.13) next=captured-x-bind(2.20) | buffer=previous slot=28 closest=bind-T(2.14) next=captured-x-bind(2.20)
[22:54:11.344] [36924] [I] SCOPY T3c frame=3992 buffer=current slot=28 closest=bind-T(2.12) next=captured-x-bind(2.21) | buffer=previous slot=28 closest=bind-T(2.13) next=captured-x-bind(2.20)
[22:54:11.486] [36924] [I] SCOPY T0 frame=4000 capture=2 bone='NPC Spine [Spn0]' skin='Dress' root='skeleton_female.nif' bone-origin=(1.6,-487.1,4.5) bone-row1=(0.019,0.982,0.190) witness='RightWing5' witness-radius=22.41 subtree-nodes=968
[22:54:11.486] [36924] [I] SCOPY T1 frame=4000 bone-row1=(0.019,0.982,0.190) orientation-delta-deg=0.0 witness-moved=0.00 moved-range=[0.00,13.25] slot=28 buffer-pre=sampled pre-rel=neither probe-effective=true
[22:54:11.486] [36924] [I] SCOPY T2 frame=4000 pass-geometry='Dress' numMatrices=71 frameID=4270 buffer-submit=sampled changed-since-T1=false submit-rel=neither
[22:54:11.486] [36924] [I] SCOPY T3 frame=4000 drawn=45 buffer-after-draw=sampled changed-since-T2=true final-rel=neither node-row1=(0.019,0.982,0.190)
[22:54:11.486] [36924] [I] SCOPY T1c frame=4000 buffer=current slot=28 closest=bind-T(2.06) next=bind(2.23) | buffer=previous slot=28 closest=bind-T(2.07) next=bind(2.24)
[22:54:11.486] [36924] [I] SCOPY T3c frame=4000 buffer=current slot=28 closest=bind-T(2.05) next=bind(2.22) | buffer=previous slot=28 closest=bind-T(2.06) next=bind(2.23)
[22:54:11.628] [36924] [I] SCOPY T0 frame=4008 capture=2 bone='NPC Spine [Spn0]' skin='Dress' root='skeleton_female.nif' bone-origin=(1.6,-487.1,4.5) bone-row1=(0.019,0.982,0.190) witness='RightWing5' witness-radius=22.41 subtree-nodes=968
[22:54:11.628] [36924] [I] SCOPY T1 frame=4008 bone-row1=(0.027,0.995,0.098) orientation-delta-deg=5.4 witness-moved=2.10 moved-range=[0.00,13.25] slot=28 buffer-pre=sampled pre-rel=swung probe-effective=true
[22:54:11.628] [36924] [I] SCOPY T2 frame=4008 pass-geometry='Dress' numMatrices=71 frameID=4278 buffer-submit=sampled changed-since-T1=false submit-rel=swung
[22:54:11.628] [36924] [I] SCOPY T3 frame=4008 drawn=45 buffer-after-draw=sampled changed-since-T2=true final-rel=swung node-row1=(0.027,0.995,0.098)
[22:54:11.628] [36924] [I] SCOPY T1c frame=4008 buffer=current slot=28 closest=bind-T(2.07) next=world-x-bind(2.15) | buffer=previous slot=28 closest=bind-T(2.06) next=world-x-bind(2.14)
[22:54:11.628] [36924] [I] SCOPY T3c frame=4008 buffer=current slot=28 closest=bind-T(2.08) next=bind(2.15) | buffer=previous slot=28 closest=bind-T(2.07) next=world-x-bind(2.15)
[22:54:11.770] [36924] [I] SCOPY T0 frame=4016 capture=2 bone='NPC Spine [Spn0]' skin='Dress' root='skeleton_female.nif' bone-origin=(1.6,-487.1,4.5) bone-row1=(0.019,0.982,0.190) witness='RightWing5' witness-radius=22.41 subtree-nodes=968
[22:54:11.770] [36924] [I] SCOPY T1 frame=4016 bone-row1=(0.034,0.999,0.007) orientation-delta-deg=10.6 witness-moved=4.15 moved-range=[0.00,13.25] slot=28 buffer-pre=sampled pre-rel=swung probe-effective=true
[22:54:11.770] [36924] [I] SCOPY T2 frame=4016 pass-geometry='Dress' numMatrices=71 frameID=4286 buffer-submit=sampled changed-since-T1=false submit-rel=swung
[22:54:11.770] [36924] [I] SCOPY T3 frame=4016 drawn=45 buffer-after-draw=sampled changed-since-T2=true final-rel=swung node-row1=(0.034,0.999,0.007)
[22:54:11.770] [36924] [I] SCOPY T1c frame=4016 buffer=current slot=28 closest=bind(2.10) next=bone-world(2.12) | buffer=previous slot=28 closest=bind(2.10) next=bone-world(2.11)
[22:54:11.770] [36924] [I] SCOPY T3c frame=4016 buffer=current slot=28 closest=bind(2.09) next=bone-world(2.13) | buffer=previous slot=28 closest=bind(2.10) next=bone-world(2.12)
[22:54:11.911] [36924] [I] SCOPY T0 frame=4024 capture=2 bone='NPC Spine [Spn0]' skin='Dress' root='skeleton_female.nif' bone-origin=(1.6,-487.1,4.5) bone-row1=(0.019,0.982,0.190) witness='RightWing5' witness-radius=22.41 subtree-nodes=968
[22:54:11.911] [36924] [I] SCOPY T1 frame=4024 bone-row1=(0.040,0.996,-0.080) orientation-delta-deg=15.6 witness-moved=6.09 moved-range=[0.00,13.25] slot=28 buffer-pre=sampled pre-rel=swung probe-effective=true
[22:54:11.911] [36924] [I] SCOPY T2 frame=4024 pass-geometry='Dress' numMatrices=71 frameID=4294 buffer-submit=sampled changed-since-T1=false submit-rel=swung
[22:54:11.911] [36924] [I] SCOPY T3 frame=4024 drawn=45 buffer-after-draw=sampled changed-since-T2=true final-rel=swung node-row1=(0.040,0.996,-0.080)
[22:54:11.911] [36924] [I] SCOPY T1c frame=4024 buffer=current slot=28 closest=bind(2.04) next=bone-prev-frame(2.15) | buffer=previous slot=28 closest=bind(2.05) next=bone-prev-frame(2.16)
[22:54:11.911] [36924] [I] SCOPY T3c frame=4024 buffer=current slot=28 closest=bind(2.04) next=bone-prev-frame(2.15) | buffer=previous slot=28 closest=bind(2.04) next=bone-prev-frame(2.15)
[22:54:12.054] [36924] [I] SCOPY T0 frame=4032 capture=2 bone='NPC Spine [Spn0]' skin='Dress' root='skeleton_female.nif' bone-origin=(1.6,-487.1,4.5) bone-row1=(0.019,0.982,0.190) witness='RightWing5' witness-radius=22.41 subtree-nodes=968
[22:54:12.054] [36924] [I] SCOPY T1 frame=4032 bone-row1=(0.046,0.986,-0.159) orientation-delta-deg=20.2 witness-moved=7.86 moved-range=[0.00,13.25] slot=28 buffer-pre=sampled pre-rel=swung probe-effective=true
[22:54:12.054] [36924] [I] SCOPY T2 frame=4032 pass-geometry='Dress' numMatrices=71 frameID=4302 buffer-submit=sampled changed-since-T1=false submit-rel=swung
[22:54:12.054] [36924] [I] SCOPY T3 frame=4032 drawn=45 buffer-after-draw=sampled changed-since-T2=true final-rel=swung node-row1=(0.046,0.986,-0.159)
[22:54:12.054] [36924] [I] SCOPY T1c frame=4032 buffer=current slot=28 closest=bind(2.09) next=bone-prev-frame(2.25) | buffer=previous slot=28 closest=bind(2.08) next=bone-prev-frame(2.26)
[22:54:12.054] [36924] [I] SCOPY T3c frame=4032 buffer=current slot=28 closest=bind(2.10) next=bone-prev-frame(2.25) | buffer=previous slot=28 closest=bind(2.09) next=bone-prev-frame(2.25)
[22:54:12.106] [36924] [I] Clone draw: passes=45 rd-null=45 lights=3 | geoms=49 skinned=49 roots=2 num-mat=908 bone-count=941 bound=908
[22:54:12.106] [36924] [I] SCOPY DRAW frame=721 passes=45 lights=true animation-driver=none physics-driver=none
[22:54:12.194] [36924] [I] SCOPY T0 frame=4040 capture=2 bone='NPC Spine [Spn0]' skin='Dress' root='skeleton_female.nif' bone-origin=(1.6,-487.1,4.5) bone-row1=(0.019,0.982,0.190) witness='RightWing5' witness-radius=22.41 subtree-nodes=968
[22:54:12.194] [36924] [I] SCOPY T1 frame=4040 bone-row1=(0.051,0.972,-0.229) orientation-delta-deg=24.3 witness-moved=9.44 moved-range=[0.00,13.25] slot=28 buffer-pre=sampled pre-rel=swung probe-effective=true
[22:54:12.194] [36924] [I] SCOPY T2 frame=4040 pass-geometry='Dress' numMatrices=71 frameID=4310 buffer-submit=sampled changed-since-T1=false submit-rel=swung
[22:54:12.194] [36924] [I] SCOPY T3 frame=4040 drawn=45 buffer-after-draw=sampled changed-since-T2=true final-rel=swung node-row1=(0.051,0.972,-0.229)
[22:54:12.194] [36924] [I] SCOPY T1c frame=4040 buffer=current slot=28 closest=bind(2.15) next=bind-T(2.33) | buffer=previous slot=28 closest=bind(2.15) next=bind-T(2.32)
[22:54:12.194] [36924] [I] SCOPY T3c frame=4040 buffer=current slot=28 closest=bind(2.16) next=bone-prev-frame(2.33) | buffer=previous slot=28 closest=bind(2.15) next=bind-T(2.33)
[22:54:12.336] [36924] [I] SCOPY T0 frame=4048 capture=2 bone='NPC Spine [Spn0]' skin='Dress' root='skeleton_female.nif' bone-origin=(1.6,-487.1,4.5) bone-row1=(0.019,0.982,0.190) witness='RightWing5' witness-radius=22.41 subtree-nodes=968
[22:54:12.336] [36924] [I] SCOPY T1 frame=4048 bone-row1=(0.055,0.956,-0.288) orientation-delta-deg=27.8 witness-moved=10.77 moved-range=[0.00,13.25] slot=28 buffer-pre=sampled pre-rel=swung probe-effective=true
[22:54:12.336] [36924] [I] SCOPY T2 frame=4048 pass-geometry='Dress' numMatrices=71 frameID=4318 buffer-submit=sampled changed-since-T1=false submit-rel=swung
[22:54:12.336] [36924] [I] SCOPY T3 frame=4048 drawn=45 buffer-after-draw=sampled changed-since-T2=true final-rel=swung node-row1=(0.055,0.956,-0.288)
[22:54:12.336] [36924] [I] SCOPY T1c frame=4048 buffer=current slot=28 closest=bind(2.21) next=bind-T(2.38) | buffer=previous slot=28 closest=bind(2.20) next=bind-T(2.38)
[22:54:12.336] [36924] [I] SCOPY T3c frame=4048 buffer=current slot=28 closest=bind(2.21) next=bone-prev-frame(2.39) | buffer=previous slot=28 closest=bind(2.21) next=bind-T(2.38)
[22:54:12.476] [36924] [I] SCOPY T0 frame=4056 capture=2 bone='NPC Spine [Spn0]' skin='Dress' root='skeleton_female.nif' bone-origin=(1.6,-487.1,4.5) bone-row1=(0.019,0.982,0.190) witness='RightWing5' witness-radius=22.41 subtree-nodes=968
[22:54:12.476] [36924] [I] SCOPY T1 frame=4056 bone-row1=(0.058,0.940,-0.335) orientation-delta-deg=30.6 witness-moved=11.84 moved-range=[0.00,13.25] slot=28 buffer-pre=sampled pre-rel=swung probe-effective=true
[22:54:12.476] [36924] [I] SCOPY T2 frame=4056 pass-geometry='Dress' numMatrices=71 frameID=4326 buffer-submit=sampled changed-since-T1=false submit-rel=swung
[22:54:12.476] [36924] [I] SCOPY T3 frame=4056 drawn=45 buffer-after-draw=sampled changed-since-T2=true final-rel=swung node-row1=(0.058,0.940,-0.335)
[22:54:12.476] [36924] [I] SCOPY T1c frame=4056 buffer=current slot=28 closest=bind(2.25) next=bone-captured-T(2.37) | buffer=previous slot=28 closest=bind(2.25) next=bone-captured-T(2.37)
[22:54:12.476] [36924] [I] SCOPY T3c frame=4056 buffer=current slot=28 closest=bind(2.26) next=bone-captured-T(2.37) | buffer=previous slot=28 closest=bind(2.25) next=bone-captured-T(2.37)
[22:54:12.618] [36924] [I] SCOPY T0 frame=4064 capture=2 bone='NPC Spine [Spn0]' skin='Dress' root='skeleton_female.nif' bone-origin=(1.6,-487.1,4.5) bone-row1=(0.019,0.982,0.190) witness='RightWing5' witness-radius=22.41 subtree-nodes=968
[22:54:12.618] [36924] [I] SCOPY T1 frame=4064 bone-row1=(0.060,0.928,-0.368) orientation-delta-deg=32.7 witness-moved=12.62 moved-range=[0.00,13.25] slot=28 buffer-pre=sampled pre-rel=swung probe-effective=true
[22:54:12.618] [36924] [I] SCOPY T2 frame=4064 pass-geometry='Dress' numMatrices=71 frameID=4334 buffer-submit=sampled changed-since-T1=false submit-rel=swung
[22:54:12.618] [36924] [I] SCOPY T3 frame=4064 drawn=45 buffer-after-draw=sampled changed-since-T2=true final-rel=swung node-row1=(0.060,0.928,-0.368)
[22:54:12.618] [36924] [I] SCOPY T1c frame=4064 buffer=current slot=28 closest=bind(2.29) next=bone-captured-T(2.36) | buffer=previous slot=28 closest=bind(2.29) next=bone-captured-T(2.36)
[22:54:12.618] [36924] [I] SCOPY T3c frame=4064 buffer=current slot=28 closest=bind(2.29) next=bone-captured-T(2.36) | buffer=previous slot=28 closest=bind(2.29) next=bone-captured-T(2.36)
[22:54:12.759] [36924] [I] SCOPY T0 frame=4072 capture=2 bone='NPC Spine [Spn0]' skin='Dress' root='skeleton_female.nif' bone-origin=(1.6,-487.1,4.5) bone-row1=(0.019,0.982,0.190) witness='RightWing5' witness-radius=22.41 subtree-nodes=968
[22:54:12.759] [36924] [I] SCOPY T1 frame=4072 bone-row1=(0.062,0.919,-0.389) orientation-delta-deg=34.0 witness-moved=13.09 moved-range=[0.00,13.25] slot=28 buffer-pre=sampled pre-rel=swung probe-effective=true
[22:54:12.759] [36924] [I] SCOPY T2 frame=4072 pass-geometry='Dress' numMatrices=71 frameID=4342 buffer-submit=sampled changed-since-T1=false submit-rel=swung
[22:54:12.759] [36924] [I] SCOPY T3 frame=4072 drawn=45 buffer-after-draw=sampled changed-since-T2=true final-rel=swung node-row1=(0.062,0.919,-0.389)
[22:54:12.759] [36924] [I] SCOPY T1c frame=4072 buffer=current slot=28 closest=bind(2.31) next=bone-captured-T(2.35) | buffer=previous slot=28 closest=bind(2.31) next=bone-captured-T(2.35)
[22:54:12.759] [36924] [I] SCOPY T3c frame=4072 buffer=current slot=28 closest=bind(2.31) next=bone-captured-T(2.35) | buffer=previous slot=28 closest=bind(2.31) next=bone-captured-T(2.35)
[22:54:12.901] [36924] [I] SCOPY T0 frame=4080 capture=2 bone='NPC Spine [Spn0]' skin='Dress' root='skeleton_female.nif' bone-origin=(1.6,-487.1,4.5) bone-row1=(0.019,0.982,0.190) witness='RightWing5' witness-radius=22.41 subtree-nodes=968
[22:54:12.901] [36924] [I] SCOPY T1 frame=4080 bone-row1=(0.062,0.916,-0.395) orientation-delta-deg=34.4 witness-moved=13.25 moved-range=[0.00,13.25] slot=28 buffer-pre=sampled pre-rel=swung probe-effective=true
[22:54:12.901] [36924] [I] SCOPY T2 frame=4080 pass-geometry='Dress' numMatrices=71 frameID=4350 buffer-submit=sampled changed-since-T1=false submit-rel=swung
[22:54:12.901] [36924] [I] SCOPY T3 frame=4080 drawn=45 buffer-after-draw=sampled changed-since-T2=true final-rel=swung node-row1=(0.062,0.916,-0.395)
[22:54:12.901] [36924] [I] SCOPY T1c frame=4080 buffer=current slot=28 closest=bind(2.32) next=bone-captured-T(2.35) | buffer=previous slot=28 closest=bind(2.32) next=bone-captured-T(2.35)
[22:54:12.901] [36924] [I] SCOPY T3c frame=4080 buffer=current slot=28 closest=bind(2.32) next=bone-captured-T(2.35) | buffer=previous slot=28 closest=bind(2.32) next=bone-captured-T(2.35)
[22:54:13.042] [36924] [I] SCOPY T0 frame=4088 capture=2 bone='NPC Spine [Spn0]' skin='Dress' root='skeleton_female.nif' bone-origin=(1.6,-487.1,4.5) bone-row1=(0.019,0.982,0.190) witness='RightWing5' witness-radius=22.41 subtree-nodes=968
[22:54:13.042] [36924] [I] SCOPY T1 frame=4088 bone-row1=(0.062,0.919,-0.389) orientation-delta-deg=34.0 witness-moved=13.09 moved-range=[0.00,13.25] slot=28 buffer-pre=sampled pre-rel=swung probe-effective=true
[22:54:13.042] [36924] [I] SCOPY T2 frame=4088 pass-geometry='Dress' numMatrices=71 frameID=4358 buffer-submit=sampled changed-since-T1=false submit-rel=swung
[22:54:13.042] [36924] [I] SCOPY T3 frame=4088 drawn=45 buffer-after-draw=sampled changed-since-T2=true final-rel=swung node-row1=(0.062,0.919,-0.389)
[22:54:13.042] [36924] [I] SCOPY T1c frame=4088 buffer=current slot=28 closest=bind(2.31) next=bone-captured-T(2.35) | buffer=previous slot=28 closest=bind(2.32) next=bone-captured-T(2.35)
[22:54:13.042] [36924] [I] SCOPY T3c frame=4088 buffer=current slot=28 closest=bind(2.31) next=bone-captured-T(2.35) | buffer=previous slot=28 closest=bind(2.31) next=bone-captured-T(2.35)
[22:54:13.184] [36924] [I] SCOPY T0 frame=4096 capture=2 bone='NPC Spine [Spn0]' skin='Dress' root='skeleton_female.nif' bone-origin=(1.6,-487.1,4.5) bone-row1=(0.019,0.982,0.190) witness='RightWing5' witness-radius=22.41 subtree-nodes=968
[22:54:13.184] [36924] [I] SCOPY T1 frame=4096 bone-row1=(0.060,0.928,-0.368) orientation-delta-deg=32.7 witness-moved=12.62 moved-range=[0.00,13.25] slot=28 buffer-pre=sampled pre-rel=swung probe-effective=true
[22:54:13.184] [36924] [I] SCOPY T2 frame=4096 pass-geometry='Dress' numMatrices=71 frameID=4366 buffer-submit=sampled changed-since-T1=false submit-rel=swung
[22:54:13.184] [36924] [I] SCOPY T3 frame=4096 drawn=45 buffer-after-draw=sampled changed-since-T2=true final-rel=swung node-row1=(0.060,0.928,-0.368)
[22:54:13.184] [36924] [I] SCOPY T1c frame=4096 buffer=current slot=28 closest=bind(2.30) next=bone-captured-T(2.35) | buffer=previous slot=28 closest=bind(2.30) next=bone-captured-T(2.35)
[22:54:13.184] [36924] [I] SCOPY T3c frame=4096 buffer=current slot=28 closest=bind(2.29) next=bone-captured-T(2.36) | buffer=previous slot=28 closest=bind(2.30) next=bone-captured-T(2.35)
[22:54:13.324] [36924] [I] SCOPY T0 frame=4104 capture=2 bone='NPC Spine [Spn0]' skin='Dress' root='skeleton_female.nif' bone-origin=(1.6,-487.1,4.5) bone-row1=(0.019,0.982,0.190) witness='RightWing5' witness-radius=22.41 subtree-nodes=968
[22:54:13.324] [36924] [I] SCOPY T1 frame=4104 bone-row1=(0.058,0.940,-0.335) orientation-delta-deg=30.6 witness-moved=11.84 moved-range=[0.00,13.25] slot=28 buffer-pre=sampled pre-rel=swung probe-effective=true
[22:54:13.324] [36924] [I] SCOPY T2 frame=4104 pass-geometry='Dress' numMatrices=71 frameID=4374 buffer-submit=sampled changed-since-T1=false submit-rel=swung
[22:54:13.324] [36924] [I] SCOPY T3 frame=4104 drawn=45 buffer-after-draw=sampled changed-since-T2=true final-rel=swung node-row1=(0.058,0.940,-0.335)
[22:54:13.324] [36924] [I] SCOPY T1c frame=4104 buffer=current slot=28 closest=bind(2.26) next=bone-captured-T(2.37) | buffer=previous slot=28 closest=bind(2.27) next=bone-captured-T(2.36)
[22:54:13.324] [36924] [I] SCOPY T3c frame=4104 buffer=current slot=28 closest=bind(2.26) next=bone-captured-T(2.37) | buffer=previous slot=28 closest=bind(2.26) next=bone-captured-T(2.37)
[22:54:13.466] [36924] [I] SCOPY T0 frame=4112 capture=2 bone='NPC Spine [Spn0]' skin='Dress' root='skeleton_female.nif' bone-origin=(1.6,-487.1,4.5) bone-row1=(0.019,0.982,0.190) witness='RightWing5' witness-radius=22.41 subtree-nodes=968
[22:54:13.466] [36924] [I] SCOPY T1 frame=4112 bone-row1=(0.055,0.956,-0.288) orientation-delta-deg=27.8 witness-moved=10.77 moved-range=[0.00,13.25] slot=28 buffer-pre=sampled pre-rel=swung probe-effective=true
[22:54:13.466] [36924] [I] SCOPY T2 frame=4112 pass-geometry='Dress' numMatrices=71 frameID=4382 buffer-submit=sampled changed-since-T1=false submit-rel=swung
[22:54:13.466] [36924] [I] SCOPY T3 frame=4112 drawn=45 buffer-after-draw=sampled changed-since-T2=true final-rel=swung node-row1=(0.055,0.956,-0.288)
[22:54:13.466] [36924] [I] SCOPY T1c frame=4112 buffer=current slot=28 closest=bind(2.22) next=bone-captured-T(2.39) | buffer=previous slot=28 closest=bind(2.23) next=bone-captured-T(2.38)
[22:54:13.466] [36924] [I] SCOPY T3c frame=4112 buffer=current slot=28 closest=bind(2.21) next=bone-captured-T(2.39) | buffer=previous slot=28 closest=bind(2.22) next=bone-captured-T(2.39)
[22:54:13.607] [36924] [I] SCOPY T0 frame=4120 capture=2 bone='NPC Spine [Spn0]' skin='Dress' root='skeleton_female.nif' bone-origin=(1.6,-487.1,4.5) bone-row1=(0.019,0.982,0.190) witness='RightWing5' witness-radius=22.41 subtree-nodes=968
[22:54:13.607] [36924] [I] SCOPY T1 frame=4120 bone-row1=(0.051,0.972,-0.229) orientation-delta-deg=24.3 witness-moved=9.44 moved-range=[0.00,13.25] slot=28 buffer-pre=sampled pre-rel=swung probe-effective=true
[22:54:13.607] [36924] [I] SCOPY T2 frame=4120 pass-geometry='Dress' numMatrices=71 frameID=4390 buffer-submit=sampled changed-since-T1=false submit-rel=swung
[22:54:13.607] [36924] [I] SCOPY T3 frame=4120 drawn=45 buffer-after-draw=sampled changed-since-T2=true final-rel=swung node-row1=(0.051,0.972,-0.229)
[22:54:13.607] [36924] [I] SCOPY T1c frame=4120 buffer=current slot=28 closest=bind(2.17) next=bone-world(2.33) | buffer=previous slot=28 closest=bind(2.18) next=bone-world(2.33)
[22:54:13.607] [36924] [I] SCOPY T3c frame=4120 buffer=current slot=28 closest=bind(2.16) next=bind-T(2.34) | buffer=previous slot=28 closest=bind(2.17) next=bone-world(2.33)
[22:54:13.749] [36924] [I] SCOPY T0 frame=4128 capture=2 bone='NPC Spine [Spn0]' skin='Dress' root='skeleton_female.nif' bone-origin=(1.6,-487.1,4.5) bone-row1=(0.019,0.982,0.190) witness='RightWing5' witness-radius=22.41 subtree-nodes=968
[22:54:13.749] [36924] [I] SCOPY T1 frame=4128 bone-row1=(0.046,0.986,-0.159) orientation-delta-deg=20.2 witness-moved=7.86 moved-range=[0.00,13.25] slot=28 buffer-pre=sampled pre-rel=swung probe-effective=true
[22:54:13.749] [36924] [I] SCOPY T2 frame=4128 pass-geometry='Dress' numMatrices=71 frameID=4398 buffer-submit=sampled changed-since-T1=false submit-rel=swung
[22:54:13.749] [36924] [I] SCOPY T3 frame=4128 drawn=45 buffer-after-draw=sampled changed-since-T2=true final-rel=swung node-row1=(0.046,0.986,-0.159)
[22:54:13.749] [36924] [I] SCOPY T1c frame=4128 buffer=current slot=28 closest=bind(2.11) next=bone-world(2.26) | buffer=previous slot=28 closest=bind(2.12) next=bone-world(2.25)
[22:54:13.749] [36924] [I] SCOPY T3c frame=4128 buffer=current slot=28 closest=bind(2.10) next=bone-world(2.26) | buffer=previous slot=28 closest=bind(2.11) next=bone-world(2.26)
[22:54:13.891] [36924] [I] SCOPY T0 frame=4136 capture=2 bone='NPC Spine [Spn0]' skin='Dress' root='skeleton_female.nif' bone-origin=(1.6,-487.1,4.5) bone-row1=(0.019,0.982,0.190) witness='RightWing5' witness-radius=22.41 subtree-nodes=968
[22:54:13.891] [36924] [I] SCOPY T1 frame=4136 bone-row1=(0.040,0.996,-0.080) orientation-delta-deg=15.6 witness-moved=6.09 moved-range=[0.00,13.25] slot=28 buffer-pre=sampled pre-rel=swung probe-effective=true
[22:54:13.891] [36924] [I] SCOPY T2 frame=4136 pass-geometry='Dress' numMatrices=71 frameID=4406 buffer-submit=sampled changed-since-T1=false submit-rel=swung
[22:54:13.891] [36924] [I] SCOPY T3 frame=4136 drawn=45 buffer-after-draw=sampled changed-since-T2=true final-rel=swung node-row1=(0.040,0.996,-0.080)
[22:54:13.891] [36924] [I] SCOPY T1c frame=4136 buffer=current slot=28 closest=bind(2.04) next=bone-world(2.16) | buffer=previous slot=28 closest=bind(2.05) next=bone-world(2.15)
[22:54:13.891] [36924] [I] SCOPY T3c frame=4136 buffer=current slot=28 closest=bind(2.04) next=bone-world(2.17) | buffer=previous slot=28 closest=bind(2.04) next=bone-world(2.16)
[22:54:14.032] [36924] [I] SCOPY T0 frame=4144 capture=2 bone='NPC Spine [Spn0]' skin='Dress' root='skeleton_female.nif' bone-origin=(1.6,-487.1,4.5) bone-row1=(0.019,0.982,0.190) witness='RightWing5' witness-radius=22.41 subtree-nodes=968
[22:54:14.032] [36924] [I] SCOPY T1 frame=4144 bone-row1=(0.034,0.999,0.007) orientation-delta-deg=10.6 witness-moved=4.15 moved-range=[0.00,13.25] slot=28 buffer-pre=sampled pre-rel=swung probe-effective=true
[22:54:14.032] [36924] [I] SCOPY T2 frame=4144 pass-geometry='Dress' numMatrices=71 frameID=4414 buffer-submit=sampled changed-since-T1=false submit-rel=swung
[22:54:14.032] [36924] [I] SCOPY T3 frame=4144 drawn=45 buffer-after-draw=sampled changed-since-T2=true final-rel=swung node-row1=(0.034,0.999,0.007)
[22:54:14.032] [36924] [I] SCOPY T1c frame=4144 buffer=current slot=28 closest=bind(2.08) next=bone-prev-frame(2.11) | buffer=previous slot=28 closest=bind(2.07) next=world-x-bind(2.12)
[22:54:14.032] [36924] [I] SCOPY T3c frame=4144 buffer=current slot=28 closest=bind(2.09) next=bone-prev-frame(2.11) | buffer=previous slot=28 closest=bind(2.08) next=bone-prev-frame(2.11)
[22:54:14.176] [36924] [I] SCOPY T0 frame=4152 capture=2 bone='NPC Spine [Spn0]' skin='Dress' root='skeleton_female.nif' bone-origin=(1.6,-487.1,4.5) bone-row1=(0.019,0.982,0.190) witness='RightWing5' witness-radius=22.41 subtree-nodes=968
[22:54:14.176] [36924] [I] SCOPY T1 frame=4152 bone-row1=(0.027,0.995,0.098) orientation-delta-deg=5.4 witness-moved=2.10 moved-range=[0.00,13.25] slot=28 buffer-pre=sampled pre-rel=swung probe-effective=true
[22:54:14.176] [36924] [I] SCOPY T2 frame=4152 pass-geometry='Dress' numMatrices=71 frameID=4422 buffer-submit=sampled changed-since-T1=false submit-rel=swung
[22:54:14.176] [36924] [I] SCOPY T3 frame=4152 drawn=45 buffer-after-draw=sampled changed-since-T2=true final-rel=swung node-row1=(0.027,0.995,0.098)
[22:54:14.176] [36924] [I] SCOPY T1c frame=4152 buffer=current slot=28 closest=bind-T(2.09) next=bind(2.14) | buffer=previous slot=28 closest=bind-T(2.09) next=bind(2.14)
[22:54:14.176] [36924] [I] SCOPY T3c frame=4152 buffer=current slot=28 closest=bind-T(2.08) next=bind(2.15) | buffer=previous slot=28 closest=bind-T(2.09) next=bind(2.14)
[22:54:14.229] [36924] [I] Clone draw: passes=45 rd-null=45 lights=3 | geoms=49 skinned=49 roots=2 num-mat=908 bone-count=941 bound=908
[22:54:14.229] [36924] [I] SCOPY DRAW frame=841 passes=45 lights=true animation-driver=none physics-driver=none
[22:54:14.316] [36924] [I] SCOPY T0 frame=4160 capture=2 bone='NPC Spine [Spn0]' skin='Dress' root='skeleton_female.nif' bone-origin=(1.6,-487.1,4.5) bone-row1=(0.019,0.982,0.190) witness='RightWing5' witness-radius=22.41 subtree-nodes=968
[22:54:14.316] [36924] [I] SCOPY T1 frame=4160 bone-row1=(0.019,0.982,0.190) orientation-delta-deg=0.0 witness-moved=0.00 moved-range=[0.00,13.25] slot=28 buffer-pre=sampled pre-rel=neither probe-effective=true
[22:54:14.316] [36924] [I] SCOPY T2 frame=4160 pass-geometry='Dress' numMatrices=71 frameID=4430 buffer-submit=sampled changed-since-T1=false submit-rel=neither
[22:54:14.316] [36924] [I] SCOPY T3 frame=4160 drawn=45 buffer-after-draw=sampled changed-since-T2=true final-rel=neither node-row1=(0.019,0.982,0.190)
[22:54:14.316] [36924] [I] SCOPY T1c frame=4160 buffer=current slot=28 closest=bind-T(2.04) next=bind(2.21) | buffer=previous slot=28 closest=bind-T(2.03) next=bind(2.20)
[22:54:14.316] [36924] [I] SCOPY T3c frame=4160 buffer=current slot=28 closest=bind-T(2.05) next=bind(2.22) | buffer=previous slot=28 closest=bind-T(2.04) next=bind(2.21)
[22:54:14.459] [36924] [I] SCOPY T0 frame=4168 capture=2 bone='NPC Spine [Spn0]' skin='Dress' root='skeleton_female.nif' bone-origin=(1.6,-487.1,4.5) bone-row1=(0.019,0.982,0.190) witness='RightWing5' witness-radius=22.41 subtree-nodes=968
[22:54:14.459] [36924] [I] SCOPY T1 frame=4168 bone-row1=(0.011,0.960,0.281) orientation-delta-deg=5.4 witness-moved=2.10 moved-range=[0.00,13.25] slot=28 buffer-pre=sampled pre-rel=captured probe-effective=true
[22:54:14.459] [36924] [I] SCOPY T2 frame=4168 pass-geometry='Dress' numMatrices=71 frameID=4438 buffer-submit=sampled changed-since-T1=false submit-rel=captured
[22:54:14.459] [36924] [I] SCOPY T3 frame=4168 drawn=45 buffer-after-draw=sampled changed-since-T2=true final-rel=captured node-row1=(0.011,0.960,0.281)
[22:54:14.459] [36924] [I] SCOPY T1c frame=4168 buffer=current slot=28 closest=bind-T(2.11) next=captured-x-bind(2.22) | buffer=previous slot=28 closest=bind-T(2.10) next=captured-x-bind(2.22)
[22:54:14.459] [36924] [I] SCOPY T3c frame=4168 buffer=current slot=28 closest=bind-T(2.12) next=captured-x-bind(2.21) | buffer=previous slot=28 closest=bind-T(2.11) next=captured-x-bind(2.22)
[22:54:14.601] [36924] [I] SCOPY T0 frame=4176 capture=2 bone='NPC Spine [Spn0]' skin='Dress' root='skeleton_female.nif' bone-origin=(1.6,-487.1,4.5) bone-row1=(0.019,0.982,0.190) witness='RightWing5' witness-radius=22.41 subtree-nodes=968
[22:54:14.601] [36924] [I] SCOPY T1 frame=4176 bone-row1=(0.003,0.930,0.368) orientation-delta-deg=10.6 witness-moved=4.15 moved-range=[0.00,13.25] slot=28 buffer-pre=sampled pre-rel=captured probe-effective=true
[22:54:14.601] [36924] [I] SCOPY T2 frame=4176 pass-geometry='Dress' numMatrices=71 frameID=4446 buffer-submit=sampled changed-since-T1=false submit-rel=captured
[22:54:14.601] [36924] [I] SCOPY T3 frame=4176 drawn=45 buffer-after-draw=sampled changed-since-T2=true final-rel=captured node-row1=(0.003,0.930,0.368)
[22:54:14.601] [36924] [I] SCOPY T1c frame=4176 buffer=current slot=28 closest=captured-x-bind(2.17) next=bind-T(2.19) | buffer=previous slot=28 closest=captured-x-bind(2.18) next=bind-T(2.18)
[22:54:14.601] [36924] [I] SCOPY T3c frame=4176 buffer=current slot=28 closest=captured-x-bind(2.17) next=bind-T(2.20) | buffer=previous slot=28 closest=captured-x-bind(2.17) next=bind-T(2.19)
[22:54:14.743] [36924] [I] SCOPY T0 frame=4184 capture=2 bone='NPC Spine [Spn0]' skin='Dress' root='skeleton_female.nif' bone-origin=(1.6,-487.1,4.5) bone-row1=(0.019,0.982,0.190) witness='RightWing5' witness-radius=22.41 subtree-nodes=968
[22:54:14.743] [36924] [I] SCOPY T1 frame=4184 bone-row1=(-0.004,0.895,0.447) orientation-delta-deg=15.6 witness-moved=6.09 moved-range=[0.00,13.25] slot=28 buffer-pre=sampled pre-rel=captured probe-effective=true
[22:54:14.743] [36924] [I] SCOPY T2 frame=4184 pass-geometry='Dress' numMatrices=71 frameID=4454 buffer-submit=sampled changed-since-T1=false submit-rel=captured
[22:54:14.743] [36924] [I] SCOPY T3 frame=4184 drawn=45 buffer-after-draw=sampled changed-since-T2=true final-rel=captured node-row1=(-0.004,0.895,0.447)
[22:54:14.743] [36924] [I] SCOPY T1c frame=4184 buffer=current slot=28 closest=captured-x-bind(2.14) next=bone-captured(2.21) | buffer=previous slot=28 closest=captured-x-bind(2.14) next=bone-captured(2.22)
[22:54:14.743] [36924] [I] SCOPY T3c frame=4184 buffer=current slot=28 closest=captured-x-bind(2.14) next=bone-captured(2.21) | buffer=previous slot=28 closest=captured-x-bind(2.14) next=bone-captured(2.21)
[22:54:14.887] [36924] [I] SCOPY T0 frame=4192 capture=2 bone='NPC Spine [Spn0]' skin='Dress' root='skeleton_female.nif' bone-origin=(1.6,-487.1,4.5) bone-row1=(0.019,0.982,0.190) witness='RightWing5' witness-radius=22.41 subtree-nodes=968
[22:54:14.887] [36924] [I] SCOPY T1 frame=4192 bone-row1=(-0.011,0.856,0.517) orientation-delta-deg=20.2 witness-moved=7.86 moved-range=[0.00,13.25] slot=28 buffer-pre=sampled pre-rel=captured probe-effective=true
[22:54:14.887] [36924] [I] SCOPY T2 frame=4192 pass-geometry='Dress' numMatrices=71 frameID=4462 buffer-submit=sampled changed-since-T1=false submit-rel=captured
[22:54:14.887] [36924] [I] SCOPY T3 frame=4192 drawn=45 buffer-after-draw=sampled changed-since-T2=true final-rel=captured node-row1=(-0.011,0.856,0.517)
[22:54:14.887] [36924] [I] SCOPY T1c frame=4192 buffer=current slot=28 closest=captured-x-bind(2.19) next=bone-captured(2.19) | buffer=previous slot=28 closest=captured-x-bind(2.18) next=bone-captured(2.19)
[22:54:14.887] [36924] [I] SCOPY T3c frame=4192 buffer=current slot=28 closest=bone-captured(2.19) next=captured-x-bind(2.20) | buffer=previous slot=28 closest=captured-x-bind(2.19) next=bone-captured(2.19)
[22:54:15.030] [36924] [I] SCOPY T0 frame=4200 capture=2 bone='NPC Spine [Spn0]' skin='Dress' root='skeleton_female.nif' bone-origin=(1.6,-487.1,4.5) bone-row1=(0.019,0.982,0.190) witness='RightWing5' witness-radius=22.41 subtree-nodes=968
[22:54:15.030] [36924] [I] SCOPY T1 frame=4200 bone-row1=(-0.017,0.817,0.576) orientation-delta-deg=24.3 witness-moved=9.44 moved-range=[0.00,13.25] slot=28 buffer-pre=sampled pre-rel=captured probe-effective=true
[22:54:15.030] [36924] [I] SCOPY T2 frame=4200 pass-geometry='Dress' numMatrices=71 frameID=4470 buffer-submit=sampled changed-since-T1=false submit-rel=captured
[22:54:15.030] [36924] [I] SCOPY T3 frame=4200 drawn=45 buffer-after-draw=sampled changed-since-T2=true final-rel=captured node-row1=(-0.017,0.817,0.576)
[22:54:15.030] [36924] [I] SCOPY T1c frame=4200 buffer=current slot=28 closest=bone-captured(2.17) next=captured-x-bind(2.26) | buffer=previous slot=28 closest=bone-captured(2.18) next=captured-x-bind(2.25)
[22:54:15.030] [36924] [I] SCOPY T3c frame=4200 buffer=current slot=28 closest=bone-captured(2.17) next=captured-x-bind(2.27) | buffer=previous slot=28 closest=bone-captured(2.17) next=captured-x-bind(2.26)
[22:54:15.137] [36924] [I] SCOPY ANIM probe disabled; the copy keeps its captured pose
[22:54:16.225] [36924] [I] SCOPY PARK snapshots held alive for the process lifetime: 2
[22:54:16.225] [36924] [I] SCOPY RELEASE reason=F4 capture=2
