[22:26:36.230] [27512] [I] CharacterPanel v1-2-1-0
[22:26:36.230] [27512] [I] CharacterPanel loaded
[22:27:25.716] [12676] [I] All shaders compiled
[22:27:25.716] [12676] [I] Installed pre-UI renderer hook
[22:27:25.716] [12676] [I] Menu sink installed
[22:27:25.716] [12676] [I] SCOPY BUILD CharacterPanel-scopy-S2P2-a7073d58b8+dirty-cl94faaed0c6-20261009T141902Z runtime=1-6-1170-0 mode=manual-scene-copy legacy-actor-route=disabled animation=not-implemented cbpc=not-registered smp=not-registered hotkeys=F7-copy F8-draw F3-rotate F4-release F2-anim-probe
[22:27:25.762] [19368] [I] Studio host changed: 0x0 -> 0x25088516980 (paused=true)
[22:27:25.762] [19368] [I] Studio light node has been created
[22:27:25.762] [19368] [I] CP-LIGHT slot 0: registered, shell 0x25218587880 queued (ledger stays the authority)
[22:27:25.762] [19368] [I] CP-LIGHT slot 1: registered, shell 0x25218587740 queued (ledger stays the authority)
[22:27:25.762] [19368] [I] CP-LIGHT slot 2: registered, shell 0x25218587600 queued (ledger stays the authority)
[22:27:25.762] [19368] [I] Studio lights registered on the ledger (scene=0x246e3906e80 -- ledger fetch will populate the slots)
[22:27:25.762] [19368] [I] CP-LIGHT slot 0: ledger shell fetched 0x25218587880 (after 0 miss frames)
[22:27:25.762] [19368] [I] CP-LIGHT slot 1: ledger shell fetched 0x25218587740 (after 0 miss frames)
[22:27:25.762] [19368] [I] CP-LIGHT slot 2: ledger shell fetched 0x25218587600 (after 0 miss frames)
[22:27:47.018] [19368] [I] CP-LIGHT slot 0: ledger shell dropped
[22:27:47.018] [19368] [I] CP-LIGHT slot 1: ledger shell dropped
[22:27:47.018] [19368] [I] CP-LIGHT slot 2: ledger shell dropped
[22:27:47.019] [19368] [W] Studio lights not fully served by the ledger yet
[22:27:50.578] [19368] [I] CP-LIGHT slot 0: fallback re-registered after 1 miss frames (shell 0x25218587c40 filed to lightQueueAdd)
[22:27:50.578] [19368] [I] CP-LIGHT slot 1: fallback re-registered after 1 miss frames (shell 0x25218587240 filed to lightQueueAdd)
[22:27:50.578] [19368] [I] CP-LIGHT slot 2: fallback re-registered after 1 miss frames (shell 0x25218587100 filed to lightQueueAdd)
[22:27:50.639] [19368] [I] CP-LIGHT slot 0: ledger shell fetched 0x25218587c40 (after 1 miss frames)
[22:27:50.639] [19368] [I] CP-LIGHT slot 1: ledger shell fetched 0x25218587240 (after 1 miss frames)
[22:27:50.639] [19368] [I] CP-LIGHT slot 2: ledger shell fetched 0x25218587100 (after 1 miss frames)
[22:27:59.073] [27512] [I] SCOPY BEGIN capture=1 actor=00000014 source=0x252bc346e00 parent=0x25295d39ec0 nodes=470 geoms=23 api=NiObject::Clone id=68835/70187
[22:27:59.073] [27512] [I] SCOPY CLONE-RETURN capture=1 copy=0x2543812c280
[22:27:59.073] [27512] [I] SCOPY SOURCE-DIFF capture-diff root-same=true parent-same=true object-set-same=true local-drift=false world-tight=0 world-loose=0 bound-loose=0 objects=470 skin-bones=131
[22:27:59.073] [27512] [I] SCOPY AUDIT shared-nodes=0 shared-skins=0 shared-properties=0 shared-buffers=0 shared-passes=0 external-roots=0 external-bones=0 external-transforms=0 external-pass-geometry=0 external-fade-nodes=0 invalid-arrays=0 unbound-slots=0
[22:27:59.073] [27512] [I] SCOPY CENSUS source-nodes=470 copy-nodes=470 source-geoms=23 copy-geoms=23 source-skins=13 copy-skins=13 source-dynamic=8 copy-dynamic=8
[22:27:59.073] [27512] [I] SCOPY FRAME skinned-bound valid=true radius=74.8 center=(6327.6,1474.0,253.8) graph-bound radius=75.1 scale=0.35 pruned-nodes=0
[22:27:59.073] [27512] [I] SCOPY READY capture=1 controllers-removed=14 collisions-removed=18 draw=off actor-created=false F8=draw F3=rotate F4=release
[22:27:59.073] [27512] [I] SCOPY GEOMETRY capture=1 name='FemaleBrowsHuman01' type='BSDynamicTriShape'
[22:27:59.073] [27512] [I] SCOPY GEOMETRY capture=1 name='00CVEO_00VAN_AA_ALDDEyes_Blue_FEMALE' type='BSDynamicTriShape'
[22:27:59.073] [27512] [I] SCOPY GEOMETRY capture=1 name='0_HAIRLINE_Female_Human_Straight' type='BSDynamicTriShape'
[22:27:59.073] [27512] [I] SCOPY GEOMETRY capture=1 name='0Anto92HL' type='BSDynamicTriShape'
[22:27:59.073] [27512] [I] SCOPY GEOMETRY capture=1 name='0Anto92' type='BSDynamicTriShape'
[22:27:59.073] [27512] [I] SCOPY GEOMETRY capture=1 name='FemaleMouthHumanoidDefault' type='BSDynamicTriShape'
[22:27:59.073] [27512] [I] SCOPY GEOMETRY capture=1 name='FemaleHeadNord' type='BSDynamicTriShape'
[22:27:59.073] [27512] [I] SCOPY GEOMETRY capture=1 name='shoes' type='BSTriShape'
[22:27:59.073] [27512] [I] SCOPY GEOMETRY capture=1 name='Feet' type='BSTriShape'
[22:27:59.073] [27512] [I] SCOPY GEOMETRY capture=1 name=' (00000D6C)[1]/ (FE04CB10) [80%]' type='BSTriShape'
[22:27:59.073] [27512] [I] SCOPY GEOMETRY capture=1 name='clothes_underwear' type='BSTriShape'
[22:27:59.073] [27512] [I] SCOPY GEOMETRY capture=1 name='clothes' type='BSTriShape'
[22:27:59.073] [27512] [I] SCOPY GEOMETRY capture=1 name='CBBE' type='BSTriShape'
[22:27:59.073] [27512] [I] SCOPY GEOMETRY capture=1 name='Face [Ovl0]' type='BSDynamicTriShape'
[22:27:59.073] [27512] [I] SCOPY GEOMETRY capture=1 name='Feet [SOvl0]' type='BSTriShape'
[22:27:59.073] [27512] [I] SCOPY GEOMETRY capture=1 name='Feet [Ovl2]' type='BSTriShape'
[22:27:59.073] [27512] [I] SCOPY GEOMETRY capture=1 name='Feet [Ovl1]' type='BSTriShape'
[22:27:59.073] [27512] [I] SCOPY GEOMETRY capture=1 name='Feet [Ovl0]' type='BSTriShape'
[22:27:59.073] [27512] [I] SCOPY GEOMETRY capture=1 name='Hands [SOvl0]' type='BSTriShape'
[22:27:59.073] [27512] [I] SCOPY GEOMETRY capture=1 name='Hands [Ovl1]' type='BSTriShape'
[22:27:59.073] [27512] [I] SCOPY GEOMETRY capture=1 name='Hands [Ovl0]' type='BSTriShape'
[22:27:59.073] [27512] [I] SCOPY GEOMETRY capture=1 name='Body [SOvl0]' type='BSTriShape'
[22:27:59.073] [27512] [I] SCOPY GEOMETRY capture=1 name='Body [Ovl0]' type='BSTriShape'
[22:28:00.731] [27512] [I] SCOPY DRAW-TOGGLE enabled=true capture=1
[22:28:00.734] [27512] [I] Clone draw: passes=23 rd-null=23 lights=3 | geoms=23 skinned=23 roots=2 num-mat=331 bone-count=331 bound=331
[22:28:00.734] [27512] [I] SCOPY DRAW frame=1 passes=23 lights=true animation-driver=none physics-driver=none
[22:28:02.282] [27512] [I] SCOPY ANIM probe enabled: node transforms only, applied after the studio's base placement and before pass preparation; the skin matrix buffer is read-only
[22:28:02.282] [27512] [I] SCOPY ANIM target bone='NPC Pelvis [Pelv]' parent-chain='MJF NPC Pelvis [Pelv] < CME LBody [LBody] < MJF CME Body [Body] < CME Body [Body] < NPC COM [COM ] < NPC Root [Root] < NPC < skeleton_female.nif' candidates=74 subtree-nodes=219 skin='clothes' bones=31 root='skeleton_female.nif' affected-geoms=10/23 witness='NPC L Toe0 [LToe]' witness-radius=23.95 swing=world-X 0.600rad period=320f controllers=none verdict=copy-is-graph-invisible skins: [Body [Ovl0]: 30/30 direct] [Body [SOvl0]: 30/30 direct] [Hands [Ovl0]: 38/38 direct] [Hands [Ovl1]: 38/38 direct]
[22:28:02.479] [27512] [I] SCOPY T0 frame=1052 capture=1 bone='NPC Pelvis [Pelv]' skin='clothes' root='skeleton_female.nif' bone-origin=(1.1,-485.2,2.7) bone-row1=(0.053,0.989,0.137) witness='NPC L Toe0 [LToe]' witness-radius=23.95 subtree-nodes=219
[22:28:02.479] [27512] [I] SCOPY T1 frame=1052 bone-row1=(0.021,0.752,0.659) orientation-delta-deg=33.4 witness-moved=13.77 moved-range=[13.77,13.77] slot=10 buffer-pre=sampled pre-rel=captured probe-effective=true
[22:28:02.479] [27512] [I] SCOPY T2 frame=1052 pass-geometry='clothes' numMatrices=31 frameID=1318 buffer-submit=sampled changed-since-T1=false submit-rel=captured
[22:28:02.479] [27512] [I] SCOPY T3 frame=1052 drawn=23 buffer-after-draw=sampled changed-since-T2=true final-rel=captured node-row1=(0.021,0.752,0.659)
[22:28:02.675] [27512] [I] SCOPY T0 frame=1060 capture=1 bone='NPC Pelvis [Pelv]' skin='clothes' root='skeleton_female.nif' bone-origin=(1.1,-485.2,2.7) bone-row1=(0.053,0.989,0.137) witness='NPC L Toe0 [LToe]' witness-radius=23.95 subtree-nodes=219
[22:28:02.675] [27512] [I] SCOPY T1 frame=1060 bone-row1=(0.023,0.770,0.637) orientation-delta-deg=31.8 witness-moved=13.11 moved-range=[13.11,13.77] slot=10 buffer-pre=sampled pre-rel=captured probe-effective=true
[22:28:02.675] [27512] [I] SCOPY T2 frame=1060 pass-geometry='clothes' numMatrices=31 frameID=1326 buffer-submit=sampled changed-since-T1=false submit-rel=captured
[22:28:02.675] [27512] [I] SCOPY T3 frame=1060 drawn=23 buffer-after-draw=sampled changed-since-T2=true final-rel=captured node-row1=(0.023,0.770,0.637)
[22:28:02.882] [27512] [I] SCOPY T0 frame=1068 capture=1 bone='NPC Pelvis [Pelv]' skin='clothes' root='skeleton_female.nif' bone-origin=(1.1,-485.2,2.7) bone-row1=(0.053,0.989,0.137) witness='NPC L Toe0 [LToe]' witness-radius=23.95 subtree-nodes=219
[22:28:02.882] [27512] [I] SCOPY T1 frame=1068 bone-row1=(0.025,0.797,0.604) orientation-delta-deg=29.3 witness-moved=12.12 moved-range=[12.12,13.77] slot=10 buffer-pre=sampled pre-rel=captured probe-effective=true
[22:28:02.882] [27512] [I] SCOPY T2 frame=1068 pass-geometry='clothes' numMatrices=31 frameID=1334 buffer-submit=sampled changed-since-T1=false submit-rel=captured
[22:28:02.882] [27512] [I] SCOPY T3 frame=1068 drawn=23 buffer-after-draw=sampled changed-since-T2=true final-rel=captured node-row1=(0.025,0.797,0.604)
[22:28:03.079] [27512] [I] SCOPY T0 frame=1076 capture=1 bone='NPC Pelvis [Pelv]' skin='clothes' root='skeleton_female.nif' bone-origin=(1.1,-485.2,2.7) bone-row1=(0.053,0.989,0.137) witness='NPC L Toe0 [LToe]' witness-radius=23.95 subtree-nodes=219
[22:28:03.079] [27512] [I] SCOPY T1 frame=1076 bone-row1=(0.029,0.829,0.559) orientation-delta-deg=26.1 witness-moved=10.83 moved-range=[10.83,13.77] slot=10 buffer-pre=sampled pre-rel=captured probe-effective=true
[22:28:03.079] [27512] [I] SCOPY T2 frame=1076 pass-geometry='clothes' numMatrices=31 frameID=1342 buffer-submit=sampled changed-since-T1=false submit-rel=captured
[22:28:03.079] [27512] [I] SCOPY T3 frame=1076 drawn=23 buffer-after-draw=sampled changed-since-T2=true final-rel=captured node-row1=(0.029,0.829,0.559)
[22:28:03.274] [27512] [I] SCOPY T0 frame=1084 capture=1 bone='NPC Pelvis [Pelv]' skin='clothes' root='skeleton_female.nif' bone-origin=(1.1,-485.2,2.7) bone-row1=(0.053,0.989,0.137) witness='NPC L Toe0 [LToe]' witness-radius=23.95 subtree-nodes=219
[22:28:03.274] [27512] [I] SCOPY T1 frame=1084 bone-row1=(0.033,0.864,0.502) orientation-delta-deg=22.3 witness-moved=9.27 moved-range=[9.27,13.77] slot=10 buffer-pre=sampled pre-rel=captured probe-effective=true
[22:28:03.274] [27512] [I] SCOPY T2 frame=1084 pass-geometry='clothes' numMatrices=31 frameID=1350 buffer-submit=sampled changed-since-T1=false submit-rel=captured
[22:28:03.274] [27512] [I] SCOPY T3 frame=1084 drawn=23 buffer-after-draw=sampled changed-since-T2=true final-rel=captured node-row1=(0.033,0.864,0.502)
[22:28:03.476] [27512] [I] SCOPY T0 frame=1092 capture=1 bone='NPC Pelvis [Pelv]' skin='clothes' root='skeleton_female.nif' bone-origin=(1.1,-485.2,2.7) bone-row1=(0.053,0.989,0.137) witness='NPC L Toe0 [LToe]' witness-radius=23.95 subtree-nodes=219
[22:28:03.476] [27512] [I] SCOPY T1 frame=1092 bone-row1=(0.037,0.900,0.435) orientation-delta-deg=18.0 witness-moved=7.48 moved-range=[7.48,13.77] slot=10 buffer-pre=sampled pre-rel=captured probe-effective=true
[22:28:03.476] [27512] [I] SCOPY T2 frame=1092 pass-geometry='clothes' numMatrices=31 frameID=1358 buffer-submit=sampled changed-since-T1=false submit-rel=captured
[22:28:03.476] [27512] [I] SCOPY T3 frame=1092 drawn=23 buffer-after-draw=sampled changed-since-T2=true final-rel=captured node-row1=(0.037,0.900,0.435)
[22:28:03.675] [27512] [I] SCOPY T0 frame=1100 capture=1 bone='NPC Pelvis [Pelv]' skin='clothes' root='skeleton_female.nif' bone-origin=(1.1,-485.2,2.7) bone-row1=(0.053,0.989,0.137) witness='NPC L Toe0 [LToe]' witness-radius=23.95 subtree-nodes=219
[22:28:03.675] [27512] [I] SCOPY T1 frame=1100 bone-row1=(0.042,0.933,0.358) orientation-delta-deg=13.2 witness-moved=5.49 moved-range=[5.49,13.77] slot=10 buffer-pre=sampled pre-rel=captured probe-effective=true
[22:28:03.675] [27512] [I] SCOPY T2 frame=1100 pass-geometry='clothes' numMatrices=31 frameID=1366 buffer-submit=sampled changed-since-T1=false submit-rel=captured
[22:28:03.675] [27512] [I] SCOPY T3 frame=1100 drawn=23 buffer-after-draw=sampled changed-since-T2=true final-rel=captured node-row1=(0.042,0.933,0.358)
[22:28:03.762] [27512] [I] Clone draw: passes=23 rd-null=23 lights=3 | geoms=23 skinned=23 roots=2 num-mat=331 bone-count=331 bound=331
[22:28:03.762] [27512] [I] SCOPY DRAW frame=121 passes=23 lights=true animation-driver=none physics-driver=none
[22:28:03.888] [27512] [I] SCOPY T0 frame=1108 capture=1 bone='NPC Pelvis [Pelv]' skin='clothes' root='skeleton_female.nif' bone-origin=(1.1,-485.2,2.7) bone-row1=(0.053,0.989,0.137) witness='NPC L Toe0 [LToe]' witness-radius=23.95 subtree-nodes=219
[22:28:03.888] [27512] [I] SCOPY T1 frame=1108 bone-row1=(0.047,0.961,0.274) orientation-delta-deg=8.0 witness-moved=3.35 moved-range=[3.35,13.77] slot=10 buffer-pre=sampled pre-rel=captured probe-effective=true
[22:28:03.888] [27512] [I] SCOPY T2 frame=1108 pass-geometry='clothes' numMatrices=31 frameID=1374 buffer-submit=sampled changed-since-T1=false submit-rel=captured
[22:28:03.888] [27512] [I] SCOPY T3 frame=1108 drawn=23 buffer-after-draw=sampled changed-since-T2=true final-rel=captured node-row1=(0.047,0.961,0.274)
[22:28:04.085] [27512] [I] SCOPY T0 frame=1116 capture=1 bone='NPC Pelvis [Pelv]' skin='clothes' root='skeleton_female.nif' bone-origin=(1.1,-485.2,2.7) bone-row1=(0.053,0.989,0.137) witness='NPC L Toe0 [LToe]' witness-radius=23.95 subtree-nodes=219
[22:28:04.085] [27512] [I] SCOPY T1 frame=1116 bone-row1=(0.051,0.982,0.183) orientation-delta-deg=2.7 witness-moved=1.13 moved-range=[1.13,13.77] slot=10 buffer-pre=sampled pre-rel=captured probe-effective=true
[22:28:04.085] [27512] [I] SCOPY T2 frame=1116 pass-geometry='clothes' numMatrices=31 frameID=1382 buffer-submit=sampled changed-since-T1=false submit-rel=captured
[22:28:04.085] [27512] [I] SCOPY T3 frame=1116 drawn=23 buffer-after-draw=sampled changed-since-T2=true final-rel=captured node-row1=(0.051,0.982,0.183)
[22:28:04.285] [27512] [I] SCOPY T0 frame=1124 capture=1 bone='NPC Pelvis [Pelv]' skin='clothes' root='skeleton_female.nif' bone-origin=(1.1,-485.2,2.7) bone-row1=(0.053,0.989,0.137) witness='NPC L Toe0 [LToe]' witness-radius=23.95 subtree-nodes=219
[22:28:04.285] [27512] [I] SCOPY T1 frame=1124 bone-row1=(0.055,0.994,0.090) orientation-delta-deg=2.7 witness-moved=1.13 moved-range=[1.13,13.77] slot=10 buffer-pre=sampled pre-rel=swung probe-effective=true
[22:28:04.285] [27512] [I] SCOPY T2 frame=1124 pass-geometry='clothes' numMatrices=31 frameID=1390 buffer-submit=sampled changed-since-T1=false submit-rel=swung
[22:28:04.285] [27512] [I] SCOPY T3 frame=1124 drawn=23 buffer-after-draw=sampled changed-since-T2=true final-rel=swung node-row1=(0.055,0.994,0.090)
[22:28:04.493] [27512] [I] SCOPY T0 frame=1132 capture=1 bone='NPC Pelvis [Pelv]' skin='clothes' root='skeleton_female.nif' bone-origin=(1.1,-485.2,2.7) bone-row1=(0.053,0.989,0.137) witness='NPC L Toe0 [LToe]' witness-radius=23.95 subtree-nodes=219
[22:28:04.493] [27512] [I] SCOPY T1 frame=1132 bone-row1=(0.059,0.998,-0.003) orientation-delta-deg=8.0 witness-moved=3.35 moved-range=[1.13,13.77] slot=10 buffer-pre=sampled pre-rel=swung probe-effective=true
[22:28:04.493] [27512] [I] SCOPY T2 frame=1132 pass-geometry='clothes' numMatrices=31 frameID=1398 buffer-submit=sampled changed-since-T1=false submit-rel=swung
[22:28:04.493] [27512] [I] SCOPY T3 frame=1132 drawn=23 buffer-after-draw=sampled changed-since-T2=true final-rel=swung node-row1=(0.059,0.998,-0.003)
[22:28:04.693] [27512] [I] SCOPY T0 frame=1140 capture=1 bone='NPC Pelvis [Pelv]' skin='clothes' root='skeleton_female.nif' bone-origin=(1.1,-485.2,2.7) bone-row1=(0.053,0.989,0.137) witness='NPC L Toe0 [LToe]' witness-radius=23.95 subtree-nodes=219
[22:28:04.693] [27512] [I] SCOPY T1 frame=1140 bone-row1=(0.062,0.994,-0.092) orientation-delta-deg=13.2 witness-moved=5.49 moved-range=[1.13,13.77] slot=10 buffer-pre=sampled pre-rel=swung probe-effective=true
[22:28:04.693] [27512] [I] SCOPY T2 frame=1140 pass-geometry='clothes' numMatrices=31 frameID=1406 buffer-submit=sampled changed-since-T1=false submit-rel=swung
[22:28:04.693] [27512] [I] SCOPY T3 frame=1140 drawn=23 buffer-after-draw=sampled changed-since-T2=true final-rel=swung node-row1=(0.062,0.994,-0.092)
[22:28:04.893] [27512] [I] SCOPY T0 frame=1148 capture=1 bone='NPC Pelvis [Pelv]' skin='clothes' root='skeleton_female.nif' bone-origin=(1.1,-485.2,2.7) bone-row1=(0.053,0.989,0.137) witness='NPC L Toe0 [LToe]' witness-radius=23.95 subtree-nodes=219
[22:28:04.893] [27512] [I] SCOPY T1 frame=1148 bone-row1=(0.064,0.982,-0.175) orientation-delta-deg=18.0 witness-moved=7.48 moved-range=[1.13,13.77] slot=10 buffer-pre=sampled pre-rel=swung probe-effective=true
[22:28:04.893] [27512] [I] SCOPY T2 frame=1148 pass-geometry='clothes' numMatrices=31 frameID=1414 buffer-submit=sampled changed-since-T1=false submit-rel=swung
[22:28:04.893] [27512] [I] SCOPY T3 frame=1148 drawn=23 buffer-after-draw=sampled changed-since-T2=true final-rel=swung node-row1=(0.064,0.982,-0.175)
[22:28:05.090] [27512] [I] SCOPY T0 frame=1156 capture=1 bone='NPC Pelvis [Pelv]' skin='clothes' root='skeleton_female.nif' bone-origin=(1.1,-485.2,2.7) bone-row1=(0.053,0.989,0.137) witness='NPC L Toe0 [LToe]' witness-radius=23.95 subtree-nodes=219
[22:28:05.090] [27512] [I] SCOPY T1 frame=1156 bone-row1=(0.065,0.966,-0.250) orientation-delta-deg=22.3 witness-moved=9.27 moved-range=[1.13,13.77] slot=10 buffer-pre=sampled pre-rel=swung probe-effective=true
[22:28:05.090] [27512] [I] SCOPY T2 frame=1156 pass-geometry='clothes' numMatrices=31 frameID=1422 buffer-submit=sampled changed-since-T1=false submit-rel=swung
[22:28:05.090] [27512] [I] SCOPY T3 frame=1156 drawn=23 buffer-after-draw=sampled changed-since-T2=true final-rel=swung node-row1=(0.065,0.966,-0.250)
[22:28:05.283] [27512] [I] SCOPY T0 frame=1164 capture=1 bone='NPC Pelvis [Pelv]' skin='clothes' root='skeleton_female.nif' bone-origin=(1.1,-485.2,2.7) bone-row1=(0.053,0.989,0.137) witness='NPC L Toe0 [LToe]' witness-radius=23.95 subtree-nodes=219
[22:28:05.283] [27512] [I] SCOPY T1 frame=1164 bone-row1=(0.067,0.947,-0.314) orientation-delta-deg=26.1 witness-moved=10.83 moved-range=[1.13,13.77] slot=10 buffer-pre=sampled pre-rel=swung probe-effective=true
[22:28:05.283] [27512] [I] SCOPY T2 frame=1164 pass-geometry='clothes' numMatrices=31 frameID=1430 buffer-submit=sampled changed-since-T1=false submit-rel=swung
[22:28:05.283] [27512] [I] SCOPY T3 frame=1164 drawn=23 buffer-after-draw=sampled changed-since-T2=true final-rel=swung node-row1=(0.067,0.947,-0.314)
[22:28:05.488] [27512] [I] SCOPY T0 frame=1172 capture=1 bone='NPC Pelvis [Pelv]' skin='clothes' root='skeleton_female.nif' bone-origin=(1.1,-485.2,2.7) bone-row1=(0.053,0.989,0.137) witness='NPC L Toe0 [LToe]' witness-radius=23.95 subtree-nodes=219
[22:28:05.488] [27512] [I] SCOPY T1 frame=1172 bone-row1=(0.067,0.928,-0.366) orientation-delta-deg=29.3 witness-moved=12.12 moved-range=[1.13,13.77] slot=10 buffer-pre=sampled pre-rel=swung probe-effective=true
[22:28:05.488] [27512] [I] SCOPY T2 frame=1172 pass-geometry='clothes' numMatrices=31 frameID=1438 buffer-submit=sampled changed-since-T1=false submit-rel=swung
[22:28:05.488] [27512] [I] SCOPY T3 frame=1172 drawn=23 buffer-after-draw=sampled changed-since-T2=true final-rel=swung node-row1=(0.067,0.928,-0.366)
[22:28:05.697] [27512] [I] SCOPY T0 frame=1180 capture=1 bone='NPC Pelvis [Pelv]' skin='clothes' root='skeleton_female.nif' bone-origin=(1.1,-485.2,2.7) bone-row1=(0.053,0.989,0.137) witness='NPC L Toe0 [LToe]' witness-radius=23.95 subtree-nodes=219
[22:28:05.697] [27512] [I] SCOPY T1 frame=1180 bone-row1=(0.068,0.912,-0.405) orientation-delta-deg=31.8 witness-moved=13.11 moved-range=[1.13,13.77] slot=10 buffer-pre=sampled pre-rel=swung probe-effective=true
[22:28:05.697] [27512] [I] SCOPY T2 frame=1180 pass-geometry='clothes' numMatrices=31 frameID=1446 buffer-submit=sampled changed-since-T1=false submit-rel=swung
[22:28:05.697] [27512] [I] SCOPY T3 frame=1180 drawn=23 buffer-after-draw=sampled changed-since-T2=true final-rel=swung node-row1=(0.068,0.912,-0.405)
[22:28:05.890] [27512] [I] SCOPY T0 frame=1188 capture=1 bone='NPC Pelvis [Pelv]' skin='clothes' root='skeleton_female.nif' bone-origin=(1.1,-485.2,2.7) bone-row1=(0.053,0.989,0.137) witness='NPC L Toe0 [LToe]' witness-radius=23.95 subtree-nodes=219
[22:28:05.890] [27512] [I] SCOPY T1 frame=1188 bone-row1=(0.068,0.900,-0.431) orientation-delta-deg=33.4 witness-moved=13.77 moved-range=[1.13,13.77] slot=10 buffer-pre=sampled pre-rel=swung probe-effective=true
[22:28:05.890] [27512] [I] SCOPY T2 frame=1188 pass-geometry='clothes' numMatrices=31 frameID=1454 buffer-submit=sampled changed-since-T1=false submit-rel=swung
[22:28:05.890] [27512] [I] SCOPY T3 frame=1188 drawn=23 buffer-after-draw=sampled changed-since-T2=true final-rel=swung node-row1=(0.068,0.900,-0.431)
[22:28:06.085] [27512] [I] SCOPY T0 frame=1196 capture=1 bone='NPC Pelvis [Pelv]' skin='clothes' root='skeleton_female.nif' bone-origin=(1.1,-485.2,2.7) bone-row1=(0.053,0.989,0.137) witness='NPC L Toe0 [LToe]' witness-radius=23.95 subtree-nodes=219
[22:28:06.085] [27512] [I] SCOPY T1 frame=1196 bone-row1=(0.068,0.893,-0.445) orientation-delta-deg=34.3 witness-moved=14.11 moved-range=[1.13,14.11] slot=10 buffer-pre=sampled pre-rel=swung probe-effective=true
[22:28:06.085] [27512] [I] SCOPY T2 frame=1196 pass-geometry='clothes' numMatrices=31 frameID=1462 buffer-submit=sampled changed-since-T1=false submit-rel=swung
[22:28:06.085] [27512] [I] SCOPY T3 frame=1196 drawn=23 buffer-after-draw=sampled changed-since-T2=true final-rel=swung node-row1=(0.068,0.893,-0.445)
[22:28:06.280] [27512] [I] SCOPY T0 frame=1204 capture=1 bone='NPC Pelvis [Pelv]' skin='clothes' root='skeleton_female.nif' bone-origin=(1.1,-485.2,2.7) bone-row1=(0.053,0.989,0.137) witness='NPC L Toe0 [LToe]' witness-radius=23.95 subtree-nodes=219
[22:28:06.280] [27512] [I] SCOPY T1 frame=1204 bone-row1=(0.068,0.893,-0.445) orientation-delta-deg=34.3 witness-moved=14.11 moved-range=[1.13,14.11] slot=10 buffer-pre=sampled pre-rel=swung probe-effective=true
[22:28:06.280] [27512] [I] SCOPY T2 frame=1204 pass-geometry='clothes' numMatrices=31 frameID=1470 buffer-submit=sampled changed-since-T1=false submit-rel=swung
[22:28:06.280] [27512] [I] SCOPY T3 frame=1204 drawn=23 buffer-after-draw=sampled changed-since-T2=true final-rel=swung node-row1=(0.068,0.893,-0.445)
[22:28:06.493] [27512] [I] SCOPY T0 frame=1212 capture=1 bone='NPC Pelvis [Pelv]' skin='clothes' root='skeleton_female.nif' bone-origin=(1.1,-485.2,2.7) bone-row1=(0.053,0.989,0.137) witness='NPC L Toe0 [LToe]' witness-radius=23.95 subtree-nodes=219
[22:28:06.493] [27512] [I] SCOPY T1 frame=1212 bone-row1=(0.068,0.900,-0.431) orientation-delta-deg=33.4 witness-moved=13.77 moved-range=[1.13,14.11] slot=10 buffer-pre=sampled pre-rel=swung probe-effective=true
[22:28:06.493] [27512] [I] SCOPY T2 frame=1212 pass-geometry='clothes' numMatrices=31 frameID=1478 buffer-submit=sampled changed-since-T1=false submit-rel=swung
[22:28:06.493] [27512] [I] SCOPY T3 frame=1212 drawn=23 buffer-after-draw=sampled changed-since-T2=true final-rel=swung node-row1=(0.068,0.900,-0.431)
[22:28:06.685] [27512] [I] SCOPY T0 frame=1220 capture=1 bone='NPC Pelvis [Pelv]' skin='clothes' root='skeleton_female.nif' bone-origin=(1.1,-485.2,2.7) bone-row1=(0.053,0.989,0.137) witness='NPC L Toe0 [LToe]' witness-radius=23.95 subtree-nodes=219
[22:28:06.685] [27512] [I] SCOPY T1 frame=1220 bone-row1=(0.068,0.912,-0.405) orientation-delta-deg=31.8 witness-moved=13.11 moved-range=[1.13,14.11] slot=10 buffer-pre=sampled pre-rel=swung probe-effective=true
[22:28:06.685] [27512] [I] SCOPY T2 frame=1220 pass-geometry='clothes' numMatrices=31 frameID=1486 buffer-submit=sampled changed-since-T1=false submit-rel=swung
[22:28:06.685] [27512] [I] SCOPY T3 frame=1220 drawn=23 buffer-after-draw=sampled changed-since-T2=true final-rel=swung node-row1=(0.068,0.912,-0.405)
[22:28:06.757] [27512] [I] Clone draw: passes=23 rd-null=23 lights=3 | geoms=23 skinned=23 roots=2 num-mat=331 bone-count=331 bound=331
[22:28:06.757] [27512] [I] SCOPY DRAW frame=241 passes=23 lights=true animation-driver=none physics-driver=none
[22:28:06.880] [27512] [I] SCOPY T0 frame=1228 capture=1 bone='NPC Pelvis [Pelv]' skin='clothes' root='skeleton_female.nif' bone-origin=(1.1,-485.2,2.7) bone-row1=(0.053,0.989,0.137) witness='NPC L Toe0 [LToe]' witness-radius=23.95 subtree-nodes=219
[22:28:06.880] [27512] [I] SCOPY T1 frame=1228 bone-row1=(0.067,0.928,-0.366) orientation-delta-deg=29.3 witness-moved=12.12 moved-range=[1.13,14.11] slot=10 buffer-pre=sampled pre-rel=swung probe-effective=true
[22:28:06.880] [27512] [I] SCOPY T2 frame=1228 pass-geometry='clothes' numMatrices=31 frameID=1494 buffer-submit=sampled changed-since-T1=false submit-rel=swung
[22:28:06.880] [27512] [I] SCOPY T3 frame=1228 drawn=23 buffer-after-draw=sampled changed-since-T2=true final-rel=swung node-row1=(0.067,0.928,-0.366)
[22:28:06.979] [27512] [I] SCOPY ANIM probe disabled; the copy keeps its captured pose
[22:28:08.452] [27512] [I] SCOPY ANIM probe enabled: node transforms only, applied after the studio's base placement and before pass preparation; the skin matrix buffer is read-only
[22:28:08.452] [27512] [I] SCOPY ANIM target bone='NPC Pelvis [Pelv]' parent-chain='MJF NPC Pelvis [Pelv] < CME LBody [LBody] < MJF CME Body [Body] < CME Body [Body] < NPC COM [COM ] < NPC Root [Root] < NPC < skeleton_female.nif' candidates=74 subtree-nodes=219 skin='clothes' bones=31 root='skeleton_female.nif' affected-geoms=10/23 witness='NPC L Toe0 [LToe]' witness-radius=23.95 swing=world-X 0.600rad period=320f controllers=none verdict=copy-is-graph-invisible skins: [Body [Ovl0]: 30/30 direct] [Body [SOvl0]: 30/30 direct] [Hands [Ovl0]: 38/38 direct] [Hands [Ovl1]: 38/38 direct]
[22:28:08.649] [27512] [I] SCOPY T0 frame=1299 capture=1 bone='NPC Pelvis [Pelv]' skin='clothes' root='skeleton_female.nif' bone-origin=(1.1,-485.2,2.7) bone-row1=(0.053,0.989,0.137) witness='NPC L Toe0 [LToe]' witness-radius=23.95 subtree-nodes=219
[22:28:08.649] [27512] [I] SCOPY T1 frame=1299 bone-row1=(0.043,0.936,0.348) orientation-delta-deg=12.5 witness-moved=5.23 moved-range=[5.23,5.23] slot=10 buffer-pre=sampled pre-rel=captured probe-effective=true
[22:28:08.649] [27512] [I] SCOPY T2 frame=1299 pass-geometry='clothes' numMatrices=31 frameID=1565 buffer-submit=sampled changed-since-T1=false submit-rel=captured
[22:28:08.649] [27512] [I] SCOPY T3 frame=1299 drawn=23 buffer-after-draw=sampled changed-since-T2=true final-rel=captured node-row1=(0.043,0.936,0.348)
[22:28:08.850] [27512] [I] SCOPY T0 frame=1307 capture=1 bone='NPC Pelvis [Pelv]' skin='clothes' root='skeleton_female.nif' bone-origin=(1.1,-485.2,2.7) bone-row1=(0.053,0.989,0.137) witness='NPC L Toe0 [LToe]' witness-radius=23.95 subtree-nodes=219
[22:28:08.850] [27512] [I] SCOPY T1 frame=1307 bone-row1=(0.038,0.904,0.426) orientation-delta-deg=17.4 witness-moved=7.24 moved-range=[5.23,7.24] slot=10 buffer-pre=sampled pre-rel=captured probe-effective=true
[22:28:08.850] [27512] [I] SCOPY T2 frame=1307 pass-geometry='clothes' numMatrices=31 frameID=1573 buffer-submit=sampled changed-since-T1=false submit-rel=captured
[22:28:08.850] [27512] [I] SCOPY T3 frame=1307 drawn=23 buffer-after-draw=sampled changed-since-T2=true final-rel=captured node-row1=(0.038,0.904,0.426)
[22:28:09.041] [27512] [I] SCOPY T0 frame=1315 capture=1 bone='NPC Pelvis [Pelv]' skin='clothes' root='skeleton_female.nif' bone-origin=(1.1,-485.2,2.7) bone-row1=(0.053,0.989,0.137) witness='NPC L Toe0 [LToe]' witness-radius=23.95 subtree-nodes=219
[22:28:09.041] [27512] [I] SCOPY T1 frame=1315 bone-row1=(0.033,0.868,0.495) orientation-delta-deg=21.8 witness-moved=9.06 moved-range=[5.23,9.06] slot=10 buffer-pre=sampled pre-rel=captured probe-effective=true
[22:28:09.041] [27512] [I] SCOPY T2 frame=1315 pass-geometry='clothes' numMatrices=31 frameID=1581 buffer-submit=sampled changed-since-T1=false submit-rel=captured
[22:28:09.041] [27512] [I] SCOPY T3 frame=1315 drawn=23 buffer-after-draw=sampled changed-since-T2=true final-rel=captured node-row1=(0.033,0.868,0.495)
[22:28:09.245] [27512] [I] SCOPY T0 frame=1323 capture=1 bone='NPC Pelvis [Pelv]' skin='clothes' root='skeleton_female.nif' bone-origin=(1.1,-485.2,2.7) bone-row1=(0.053,0.989,0.137) witness='NPC L Toe0 [LToe]' witness-radius=23.95 subtree-nodes=219
[22:28:09.245] [27512] [I] SCOPY T1 frame=1323 bone-row1=(0.029,0.833,0.552) orientation-delta-deg=25.7 witness-moved=10.65 moved-range=[5.23,10.65] slot=10 buffer-pre=sampled pre-rel=captured probe-effective=true
[22:28:09.245] [27512] [I] SCOPY T2 frame=1323 pass-geometry='clothes' numMatrices=31 frameID=1589 buffer-submit=sampled changed-since-T1=false submit-rel=captured
[22:28:09.245] [27512] [I] SCOPY T3 frame=1323 drawn=23 buffer-after-draw=sampled changed-since-T2=true final-rel=captured node-row1=(0.029,0.833,0.552)
[22:28:09.446] [27512] [I] SCOPY T0 frame=1331 capture=1 bone='NPC Pelvis [Pelv]' skin='clothes' root='skeleton_female.nif' bone-origin=(1.1,-485.2,2.7) bone-row1=(0.053,0.989,0.137) witness='NPC L Toe0 [LToe]' witness-radius=23.95 subtree-nodes=219
[22:28:09.446] [27512] [I] SCOPY T1 frame=1331 bone-row1=(0.026,0.800,0.599) orientation-delta-deg=29.0 witness-moved=11.97 moved-range=[5.23,11.97] slot=10 buffer-pre=sampled pre-rel=captured probe-effective=true
[22:28:09.446] [27512] [I] SCOPY T2 frame=1331 pass-geometry='clothes' numMatrices=31 frameID=1597 buffer-submit=sampled changed-since-T1=false submit-rel=captured
[22:28:09.446] [27512] [I] SCOPY T3 frame=1331 drawn=23 buffer-after-draw=sampled changed-since-T2=true final-rel=captured node-row1=(0.026,0.800,0.599)
[22:28:09.648] [27512] [I] SCOPY T0 frame=1339 capture=1 bone='NPC Pelvis [Pelv]' skin='clothes' root='skeleton_female.nif' bone-origin=(1.1,-485.2,2.7) bone-row1=(0.053,0.989,0.137) witness='NPC L Toe0 [LToe]' witness-radius=23.95 subtree-nodes=219
[22:28:09.648] [27512] [I] SCOPY T1 frame=1339 bone-row1=(0.023,0.773,0.634) orientation-delta-deg=31.5 witness-moved=13.00 moved-range=[5.23,13.00] slot=10 buffer-pre=sampled pre-rel=captured probe-effective=true
[22:28:09.648] [27512] [I] SCOPY T2 frame=1339 pass-geometry='clothes' numMatrices=31 frameID=1605 buffer-submit=sampled changed-since-T1=false submit-rel=captured
[22:28:09.648] [27512] [I] SCOPY T3 frame=1339 drawn=23 buffer-after-draw=sampled changed-since-T2=true final-rel=captured node-row1=(0.023,0.773,0.634)
[22:28:09.747] [27512] [I] Clone draw: passes=23 rd-null=23 lights=3 | geoms=23 skinned=23 roots=2 num-mat=331 bone-count=331 bound=331
[22:28:09.747] [27512] [I] SCOPY DRAW frame=361 passes=23 lights=true animation-driver=none physics-driver=none
[22:28:09.846] [27512] [I] SCOPY T0 frame=1347 capture=1 bone='NPC Pelvis [Pelv]' skin='clothes' root='skeleton_female.nif' bone-origin=(1.1,-485.2,2.7) bone-row1=(0.053,0.989,0.137) witness='NPC L Toe0 [LToe]' witness-radius=23.95 subtree-nodes=219
[22:28:09.846] [27512] [I] SCOPY T1 frame=1347 bone-row1=(0.021,0.753,0.657) orientation-delta-deg=33.3 witness-moved=13.71 moved-range=[5.23,13.71] slot=10 buffer-pre=sampled pre-rel=captured probe-effective=true
[22:28:09.846] [27512] [I] SCOPY T2 frame=1347 pass-geometry='clothes' numMatrices=31 frameID=1613 buffer-submit=sampled changed-since-T1=false submit-rel=captured
[22:28:09.846] [27512] [I] SCOPY T3 frame=1347 drawn=23 buffer-after-draw=sampled changed-since-T2=true final-rel=captured node-row1=(0.021,0.753,0.657)
[22:28:10.048] [27512] [I] SCOPY T0 frame=1355 capture=1 bone='NPC Pelvis [Pelv]' skin='clothes' root='skeleton_female.nif' bone-origin=(1.1,-485.2,2.7) bone-row1=(0.053,0.989,0.137) witness='NPC L Toe0 [LToe]' witness-radius=23.95 subtree-nodes=219
[22:28:10.048] [27512] [I] SCOPY T1 frame=1355 bone-row1=(0.020,0.742,0.670) orientation-delta-deg=34.2 witness-moved=14.09 moved-range=[5.23,14.09] slot=10 buffer-pre=sampled pre-rel=captured probe-effective=true
[22:28:10.048] [27512] [I] SCOPY T2 frame=1355 pass-geometry='clothes' numMatrices=31 frameID=1621 buffer-submit=sampled changed-since-T1=false submit-rel=captured
[22:28:10.048] [27512] [I] SCOPY T3 frame=1355 drawn=23 buffer-after-draw=sampled changed-since-T2=true final-rel=captured node-row1=(0.020,0.742,0.670)
[22:28:10.248] [27512] [I] SCOPY T0 frame=1363 capture=1 bone='NPC Pelvis [Pelv]' skin='clothes' root='skeleton_female.nif' bone-origin=(1.1,-485.2,2.7) bone-row1=(0.053,0.989,0.137) witness='NPC L Toe0 [LToe]' witness-radius=23.95 subtree-nodes=219
[22:28:10.248] [27512] [I] SCOPY T1 frame=1363 bone-row1=(0.020,0.741,0.671) orientation-delta-deg=34.3 witness-moved=14.13 moved-range=[5.23,14.13] slot=10 buffer-pre=sampled pre-rel=captured probe-effective=true
[22:28:10.248] [27512] [I] SCOPY T2 frame=1363 pass-geometry='clothes' numMatrices=31 frameID=1629 buffer-submit=sampled changed-since-T1=false submit-rel=captured
[22:28:10.248] [27512] [I] SCOPY T3 frame=1363 drawn=23 buffer-after-draw=sampled changed-since-T2=true final-rel=captured node-row1=(0.020,0.741,0.671)
[22:28:10.453] [27512] [I] SCOPY T0 frame=1371 capture=1 bone='NPC Pelvis [Pelv]' skin='clothes' root='skeleton_female.nif' bone-origin=(1.1,-485.2,2.7) bone-row1=(0.053,0.989,0.137) witness='NPC L Toe0 [LToe]' witness-radius=23.95 subtree-nodes=219
[22:28:10.453] [27512] [I] SCOPY T1 frame=1371 bone-row1=(0.020,0.750,0.661) orientation-delta-deg=33.6 witness-moved=13.84 moved-range=[5.23,14.13] slot=10 buffer-pre=sampled pre-rel=captured probe-effective=true
[22:28:10.453] [27512] [I] SCOPY T2 frame=1371 pass-geometry='clothes' numMatrices=31 frameID=1637 buffer-submit=sampled changed-since-T1=false submit-rel=captured
[22:28:10.453] [27512] [I] SCOPY T3 frame=1371 drawn=23 buffer-after-draw=sampled changed-since-T2=true final-rel=captured node-row1=(0.020,0.750,0.661)
[22:28:10.657] [27512] [I] SCOPY T0 frame=1379 capture=1 bone='NPC Pelvis [Pelv]' skin='clothes' root='skeleton_female.nif' bone-origin=(1.1,-485.2,2.7) bone-row1=(0.053,0.989,0.137) witness='NPC L Toe0 [LToe]' witness-radius=23.95 subtree-nodes=219
[22:28:10.657] [27512] [I] SCOPY T1 frame=1379 bone-row1=(0.022,0.767,0.641) orientation-delta-deg=32.0 witness-moved=13.21 moved-range=[5.23,14.13] slot=10 buffer-pre=sampled pre-rel=captured probe-effective=true
[22:28:10.657] [27512] [I] SCOPY T2 frame=1379 pass-geometry='clothes' numMatrices=31 frameID=1645 buffer-submit=sampled changed-since-T1=false submit-rel=captured
[22:28:10.657] [27512] [I] SCOPY T3 frame=1379 drawn=23 buffer-after-draw=sampled changed-since-T2=true final-rel=captured node-row1=(0.022,0.767,0.641)
[22:28:10.861] [27512] [I] SCOPY T0 frame=1387 capture=1 bone='NPC Pelvis [Pelv]' skin='clothes' root='skeleton_female.nif' bone-origin=(1.1,-485.2,2.7) bone-row1=(0.053,0.989,0.137) witness='NPC L Toe0 [LToe]' witness-radius=23.95 subtree-nodes=219
[22:28:10.861] [27512] [I] SCOPY T1 frame=1387 bone-row1=(0.025,0.793,0.609) orientation-delta-deg=29.7 witness-moved=12.26 moved-range=[5.23,14.13] slot=10 buffer-pre=sampled pre-rel=captured probe-effective=true
[22:28:10.861] [27512] [I] SCOPY T2 frame=1387 pass-geometry='clothes' numMatrices=31 frameID=1653 buffer-submit=sampled changed-since-T1=false submit-rel=captured
[22:28:10.861] [27512] [I] SCOPY T3 frame=1387 drawn=23 buffer-after-draw=sampled changed-since-T2=true final-rel=captured node-row1=(0.025,0.793,0.609)
[22:28:11.060] [27512] [I] SCOPY T0 frame=1395 capture=1 bone='NPC Pelvis [Pelv]' skin='clothes' root='skeleton_female.nif' bone-origin=(1.1,-485.2,2.7) bone-row1=(0.053,0.989,0.137) witness='NPC L Toe0 [LToe]' witness-radius=23.95 subtree-nodes=219
[22:28:11.060] [27512] [I] SCOPY T1 frame=1395 bone-row1=(0.028,0.825,0.565) orientation-delta-deg=26.6 witness-moved=11.01 moved-range=[5.23,14.13] slot=10 buffer-pre=sampled pre-rel=captured probe-effective=true
[22:28:11.060] [27512] [I] SCOPY T2 frame=1395 pass-geometry='clothes' numMatrices=31 frameID=1661 buffer-submit=sampled changed-since-T1=false submit-rel=captured
[22:28:11.060] [27512] [I] SCOPY T3 frame=1395 drawn=23 buffer-after-draw=sampled changed-since-T2=true final-rel=captured node-row1=(0.028,0.825,0.565)
[22:28:11.258] [27512] [I] SCOPY T0 frame=1403 capture=1 bone='NPC Pelvis [Pelv]' skin='clothes' root='skeleton_female.nif' bone-origin=(1.1,-485.2,2.7) bone-row1=(0.053,0.989,0.137) witness='NPC L Toe0 [LToe]' witness-radius=23.95 subtree-nodes=219
[22:28:11.258] [27512] [I] SCOPY T1 frame=1403 bone-row1=(0.032,0.859,0.510) orientation-delta-deg=22.8 witness-moved=9.48 moved-range=[5.23,14.13] slot=10 buffer-pre=sampled pre-rel=captured probe-effective=true
[22:28:11.258] [27512] [I] SCOPY T2 frame=1403 pass-geometry='clothes' numMatrices=31 frameID=1669 buffer-submit=sampled changed-since-T1=false submit-rel=captured
[22:28:11.258] [27512] [I] SCOPY T3 frame=1403 drawn=23 buffer-after-draw=sampled changed-since-T2=true final-rel=captured node-row1=(0.032,0.859,0.510)
[22:28:11.459] [27512] [I] SCOPY T0 frame=1411 capture=1 bone='NPC Pelvis [Pelv]' skin='clothes' root='skeleton_female.nif' bone-origin=(1.1,-485.2,2.7) bone-row1=(0.053,0.989,0.137) witness='NPC L Toe0 [LToe]' witness-radius=23.95 subtree-nodes=219
[22:28:11.459] [27512] [I] SCOPY T1 frame=1411 bone-row1=(0.037,0.895,0.444) orientation-delta-deg=18.5 witness-moved=7.71 moved-range=[5.23,14.13] slot=10 buffer-pre=sampled pre-rel=captured probe-effective=true
[22:28:11.459] [27512] [I] SCOPY T2 frame=1411 pass-geometry='clothes' numMatrices=31 frameID=1677 buffer-submit=sampled changed-since-T1=false submit-rel=captured
[22:28:11.459] [27512] [I] SCOPY T3 frame=1411 drawn=23 buffer-after-draw=sampled changed-since-T2=true final-rel=captured node-row1=(0.037,0.895,0.444)
[22:28:11.657] [27512] [I] SCOPY T0 frame=1419 capture=1 bone='NPC Pelvis [Pelv]' skin='clothes' root='skeleton_female.nif' bone-origin=(1.1,-485.2,2.7) bone-row1=(0.053,0.989,0.137) witness='NPC L Toe0 [LToe]' witness-radius=23.95 subtree-nodes=219
[22:28:11.657] [27512] [I] SCOPY T1 frame=1419 bone-row1=(0.041,0.929,0.368) orientation-delta-deg=13.8 witness-moved=5.74 moved-range=[5.23,14.13] slot=10 buffer-pre=sampled pre-rel=captured probe-effective=true
[22:28:11.657] [27512] [I] SCOPY T2 frame=1419 pass-geometry='clothes' numMatrices=31 frameID=1685 buffer-submit=sampled changed-since-T1=false submit-rel=captured
[22:28:11.657] [27512] [I] SCOPY T3 frame=1419 drawn=23 buffer-after-draw=sampled changed-since-T2=true final-rel=captured node-row1=(0.041,0.929,0.368)
[22:28:11.858] [27512] [I] SCOPY T0 frame=1427 capture=1 bone='NPC Pelvis [Pelv]' skin='clothes' root='skeleton_female.nif' bone-origin=(1.1,-485.2,2.7) bone-row1=(0.053,0.989,0.137) witness='NPC L Toe0 [LToe]' witness-radius=23.95 subtree-nodes=219
[22:28:11.858] [27512] [I] SCOPY T1 frame=1427 bone-row1=(0.046,0.958,0.284) orientation-delta-deg=8.7 witness-moved=3.62 moved-range=[3.62,14.13] slot=10 buffer-pre=sampled pre-rel=captured probe-effective=true
[22:28:11.858] [27512] [I] SCOPY T2 frame=1427 pass-geometry='clothes' numMatrices=31 frameID=1693 buffer-submit=sampled changed-since-T1=false submit-rel=captured
[22:28:11.858] [27512] [I] SCOPY T3 frame=1427 drawn=23 buffer-after-draw=sampled changed-since-T2=true final-rel=captured node-row1=(0.046,0.958,0.284)
[22:28:12.066] [27512] [I] SCOPY T0 frame=1435 capture=1 bone='NPC Pelvis [Pelv]' skin='clothes' root='skeleton_female.nif' bone-origin=(1.1,-485.2,2.7) bone-row1=(0.053,0.989,0.137) witness='NPC L Toe0 [LToe]' witness-radius=23.95 subtree-nodes=219
[22:28:12.066] [27512] [I] SCOPY T1 frame=1435 bone-row1=(0.050,0.980,0.195) orientation-delta-deg=3.4 witness-moved=1.41 moved-range=[1.41,14.13] slot=10 buffer-pre=sampled pre-rel=captured probe-effective=true
[22:28:12.066] [27512] [I] SCOPY T2 frame=1435 pass-geometry='clothes' numMatrices=31 frameID=1701 buffer-submit=sampled changed-since-T1=false submit-rel=captured
[22:28:12.066] [27512] [I] SCOPY T3 frame=1435 drawn=23 buffer-after-draw=sampled changed-since-T2=true final-rel=captured node-row1=(0.050,0.980,0.195)
[22:28:12.263] [27512] [I] SCOPY T0 frame=1443 capture=1 bone='NPC Pelvis [Pelv]' skin='clothes' root='skeleton_female.nif' bone-origin=(1.1,-485.2,2.7) bone-row1=(0.053,0.989,0.137) witness='NPC L Toe0 [LToe]' witness-radius=23.95 subtree-nodes=219
[22:28:12.263] [27512] [I] SCOPY T1 frame=1443 bone-row1=(0.055,0.993,0.102) orientation-delta-deg=2.0 witness-moved=0.85 moved-range=[0.85,14.13] slot=10 buffer-pre=sampled pre-rel=swung probe-effective=true
[22:28:12.263] [27512] [I] SCOPY T2 frame=1443 pass-geometry='clothes' numMatrices=31 frameID=1709 buffer-submit=sampled changed-since-T1=false submit-rel=swung
[22:28:12.263] [27512] [I] SCOPY T3 frame=1443 drawn=23 buffer-after-draw=sampled changed-since-T2=true final-rel=swung node-row1=(0.055,0.993,0.102)
[22:28:12.467] [27512] [I] SCOPY T0 frame=1451 capture=1 bone='NPC Pelvis [Pelv]' skin='clothes' root='skeleton_female.nif' bone-origin=(1.1,-485.2,2.7) bone-row1=(0.053,0.989,0.137) witness='NPC L Toe0 [LToe]' witness-radius=23.95 subtree-nodes=219
[22:28:12.467] [27512] [I] SCOPY T1 frame=1451 bone-row1=(0.058,0.998,0.009) orientation-delta-deg=7.4 witness-moved=3.08 moved-range=[0.85,14.13] slot=10 buffer-pre=sampled pre-rel=swung probe-effective=true
[22:28:12.467] [27512] [I] SCOPY T2 frame=1451 pass-geometry='clothes' numMatrices=31 frameID=1717 buffer-submit=sampled changed-since-T1=false submit-rel=swung
[22:28:12.467] [27512] [I] SCOPY T3 frame=1451 drawn=23 buffer-after-draw=sampled changed-since-T2=true final-rel=swung node-row1=(0.058,0.998,0.009)
[22:28:12.668] [27512] [I] SCOPY T0 frame=1459 capture=1 bone='NPC Pelvis [Pelv]' skin='clothes' root='skeleton_female.nif' bone-origin=(1.1,-485.2,2.7) bone-row1=(0.053,0.989,0.137) witness='NPC L Toe0 [LToe]' witness-radius=23.95 subtree-nodes=219
[22:28:12.668] [27512] [I] SCOPY T1 frame=1459 bone-row1=(0.061,0.995,-0.081) orientation-delta-deg=12.5 witness-moved=5.23 moved-range=[0.85,14.13] slot=10 buffer-pre=sampled pre-rel=swung probe-effective=true
[22:28:12.668] [27512] [I] SCOPY T2 frame=1459 pass-geometry='clothes' numMatrices=31 frameID=1725 buffer-submit=sampled changed-since-T1=false submit-rel=swung
[22:28:12.668] [27512] [I] SCOPY T3 frame=1459 drawn=23 buffer-after-draw=sampled changed-since-T2=true final-rel=swung node-row1=(0.061,0.995,-0.081)
[22:28:12.772] [27512] [I] Clone draw: passes=23 rd-null=23 lights=3 | geoms=23 skinned=23 roots=2 num-mat=331 bone-count=331 bound=331
[22:28:12.772] [27512] [I] SCOPY DRAW frame=481 passes=23 lights=true animation-driver=none physics-driver=none
[22:28:12.870] [27512] [I] SCOPY T0 frame=1467 capture=1 bone='NPC Pelvis [Pelv]' skin='clothes' root='skeleton_female.nif' bone-origin=(1.1,-485.2,2.7) bone-row1=(0.053,0.989,0.137) witness='NPC L Toe0 [LToe]' witness-radius=23.95 subtree-nodes=219
[22:28:12.870] [27512] [I] SCOPY T1 frame=1467 bone-row1=(0.064,0.984,-0.165) orientation-delta-deg=17.4 witness-moved=7.24 moved-range=[0.85,14.13] slot=10 buffer-pre=sampled pre-rel=swung probe-effective=true
[22:28:12.870] [27512] [I] SCOPY T2 frame=1467 pass-geometry='clothes' numMatrices=31 frameID=1733 buffer-submit=sampled changed-since-T1=false submit-rel=swung
[22:28:12.870] [27512] [I] SCOPY T3 frame=1467 drawn=23 buffer-after-draw=sampled changed-since-T2=true final-rel=swung node-row1=(0.064,0.984,-0.165)
[22:28:13.077] [27512] [I] SCOPY T0 frame=1475 capture=1 bone='NPC Pelvis [Pelv]' skin='clothes' root='skeleton_female.nif' bone-origin=(1.1,-485.2,2.7) bone-row1=(0.053,0.989,0.137) witness='NPC L Toe0 [LToe]' witness-radius=23.95 subtree-nodes=219
[22:28:13.077] [27512] [I] SCOPY T1 frame=1475 bone-row1=(0.065,0.968,-0.241) orientation-delta-deg=21.8 witness-moved=9.06 moved-range=[0.85,14.13] slot=10 buffer-pre=sampled pre-rel=swung probe-effective=true
[22:28:13.077] [27512] [I] SCOPY T2 frame=1475 pass-geometry='clothes' numMatrices=31 frameID=1741 buffer-submit=sampled changed-since-T1=false submit-rel=swung
[22:28:13.077] [27512] [I] SCOPY T3 frame=1475 drawn=23 buffer-after-draw=sampled changed-since-T2=true final-rel=swung node-row1=(0.065,0.968,-0.241)
[22:28:13.280] [27512] [I] SCOPY T0 frame=1483 capture=1 bone='NPC Pelvis [Pelv]' skin='clothes' root='skeleton_female.nif' bone-origin=(1.1,-485.2,2.7) bone-row1=(0.053,0.989,0.137) witness='NPC L Toe0 [LToe]' witness-radius=23.95 subtree-nodes=219
[22:28:13.280] [27512] [I] SCOPY T1 frame=1483 bone-row1=(0.066,0.950,-0.306) orientation-delta-deg=25.7 witness-moved=10.65 moved-range=[0.85,14.13] slot=10 buffer-pre=sampled pre-rel=swung probe-effective=true
[22:28:13.280] [27512] [I] SCOPY T2 frame=1483 pass-geometry='clothes' numMatrices=31 frameID=1749 buffer-submit=sampled changed-since-T1=false submit-rel=swung
[22:28:13.280] [27512] [I] SCOPY T3 frame=1483 drawn=23 buffer-after-draw=sampled changed-since-T2=true final-rel=swung node-row1=(0.066,0.950,-0.306)
[22:28:13.482] [27512] [I] SCOPY T0 frame=1491 capture=1 bone='NPC Pelvis [Pelv]' skin='clothes' root='skeleton_female.nif' bone-origin=(1.1,-485.2,2.7) bone-row1=(0.053,0.989,0.137) witness='NPC L Toe0 [LToe]' witness-radius=23.95 subtree-nodes=219
[22:28:13.482] [27512] [I] SCOPY T1 frame=1491 bone-row1=(0.067,0.931,-0.360) orientation-delta-deg=29.0 witness-moved=11.97 moved-range=[0.85,14.13] slot=10 buffer-pre=sampled pre-rel=swung probe-effective=true
[22:28:13.482] [27512] [I] SCOPY T2 frame=1491 pass-geometry='clothes' numMatrices=31 frameID=1757 buffer-submit=sampled changed-since-T1=false submit-rel=swung
[22:28:13.482] [27512] [I] SCOPY T3 frame=1491 drawn=23 buffer-after-draw=sampled changed-since-T2=true final-rel=swung node-row1=(0.067,0.931,-0.360)
[22:28:13.685] [27512] [I] SCOPY T0 frame=1499 capture=1 bone='NPC Pelvis [Pelv]' skin='clothes' root='skeleton_female.nif' bone-origin=(1.1,-485.2,2.7) bone-row1=(0.053,0.989,0.137) witness='NPC L Toe0 [LToe]' witness-radius=23.95 subtree-nodes=219
[22:28:13.685] [27512] [I] SCOPY T1 frame=1499 bone-row1=(0.068,0.914,-0.401) orientation-delta-deg=31.5 witness-moved=13.00 moved-range=[0.85,14.13] slot=10 buffer-pre=sampled pre-rel=swung probe-effective=true
[22:28:13.685] [27512] [I] SCOPY T2 frame=1499 pass-geometry='clothes' numMatrices=31 frameID=1765 buffer-submit=sampled changed-since-T1=false submit-rel=swung
[22:28:13.685] [27512] [I] SCOPY T3 frame=1499 drawn=23 buffer-after-draw=sampled changed-since-T2=true final-rel=swung node-row1=(0.068,0.914,-0.401)
[22:28:13.890] [27512] [I] SCOPY T0 frame=1507 capture=1 bone='NPC Pelvis [Pelv]' skin='clothes' root='skeleton_female.nif' bone-origin=(1.1,-485.2,2.7) bone-row1=(0.053,0.989,0.137) witness='NPC L Toe0 [LToe]' witness-radius=23.95 subtree-nodes=219
[22:28:13.890] [27512] [I] SCOPY T1 frame=1507 bone-row1=(0.068,0.901,-0.429) orientation-delta-deg=33.3 witness-moved=13.71 moved-range=[0.85,14.13] slot=10 buffer-pre=sampled pre-rel=swung probe-effective=true
[22:28:13.890] [27512] [I] SCOPY T2 frame=1507 pass-geometry='clothes' numMatrices=31 frameID=1773 buffer-submit=sampled changed-since-T1=false submit-rel=swung
[22:28:13.890] [27512] [I] SCOPY T3 frame=1507 drawn=23 buffer-after-draw=sampled changed-since-T2=true final-rel=swung node-row1=(0.068,0.901,-0.429)
[22:28:14.093] [27512] [I] SCOPY T0 frame=1515 capture=1 bone='NPC Pelvis [Pelv]' skin='clothes' root='skeleton_female.nif' bone-origin=(1.1,-485.2,2.7) bone-row1=(0.053,0.989,0.137) witness='NPC L Toe0 [LToe]' witness-radius=23.95 subtree-nodes=219
[22:28:14.093] [27512] [I] SCOPY T1 frame=1515 bone-row1=(0.068,0.894,-0.444) orientation-delta-deg=34.2 witness-moved=14.09 moved-range=[0.85,14.13] slot=10 buffer-pre=sampled pre-rel=swung probe-effective=true
[22:28:14.093] [27512] [I] SCOPY T2 frame=1515 pass-geometry='clothes' numMatrices=31 frameID=1781 buffer-submit=sampled changed-since-T1=false submit-rel=swung
[22:28:14.093] [27512] [I] SCOPY T3 frame=1515 drawn=23 buffer-after-draw=sampled changed-since-T2=true final-rel=swung node-row1=(0.068,0.894,-0.444)
[22:28:14.303] [27512] [I] SCOPY T0 frame=1523 capture=1 bone='NPC Pelvis [Pelv]' skin='clothes' root='skeleton_female.nif' bone-origin=(1.1,-485.2,2.7) bone-row1=(0.053,0.989,0.137) witness='NPC L Toe0 [LToe]' witness-radius=23.95 subtree-nodes=219
[22:28:14.303] [27512] [I] SCOPY T1 frame=1523 bone-row1=(0.068,0.893,-0.445) orientation-delta-deg=34.3 witness-moved=14.13 moved-range=[0.85,14.13] slot=10 buffer-pre=sampled pre-rel=swung probe-effective=true
[22:28:14.303] [27512] [I] SCOPY T2 frame=1523 pass-geometry='clothes' numMatrices=31 frameID=1789 buffer-submit=sampled changed-since-T1=false submit-rel=swung
[22:28:14.303] [27512] [I] SCOPY T3 frame=1523 drawn=23 buffer-after-draw=sampled changed-since-T2=true final-rel=swung node-row1=(0.068,0.893,-0.445)
[22:28:14.506] [27512] [I] SCOPY T0 frame=1531 capture=1 bone='NPC Pelvis [Pelv]' skin='clothes' root='skeleton_female.nif' bone-origin=(1.1,-485.2,2.7) bone-row1=(0.053,0.989,0.137) witness='NPC L Toe0 [LToe]' witness-radius=23.95 subtree-nodes=219
[22:28:14.506] [27512] [I] SCOPY T1 frame=1531 bone-row1=(0.068,0.898,-0.434) orientation-delta-deg=33.6 witness-moved=13.84 moved-range=[0.85,14.13] slot=10 buffer-pre=sampled pre-rel=swung probe-effective=true
[22:28:14.506] [27512] [I] SCOPY T2 frame=1531 pass-geometry='clothes' numMatrices=31 frameID=1797 buffer-submit=sampled changed-since-T1=false submit-rel=swung
[22:28:14.506] [27512] [I] SCOPY T3 frame=1531 drawn=23 buffer-after-draw=sampled changed-since-T2=true final-rel=swung node-row1=(0.068,0.898,-0.434)
[22:28:14.709] [27512] [I] SCOPY T0 frame=1539 capture=1 bone='NPC Pelvis [Pelv]' skin='clothes' root='skeleton_female.nif' bone-origin=(1.1,-485.2,2.7) bone-row1=(0.053,0.989,0.137) witness='NPC L Toe0 [LToe]' witness-radius=23.95 subtree-nodes=219
[22:28:14.709] [27512] [I] SCOPY T1 frame=1539 bone-row1=(0.068,0.910,-0.409) orientation-delta-deg=32.0 witness-moved=13.21 moved-range=[0.85,14.13] slot=10 buffer-pre=sampled pre-rel=swung probe-effective=true
[22:28:14.709] [27512] [I] SCOPY T2 frame=1539 pass-geometry='clothes' numMatrices=31 frameID=1805 buffer-submit=sampled changed-since-T1=false submit-rel=swung
[22:28:14.709] [27512] [I] SCOPY T3 frame=1539 drawn=23 buffer-after-draw=sampled changed-since-T2=true final-rel=swung node-row1=(0.068,0.910,-0.409)
[22:28:14.909] [27512] [I] SCOPY T0 frame=1547 capture=1 bone='NPC Pelvis [Pelv]' skin='clothes' root='skeleton_female.nif' bone-origin=(1.1,-485.2,2.7) bone-row1=(0.053,0.989,0.137) witness='NPC L Toe0 [LToe]' witness-radius=23.95 subtree-nodes=219
[22:28:14.909] [27512] [I] SCOPY T1 frame=1547 bone-row1=(0.067,0.926,-0.371) orientation-delta-deg=29.7 witness-moved=12.26 moved-range=[0.85,14.13] slot=10 buffer-pre=sampled pre-rel=swung probe-effective=true
[22:28:14.909] [27512] [I] SCOPY T2 frame=1547 pass-geometry='clothes' numMatrices=31 frameID=1813 buffer-submit=sampled changed-since-T1=false submit-rel=swung
[22:28:14.909] [27512] [I] SCOPY T3 frame=1547 drawn=23 buffer-after-draw=sampled changed-since-T2=true final-rel=swung node-row1=(0.067,0.926,-0.371)
[22:28:15.119] [27512] [I] SCOPY T0 frame=1555 capture=1 bone='NPC Pelvis [Pelv]' skin='clothes' root='skeleton_female.nif' bone-origin=(1.1,-485.2,2.7) bone-row1=(0.053,0.989,0.137) witness='NPC L Toe0 [LToe]' witness-radius=23.95 subtree-nodes=219
[22:28:15.119] [27512] [I] SCOPY T1 frame=1555 bone-row1=(0.067,0.945,-0.321) orientation-delta-deg=26.6 witness-moved=11.01 moved-range=[0.85,14.13] slot=10 buffer-pre=sampled pre-rel=swung probe-effective=true
[22:28:15.119] [27512] [I] SCOPY T2 frame=1555 pass-geometry='clothes' numMatrices=31 frameID=1821 buffer-submit=sampled changed-since-T1=false submit-rel=swung
[22:28:15.119] [27512] [I] SCOPY T3 frame=1555 drawn=23 buffer-after-draw=sampled changed-since-T2=true final-rel=swung node-row1=(0.067,0.945,-0.321)
[22:28:15.166] [27512] [I] SCOPY KEY rotate pressed (VK_F3 -> scan 61)
[22:28:15.169] [27512] [I] SCOPY ROTATE angle-deg=90
[22:28:15.317] [27512] [I] SCOPY T0 frame=1563 capture=1 bone='NPC Pelvis [Pelv]' skin='clothes' root='skeleton_female.nif' bone-origin=(0.2,-486.5,2.7) bone-row1=(-0.998,0.058,-0.035) witness='NPC L Toe0 [LToe]' witness-radius=23.95 subtree-nodes=219
[22:28:15.317] [27512] [I] SCOPY T1 frame=1563 bone-row1=(-0.903,0.106,-0.417) orientation-delta-deg=22.8 witness-moved=9.46 moved-range=[0.85,14.13] slot=10 buffer-pre=sampled pre-rel=captured probe-effective=true
[22:28:15.317] [27512] [I] SCOPY T2 frame=1563 pass-geometry='clothes' numMatrices=31 frameID=1829 buffer-submit=sampled changed-since-T1=false submit-rel=captured
[22:28:15.317] [27512] [I] SCOPY T3 frame=1563 drawn=23 buffer-after-draw=sampled changed-since-T2=true final-rel=captured node-row1=(-0.903,0.106,-0.417)
[22:28:15.528] [27512] [I] SCOPY T0 frame=1571 capture=1 bone='NPC Pelvis [Pelv]' skin='clothes' root='skeleton_female.nif' bone-origin=(0.2,-486.5,2.7) bone-row1=(-0.998,0.058,-0.035) witness='NPC L Toe0 [LToe]' witness-radius=23.95 subtree-nodes=219
[22:28:15.528] [27512] [I] SCOPY T1 frame=1571 bone-row1=(-0.932,0.098,-0.348) orientation-delta-deg=18.5 witness-moved=7.69 moved-range=[0.85,14.13] slot=10 buffer-pre=sampled pre-rel=captured probe-effective=true
[22:28:15.528] [27512] [I] SCOPY T2 frame=1571 pass-geometry='clothes' numMatrices=31 frameID=1837 buffer-submit=sampled changed-since-T1=false submit-rel=captured
[22:28:15.528] [27512] [I] SCOPY T3 frame=1571 drawn=23 buffer-after-draw=sampled changed-since-T2=true final-rel=captured node-row1=(-0.932,0.098,-0.348)
[22:28:15.727] [27512] [I] SCOPY T0 frame=1579 capture=1 bone='NPC Pelvis [Pelv]' skin='clothes' root='skeleton_female.nif' bone-origin=(0.2,-486.5,2.7) bone-row1=(-0.998,0.058,-0.035) witness='NPC L Toe0 [LToe]' witness-radius=23.95 subtree-nodes=219
[22:28:15.727] [27512] [I] SCOPY T1 frame=1579 bone-row1=(-0.959,0.089,-0.270) orientation-delta-deg=13.8 witness-moved=5.73 moved-range=[0.85,14.13] slot=10 buffer-pre=sampled pre-rel=captured probe-effective=true
[22:28:15.727] [27512] [I] SCOPY T2 frame=1579 pass-geometry='clothes' numMatrices=31 frameID=1845 buffer-submit=sampled changed-since-T1=false submit-rel=captured
[22:28:15.727] [27512] [I] SCOPY T3 frame=1579 drawn=23 buffer-after-draw=sampled changed-since-T2=true final-rel=captured node-row1=(-0.959,0.089,-0.270)
[22:28:15.826] [27512] [I] Clone draw: passes=23 rd-null=23 lights=3 | geoms=23 skinned=23 roots=2 num-mat=331 bone-count=331 bound=331
[22:28:15.826] [27512] [I] SCOPY DRAW frame=601 passes=23 lights=true animation-driver=none physics-driver=none
[22:28:15.925] [27512] [I] SCOPY T0 frame=1587 capture=1 bone='NPC Pelvis [Pelv]' skin='clothes' root='skeleton_female.nif' bone-origin=(0.2,-486.5,2.7) bone-row1=(-0.998,0.058,-0.035) witness='NPC L Toe0 [LToe]' witness-radius=23.95 subtree-nodes=219
[22:28:15.925] [27512] [I] SCOPY T1 frame=1587 bone-row1=(-0.980,0.078,-0.184) orientation-delta-deg=8.7 witness-moved=3.62 moved-range=[0.85,14.13] slot=10 buffer-pre=sampled pre-rel=captured probe-effective=true
[22:28:15.925] [27512] [I] SCOPY T2 frame=1587 pass-geometry='clothes' numMatrices=31 frameID=1853 buffer-submit=sampled changed-since-T1=false submit-rel=captured
[22:28:15.925] [27512] [I] SCOPY T3 frame=1587 drawn=23 buffer-after-draw=sampled changed-since-T2=true final-rel=captured node-row1=(-0.980,0.078,-0.184)
[22:28:16.130] [27512] [I] SCOPY T0 frame=1595 capture=1 bone='NPC Pelvis [Pelv]' skin='clothes' root='skeleton_female.nif' bone-origin=(0.2,-486.5,2.7) bone-row1=(-0.998,0.058,-0.035) witness='NPC L Toe0 [LToe]' witness-radius=23.95 subtree-nodes=219
[22:28:16.130] [27512] [I] SCOPY T1 frame=1595 bone-row1=(-0.993,0.066,-0.094) orientation-delta-deg=3.4 witness-moved=1.40 moved-range=[0.85,14.13] slot=10 buffer-pre=sampled pre-rel=captured probe-effective=true
[22:28:16.130] [27512] [I] SCOPY T2 frame=1595 pass-geometry='clothes' numMatrices=31 frameID=1861 buffer-submit=sampled changed-since-T1=false submit-rel=captured
[22:28:16.130] [27512] [I] SCOPY T3 frame=1595 drawn=23 buffer-after-draw=sampled changed-since-T2=true final-rel=captured node-row1=(-0.993,0.066,-0.094)
[22:28:16.325] [27512] [I] SCOPY T0 frame=1603 capture=1 bone='NPC Pelvis [Pelv]' skin='clothes' root='skeleton_female.nif' bone-origin=(0.2,-486.5,2.7) bone-row1=(-0.998,0.058,-0.035) witness='NPC L Toe0 [LToe]' witness-radius=23.95 subtree-nodes=219
[22:28:16.325] [27512] [I] SCOPY T1 frame=1603 bone-row1=(-0.999,0.054,-0.000) orientation-delta-deg=2.0 witness-moved=0.84 moved-range=[0.84,14.13] slot=10 buffer-pre=sampled pre-rel=swung probe-effective=true
[22:28:16.325] [27512] [I] SCOPY T2 frame=1603 pass-geometry='clothes' numMatrices=31 frameID=1869 buffer-submit=sampled changed-since-T1=false submit-rel=swung
[22:28:16.325] [27512] [I] SCOPY T3 frame=1603 drawn=23 buffer-after-draw=sampled changed-since-T2=true final-rel=swung node-row1=(-0.999,0.054,-0.000)
[22:28:16.534] [27512] [I] SCOPY T0 frame=1611 capture=1 bone='NPC Pelvis [Pelv]' skin='clothes' root='skeleton_female.nif' bone-origin=(0.2,-486.5,2.7) bone-row1=(-0.998,0.058,-0.035) witness='NPC L Toe0 [LToe]' witness-radius=23.95 subtree-nodes=219
[22:28:16.534] [27512] [I] SCOPY T1 frame=1611 bone-row1=(-0.995,0.041,0.092) orientation-delta-deg=7.4 witness-moved=3.07 moved-range=[0.84,14.13] slot=10 buffer-pre=sampled pre-rel=swung probe-effective=true
[22:28:16.534] [27512] [I] SCOPY T2 frame=1611 pass-geometry='clothes' numMatrices=31 frameID=1877 buffer-submit=sampled changed-since-T1=false submit-rel=swung
[22:28:16.534] [27512] [I] SCOPY T3 frame=1611 drawn=23 buffer-after-draw=sampled changed-since-T2=true final-rel=swung node-row1=(-0.995,0.041,0.092)
[22:28:16.731] [27512] [I] SCOPY T0 frame=1619 capture=1 bone='NPC Pelvis [Pelv]' skin='clothes' root='skeleton_female.nif' bone-origin=(0.2,-486.5,2.7) bone-row1=(-0.998,0.058,-0.035) witness='NPC L Toe0 [LToe]' witness-radius=23.95 subtree-nodes=219
[22:28:16.731] [27512] [I] SCOPY T1 frame=1619 bone-row1=(-0.983,0.028,0.180) orientation-delta-deg=12.5 witness-moved=5.21 moved-range=[0.84,14.13] slot=10 buffer-pre=sampled pre-rel=neither probe-effective=true
[22:28:16.731] [27512] [I] SCOPY T2 frame=1619 pass-geometry='clothes' numMatrices=31 frameID=1885 buffer-submit=sampled changed-since-T1=false submit-rel=neither
[22:28:16.731] [27512] [I] SCOPY T3 frame=1619 drawn=23 buffer-after-draw=sampled changed-since-T2=true final-rel=swung node-row1=(-0.983,0.028,0.180)
[22:28:16.932] [27512] [I] SCOPY T0 frame=1627 capture=1 bone='NPC Pelvis [Pelv]' skin='clothes' root='skeleton_female.nif' bone-origin=(0.2,-486.5,2.7) bone-row1=(-0.998,0.058,-0.035) witness='NPC L Toe0 [LToe]' witness-radius=23.95 subtree-nodes=219
[22:28:16.932] [27512] [I] SCOPY T1 frame=1627 bone-row1=(-0.965,0.016,0.262) orientation-delta-deg=17.4 witness-moved=7.22 moved-range=[0.84,14.13] slot=10 buffer-pre=sampled pre-rel=neither probe-effective=true
[22:28:16.932] [27512] [I] SCOPY T2 frame=1627 pass-geometry='clothes' numMatrices=31 frameID=1893 buffer-submit=sampled changed-since-T1=false submit-rel=neither
[22:28:16.932] [27512] [I] SCOPY T3 frame=1627 drawn=23 buffer-after-draw=sampled changed-since-T2=true final-rel=swung node-row1=(-0.965,0.016,0.262)
[22:28:17.129] [27512] [I] SCOPY T0 frame=1635 capture=1 bone='NPC Pelvis [Pelv]' skin='clothes' root='skeleton_female.nif' bone-origin=(0.2,-486.5,2.7) bone-row1=(-0.998,0.058,-0.035) witness='NPC L Toe0 [LToe]' witness-radius=23.95 subtree-nodes=219
[22:28:17.129] [27512] [I] SCOPY T1 frame=1635 bone-row1=(-0.942,0.004,0.335) orientation-delta-deg=21.8 witness-moved=9.04 moved-range=[0.84,14.13] slot=10 buffer-pre=sampled pre-rel=swung probe-effective=true
[22:28:17.129] [27512] [I] SCOPY T2 frame=1635 pass-geometry='clothes' numMatrices=31 frameID=1901 buffer-submit=sampled changed-since-T1=false submit-rel=swung
[22:28:17.129] [27512] [I] SCOPY T3 frame=1635 drawn=23 buffer-after-draw=sampled changed-since-T2=true final-rel=swung node-row1=(-0.942,0.004,0.335)
[22:28:17.325] [27512] [I] SCOPY T0 frame=1643 capture=1 bone='NPC Pelvis [Pelv]' skin='clothes' root='skeleton_female.nif' bone-origin=(0.2,-486.5,2.7) bone-row1=(-0.998,0.058,-0.035) witness='NPC L Toe0 [LToe]' witness-radius=23.95 subtree-nodes=219
[22:28:17.325] [27512] [I] SCOPY T1 frame=1643 bone-row1=(-0.918,-0.006,0.397) orientation-delta-deg=25.7 witness-moved=10.63 moved-range=[0.84,14.13] slot=10 buffer-pre=sampled pre-rel=swung probe-effective=true
[22:28:17.325] [27512] [I] SCOPY T2 frame=1643 pass-geometry='clothes' numMatrices=31 frameID=1909 buffer-submit=sampled changed-since-T1=false submit-rel=swung
[22:28:17.325] [27512] [I] SCOPY T3 frame=1643 drawn=23 buffer-after-draw=sampled changed-since-T2=true final-rel=swung node-row1=(-0.918,-0.006,0.397)
[22:28:17.536] [27512] [I] SCOPY T0 frame=1651 capture=1 bone='NPC Pelvis [Pelv]' skin='clothes' root='skeleton_female.nif' bone-origin=(0.2,-486.5,2.7) bone-row1=(-0.998,0.058,-0.035) witness='NPC L Toe0 [LToe]' witness-radius=23.95 subtree-nodes=219
[22:28:17.536] [27512] [I] SCOPY T1 frame=1651 bone-row1=(-0.894,-0.014,0.448) orientation-delta-deg=29.0 witness-moved=11.95 moved-range=[0.84,14.13] slot=10 buffer-pre=sampled pre-rel=swung probe-effective=true
[22:28:17.536] [27512] [I] SCOPY T2 frame=1651 pass-geometry='clothes' numMatrices=31 frameID=1917 buffer-submit=sampled changed-since-T1=false submit-rel=swung
[22:28:17.536] [27512] [I] SCOPY T3 frame=1651 drawn=23 buffer-after-draw=sampled changed-since-T2=true final-rel=swung node-row1=(-0.894,-0.014,0.448)
[22:28:17.735] [27512] [I] SCOPY T0 frame=1659 capture=1 bone='NPC Pelvis [Pelv]' skin='clothes' root='skeleton_female.nif' bone-origin=(0.2,-486.5,2.7) bone-row1=(-0.998,0.058,-0.035) witness='NPC L Toe0 [LToe]' witness-radius=23.95 subtree-nodes=219
[22:28:17.735] [27512] [I] SCOPY T1 frame=1659 bone-row1=(-0.873,-0.020,0.487) orientation-delta-deg=31.5 witness-moved=12.97 moved-range=[0.84,14.13] slot=10 buffer-pre=sampled pre-rel=swung probe-effective=true
[22:28:17.735] [27512] [I] SCOPY T2 frame=1659 pass-geometry='clothes' numMatrices=31 frameID=1925 buffer-submit=sampled changed-since-T1=false submit-rel=swung
[22:28:17.735] [27512] [I] SCOPY T3 frame=1659 drawn=23 buffer-after-draw=sampled changed-since-T2=true final-rel=swung node-row1=(-0.873,-0.020,0.487)
[22:28:17.931] [27512] [I] SCOPY T0 frame=1667 capture=1 bone='NPC Pelvis [Pelv]' skin='clothes' root='skeleton_female.nif' bone-origin=(0.2,-486.5,2.7) bone-row1=(-0.998,0.058,-0.035) witness='NPC L Toe0 [LToe]' witness-radius=23.95 subtree-nodes=219
[22:28:17.931] [27512] [I] SCOPY T1 frame=1667 bone-row1=(-0.858,-0.025,0.513) orientation-delta-deg=33.3 witness-moved=13.68 moved-range=[0.84,14.13] slot=10 buffer-pre=sampled pre-rel=swung probe-effective=true
[22:28:17.931] [27512] [I] SCOPY T2 frame=1667 pass-geometry='clothes' numMatrices=31 frameID=1933 buffer-submit=sampled changed-since-T1=false submit-rel=swung
[22:28:17.931] [27512] [I] SCOPY T3 frame=1667 drawn=23 buffer-after-draw=sampled changed-since-T2=true final-rel=swung node-row1=(-0.858,-0.025,0.513)
[22:28:18.143] [27512] [I] SCOPY T0 frame=1675 capture=1 bone='NPC Pelvis [Pelv]' skin='clothes' root='skeleton_female.nif' bone-origin=(0.2,-486.5,2.7) bone-row1=(-0.998,0.058,-0.035) witness='NPC L Toe0 [LToe]' witness-radius=23.95 subtree-nodes=219
[22:28:18.143] [27512] [I] SCOPY T1 frame=1675 bone-row1=(-0.849,-0.027,0.527) orientation-delta-deg=34.2 witness-moved=14.06 moved-range=[0.84,14.13] slot=10 buffer-pre=sampled pre-rel=swung probe-effective=true
[22:28:18.143] [27512] [I] SCOPY T2 frame=1675 pass-geometry='clothes' numMatrices=31 frameID=1941 buffer-submit=sampled changed-since-T1=false submit-rel=swung
[22:28:18.143] [27512] [I] SCOPY T3 frame=1675 drawn=23 buffer-after-draw=sampled changed-since-T2=true final-rel=swung node-row1=(-0.849,-0.027,0.527)
[22:28:18.238] [27512] [I] SCOPY KEY rotate pressed (VK_F3 -> scan 61)
[22:28:18.241] [27512] [I] SCOPY ROTATE angle-deg=180
[22:28:18.338] [27512] [I] SCOPY T0 frame=1683 capture=1 bone='NPC Pelvis [Pelv]' skin='clothes' root='skeleton_female.nif' bone-origin=(-1.1,-485.5,2.7) bone-row1=(-0.053,-0.989,-0.137) witness='NPC L Toe0 [LToe]' witness-radius=23.95 subtree-nodes=219
[22:28:18.338] [27512] [I] SCOPY T1 frame=1683 bone-row1=(-0.068,-0.893,0.445) orientation-delta-deg=34.3 witness-moved=14.15 moved-range=[0.84,14.15] slot=10 buffer-pre=sampled pre-rel=swung probe-effective=true
[22:28:18.338] [27512] [I] SCOPY T2 frame=1683 pass-geometry='clothes' numMatrices=31 frameID=1949 buffer-submit=sampled changed-since-T1=false submit-rel=swung
[22:28:18.338] [27512] [I] SCOPY T3 frame=1683 drawn=23 buffer-after-draw=sampled changed-since-T2=true final-rel=swung node-row1=(-0.068,-0.893,0.445)
[22:28:18.529] [27512] [I] SCOPY T0 frame=1691 capture=1 bone='NPC Pelvis [Pelv]' skin='clothes' root='skeleton_female.nif' bone-origin=(-1.1,-485.5,2.7) bone-row1=(-0.053,-0.989,-0.137) witness='NPC L Toe0 [LToe]' witness-radius=23.95 subtree-nodes=219
[22:28:18.529] [27512] [I] SCOPY T1 frame=1691 bone-row1=(-0.068,-0.898,0.434) orientation-delta-deg=33.6 witness-moved=13.85 moved-range=[0.84,14.15] slot=10 buffer-pre=sampled pre-rel=swung probe-effective=true
[22:28:18.529] [27512] [I] SCOPY T2 frame=1691 pass-geometry='clothes' numMatrices=31 frameID=1957 buffer-submit=sampled changed-since-T1=false submit-rel=swung
[22:28:18.529] [27512] [I] SCOPY T3 frame=1691 drawn=23 buffer-after-draw=sampled changed-since-T2=true final-rel=swung node-row1=(-0.068,-0.898,0.434)
[22:28:18.722] [27512] [I] SCOPY T0 frame=1699 capture=1 bone='NPC Pelvis [Pelv]' skin='clothes' root='skeleton_female.nif' bone-origin=(-1.1,-485.5,2.7) bone-row1=(-0.053,-0.989,-0.137) witness='NPC L Toe0 [LToe]' witness-radius=23.95 subtree-nodes=219
[22:28:18.722] [27512] [I] SCOPY T1 frame=1699 bone-row1=(-0.068,-0.910,0.409) orientation-delta-deg=32.0 witness-moved=13.22 moved-range=[0.84,14.15] slot=10 buffer-pre=sampled pre-rel=swung probe-effective=true
[22:28:18.722] [27512] [I] SCOPY T2 frame=1699 pass-geometry='clothes' numMatrices=31 frameID=1965 buffer-submit=sampled changed-since-T1=false submit-rel=swung
[22:28:18.722] [27512] [I] SCOPY T3 frame=1699 drawn=23 buffer-after-draw=sampled changed-since-T2=true final-rel=swung node-row1=(-0.068,-0.910,0.409)
[22:28:18.830] [27512] [I] Clone draw: passes=23 rd-null=23 lights=3 | geoms=23 skinned=23 roots=2 num-mat=331 bone-count=331 bound=331
[22:28:18.830] [27512] [I] SCOPY DRAW frame=721 passes=23 lights=true animation-driver=none physics-driver=none
[22:28:18.931] [27512] [I] SCOPY T0 frame=1707 capture=1 bone='NPC Pelvis [Pelv]' skin='clothes' root='skeleton_female.nif' bone-origin=(-1.1,-485.5,2.7) bone-row1=(-0.053,-0.989,-0.137) witness='NPC L Toe0 [LToe]' witness-radius=23.95 subtree-nodes=219
[22:28:18.931] [27512] [I] SCOPY T1 frame=1707 bone-row1=(-0.067,-0.926,0.371) orientation-delta-deg=29.7 witness-moved=12.27 moved-range=[0.84,14.15] slot=10 buffer-pre=sampled pre-rel=swung probe-effective=true
[22:28:18.931] [27512] [I] SCOPY T2 frame=1707 pass-geometry='clothes' numMatrices=31 frameID=1973 buffer-submit=sampled changed-since-T1=false submit-rel=swung
[22:28:18.931] [27512] [I] SCOPY T3 frame=1707 drawn=23 buffer-after-draw=sampled changed-since-T2=true final-rel=swung node-row1=(-0.067,-0.926,0.371)
[22:28:19.124] [27512] [I] SCOPY T0 frame=1715 capture=1 bone='NPC Pelvis [Pelv]' skin='clothes' root='skeleton_female.nif' bone-origin=(-1.1,-485.5,2.7) bone-row1=(-0.053,-0.989,-0.137) witness='NPC L Toe0 [LToe]' witness-radius=23.95 subtree-nodes=219
[22:28:19.124] [27512] [I] SCOPY T1 frame=1715 bone-row1=(-0.067,-0.945,0.321) orientation-delta-deg=26.6 witness-moved=11.02 moved-range=[0.84,14.15] slot=10 buffer-pre=sampled pre-rel=swung probe-effective=true
[22:28:19.124] [27512] [I] SCOPY T2 frame=1715 pass-geometry='clothes' numMatrices=31 frameID=1981 buffer-submit=sampled changed-since-T1=false submit-rel=swung
[22:28:19.124] [27512] [I] SCOPY T3 frame=1715 drawn=23 buffer-after-draw=sampled changed-since-T2=true final-rel=swung node-row1=(-0.067,-0.945,0.321)
[22:28:19.254] [27512] [I] SCOPY KEY rotate pressed (VK_F3 -> scan 61)
[22:28:19.257] [27512] [I] SCOPY ROTATE angle-deg=270
[22:28:19.331] [27512] [I] SCOPY T0 frame=1723 capture=1 bone='NPC Pelvis [Pelv]' skin='clothes' root='skeleton_female.nif' bone-origin=(-0.2,-484.2,2.7) bone-row1=(0.998,-0.058,0.035) witness='NPC L Toe0 [LToe]' witness-radius=23.95 subtree-nodes=219
[22:28:19.331] [27512] [I] SCOPY T1 frame=1723 bone-row1=(0.903,-0.106,0.417) orientation-delta-deg=22.8 witness-moved=9.46 moved-range=[0.84,14.15] slot=10 buffer-pre=sampled pre-rel=captured probe-effective=true
[22:28:19.331] [27512] [I] SCOPY T2 frame=1723 pass-geometry='clothes' numMatrices=31 frameID=1989 buffer-submit=sampled changed-since-T1=false submit-rel=captured
[22:28:19.331] [27512] [I] SCOPY T3 frame=1723 drawn=23 buffer-after-draw=sampled changed-since-T2=true final-rel=captured node-row1=(0.903,-0.106,0.417)
[22:28:19.527] [27512] [I] SCOPY T0 frame=1731 capture=1 bone='NPC Pelvis [Pelv]' skin='clothes' root='skeleton_female.nif' bone-origin=(-0.2,-484.2,2.7) bone-row1=(0.998,-0.058,0.035) witness='NPC L Toe0 [LToe]' witness-radius=23.95 subtree-nodes=219
[22:28:19.528] [27512] [I] SCOPY T1 frame=1731 bone-row1=(0.932,-0.098,0.348) orientation-delta-deg=18.5 witness-moved=7.70 moved-range=[0.84,14.15] slot=10 buffer-pre=sampled pre-rel=captured probe-effective=true
[22:28:19.528] [27512] [I] SCOPY T2 frame=1731 pass-geometry='clothes' numMatrices=31 frameID=1997 buffer-submit=sampled changed-since-T1=false submit-rel=captured
[22:28:19.528] [27512] [I] SCOPY T3 frame=1731 drawn=23 buffer-after-draw=sampled changed-since-T2=true final-rel=captured node-row1=(0.932,-0.098,0.348)
[22:28:19.732] [27512] [I] SCOPY T0 frame=1739 capture=1 bone='NPC Pelvis [Pelv]' skin='clothes' root='skeleton_female.nif' bone-origin=(-0.2,-484.2,2.7) bone-row1=(0.998,-0.058,0.035) witness='NPC L Toe0 [LToe]' witness-radius=23.95 subtree-nodes=219
[22:28:19.733] [27512] [I] SCOPY T1 frame=1739 bone-row1=(0.959,-0.089,0.270) orientation-delta-deg=13.8 witness-moved=5.73 moved-range=[0.84,14.15] slot=10 buffer-pre=sampled pre-rel=captured probe-effective=true
[22:28:19.733] [27512] [I] SCOPY T2 frame=1739 pass-geometry='clothes' numMatrices=31 frameID=2005 buffer-submit=sampled changed-since-T1=false submit-rel=captured
[22:28:19.733] [27512] [I] SCOPY T3 frame=1739 drawn=23 buffer-after-draw=sampled changed-since-T2=true final-rel=captured node-row1=(0.959,-0.089,0.270)
[22:28:19.934] [27512] [I] SCOPY T0 frame=1747 capture=1 bone='NPC Pelvis [Pelv]' skin='clothes' root='skeleton_female.nif' bone-origin=(-0.2,-484.2,2.7) bone-row1=(0.998,-0.058,0.035) witness='NPC L Toe0 [LToe]' witness-radius=23.95 subtree-nodes=219
[22:28:19.934] [27512] [I] SCOPY T1 frame=1747 bone-row1=(0.980,-0.078,0.184) orientation-delta-deg=8.7 witness-moved=3.62 moved-range=[0.84,14.15] slot=10 buffer-pre=sampled pre-rel=captured probe-effective=true
[22:28:19.934] [27512] [I] SCOPY T2 frame=1747 pass-geometry='clothes' numMatrices=31 frameID=2013 buffer-submit=sampled changed-since-T1=false submit-rel=captured
[22:28:19.934] [27512] [I] SCOPY T3 frame=1747 drawn=23 buffer-after-draw=sampled changed-since-T2=true final-rel=captured node-row1=(0.980,-0.078,0.184)
[22:28:20.150] [27512] [I] SCOPY T0 frame=1755 capture=1 bone='NPC Pelvis [Pelv]' skin='clothes' root='skeleton_female.nif' bone-origin=(-0.2,-484.2,2.7) bone-row1=(0.998,-0.058,0.035) witness='NPC L Toe0 [LToe]' witness-radius=23.95 subtree-nodes=219
[22:28:20.150] [27512] [I] SCOPY T1 frame=1755 bone-row1=(0.993,-0.066,0.094) orientation-delta-deg=3.4 witness-moved=1.41 moved-range=[0.84,14.15] slot=10 buffer-pre=sampled pre-rel=captured probe-effective=true
[22:28:20.150] [27512] [I] SCOPY T2 frame=1755 pass-geometry='clothes' numMatrices=31 frameID=2021 buffer-submit=sampled changed-since-T1=false submit-rel=captured
[22:28:20.150] [27512] [I] SCOPY T3 frame=1755 drawn=23 buffer-after-draw=sampled changed-since-T2=true final-rel=captured node-row1=(0.993,-0.066,0.094)
[22:28:20.351] [27512] [I] SCOPY T0 frame=1763 capture=1 bone='NPC Pelvis [Pelv]' skin='clothes' root='skeleton_female.nif' bone-origin=(-0.2,-484.2,2.7) bone-row1=(0.998,-0.058,0.035) witness='NPC L Toe0 [LToe]' witness-radius=23.95 subtree-nodes=219
[22:28:20.351] [27512] [I] SCOPY T1 frame=1763 bone-row1=(0.999,-0.054,0.000) orientation-delta-deg=2.0 witness-moved=0.84 moved-range=[0.84,14.15] slot=10 buffer-pre=sampled pre-rel=swung probe-effective=true
[22:28:20.351] [27512] [I] SCOPY T2 frame=1763 pass-geometry='clothes' numMatrices=31 frameID=2029 buffer-submit=sampled changed-since-T1=false submit-rel=swung
[22:28:20.351] [27512] [I] SCOPY T3 frame=1763 drawn=23 buffer-after-draw=sampled changed-since-T2=true final-rel=swung node-row1=(0.999,-0.054,0.000)
[22:28:20.552] [27512] [I] SCOPY T0 frame=1771 capture=1 bone='NPC Pelvis [Pelv]' skin='clothes' root='skeleton_female.nif' bone-origin=(-0.2,-484.2,2.7) bone-row1=(0.998,-0.058,0.035) witness='NPC L Toe0 [LToe]' witness-radius=23.95 subtree-nodes=219
[22:28:20.552] [27512] [I] SCOPY T1 frame=1771 bone-row1=(0.995,-0.041,-0.092) orientation-delta-deg=7.4 witness-moved=3.07 moved-range=[0.84,14.15] slot=10 buffer-pre=sampled pre-rel=swung probe-effective=true
[22:28:20.552] [27512] [I] SCOPY T2 frame=1771 pass-geometry='clothes' numMatrices=31 frameID=2037 buffer-submit=sampled changed-since-T1=false submit-rel=swung
[22:28:20.552] [27512] [I] SCOPY T3 frame=1771 drawn=23 buffer-after-draw=sampled changed-since-T2=true final-rel=swung node-row1=(0.995,-0.041,-0.092)
[22:28:20.770] [27512] [I] SCOPY T0 frame=1779 capture=1 bone='NPC Pelvis [Pelv]' skin='clothes' root='skeleton_female.nif' bone-origin=(-0.2,-484.2,2.7) bone-row1=(0.998,-0.058,0.035) witness='NPC L Toe0 [LToe]' witness-radius=23.95 subtree-nodes=219
[22:28:20.770] [27512] [I] SCOPY T1 frame=1779 bone-row1=(0.983,-0.028,-0.180) orientation-delta-deg=12.5 witness-moved=5.22 moved-range=[0.84,14.15] slot=10 buffer-pre=sampled pre-rel=neither probe-effective=true
[22:28:20.770] [27512] [I] SCOPY T2 frame=1779 pass-geometry='clothes' numMatrices=31 frameID=2045 buffer-submit=sampled changed-since-T1=false submit-rel=neither
[22:28:20.770] [27512] [I] SCOPY T3 frame=1779 drawn=23 buffer-after-draw=sampled changed-since-T2=true final-rel=swung node-row1=(0.983,-0.028,-0.180)
[22:28:20.973] [27512] [I] SCOPY T0 frame=1787 capture=1 bone='NPC Pelvis [Pelv]' skin='clothes' root='skeleton_female.nif' bone-origin=(-0.2,-484.2,2.7) bone-row1=(0.998,-0.058,0.035) witness='NPC L Toe0 [LToe]' witness-radius=23.95 subtree-nodes=219
[22:28:20.973] [27512] [I] SCOPY T1 frame=1787 bone-row1=(0.965,-0.016,-0.262) orientation-delta-deg=17.4 witness-moved=7.22 moved-range=[0.84,14.15] slot=10 buffer-pre=sampled pre-rel=neither probe-effective=true
[22:28:20.973] [27512] [I] SCOPY T2 frame=1787 pass-geometry='clothes' numMatrices=31 frameID=2053 buffer-submit=sampled changed-since-T1=false submit-rel=neither
[22:28:20.973] [27512] [I] SCOPY T3 frame=1787 drawn=23 buffer-after-draw=sampled changed-since-T2=true final-rel=swung node-row1=(0.965,-0.016,-0.262)
[22:28:21.172] [27512] [I] SCOPY T0 frame=1795 capture=1 bone='NPC Pelvis [Pelv]' skin='clothes' root='skeleton_female.nif' bone-origin=(-0.2,-484.2,2.7) bone-row1=(0.998,-0.058,0.035) witness='NPC L Toe0 [LToe]' witness-radius=23.95 subtree-nodes=219
[22:28:21.172] [27512] [I] SCOPY T1 frame=1795 bone-row1=(0.942,-0.004,-0.335) orientation-delta-deg=21.8 witness-moved=9.04 moved-range=[0.84,14.15] slot=10 buffer-pre=sampled pre-rel=swung probe-effective=true
[22:28:21.172] [27512] [I] SCOPY T2 frame=1795 pass-geometry='clothes' numMatrices=31 frameID=2061 buffer-submit=sampled changed-since-T1=false submit-rel=swung
[22:28:21.172] [27512] [I] SCOPY T3 frame=1795 drawn=23 buffer-after-draw=sampled changed-since-T2=true final-rel=swung node-row1=(0.942,-0.004,-0.335)
[22:28:21.374] [27512] [I] SCOPY T0 frame=1803 capture=1 bone='NPC Pelvis [Pelv]' skin='clothes' root='skeleton_female.nif' bone-origin=(-0.2,-484.2,2.7) bone-row1=(0.998,-0.058,0.035) witness='NPC L Toe0 [LToe]' witness-radius=23.95 subtree-nodes=219
[22:28:21.374] [27512] [I] SCOPY T1 frame=1803 bone-row1=(0.918,0.006,-0.397) orientation-delta-deg=25.7 witness-moved=10.63 moved-range=[0.84,14.15] slot=10 buffer-pre=sampled pre-rel=swung probe-effective=true
[22:28:21.374] [27512] [I] SCOPY T2 frame=1803 pass-geometry='clothes' numMatrices=31 frameID=2069 buffer-submit=sampled changed-since-T1=false submit-rel=swung
[22:28:21.374] [27512] [I] SCOPY T3 frame=1803 drawn=23 buffer-after-draw=sampled changed-since-T2=true final-rel=swung node-row1=(0.918,0.006,-0.397)
[22:28:21.572] [27512] [I] SCOPY T0 frame=1811 capture=1 bone='NPC Pelvis [Pelv]' skin='clothes' root='skeleton_female.nif' bone-origin=(-0.2,-484.2,2.7) bone-row1=(0.998,-0.058,0.035) witness='NPC L Toe0 [LToe]' witness-radius=23.95 subtree-nodes=219
[22:28:21.572] [27512] [I] SCOPY T1 frame=1811 bone-row1=(0.894,0.014,-0.448) orientation-delta-deg=29.0 witness-moved=11.95 moved-range=[0.84,14.15] slot=10 buffer-pre=sampled pre-rel=swung probe-effective=true
[22:28:21.572] [27512] [I] SCOPY T2 frame=1811 pass-geometry='clothes' numMatrices=31 frameID=2077 buffer-submit=sampled changed-since-T1=false submit-rel=swung
[22:28:21.572] [27512] [I] SCOPY T3 frame=1811 drawn=23 buffer-after-draw=sampled changed-since-T2=true final-rel=swung node-row1=(0.894,0.014,-0.448)
[22:28:21.766] [27512] [I] SCOPY T0 frame=1819 capture=1 bone='NPC Pelvis [Pelv]' skin='clothes' root='skeleton_female.nif' bone-origin=(-0.2,-484.2,2.7) bone-row1=(0.998,-0.058,0.035) witness='NPC L Toe0 [LToe]' witness-radius=23.95 subtree-nodes=219
[22:28:21.766] [27512] [I] SCOPY T1 frame=1819 bone-row1=(0.873,0.020,-0.487) orientation-delta-deg=31.5 witness-moved=12.97 moved-range=[0.84,14.15] slot=10 buffer-pre=sampled pre-rel=swung probe-effective=true
[22:28:21.766] [27512] [I] SCOPY T2 frame=1819 pass-geometry='clothes' numMatrices=31 frameID=2085 buffer-submit=sampled changed-since-T1=false submit-rel=swung
[22:28:21.766] [27512] [I] SCOPY T3 frame=1819 drawn=23 buffer-after-draw=sampled changed-since-T2=true final-rel=swung node-row1=(0.873,0.020,-0.487)
[22:28:21.865] [27512] [I] Clone draw: passes=23 rd-null=23 lights=3 | geoms=23 skinned=23 roots=2 num-mat=331 bone-count=331 bound=331
[22:28:21.865] [27512] [I] SCOPY DRAW frame=841 passes=23 lights=true animation-driver=none physics-driver=none
[22:28:21.976] [27512] [I] SCOPY T0 frame=1827 capture=1 bone='NPC Pelvis [Pelv]' skin='clothes' root='skeleton_female.nif' bone-origin=(-0.2,-484.2,2.7) bone-row1=(0.998,-0.058,0.035) witness='NPC L Toe0 [LToe]' witness-radius=23.95 subtree-nodes=219
[22:28:21.976] [27512] [I] SCOPY T1 frame=1827 bone-row1=(0.858,0.025,-0.513) orientation-delta-deg=33.3 witness-moved=13.68 moved-range=[0.84,14.15] slot=10 buffer-pre=sampled pre-rel=swung probe-effective=true
[22:28:21.976] [27512] [I] SCOPY T2 frame=1827 pass-geometry='clothes' numMatrices=31 frameID=2093 buffer-submit=sampled changed-since-T1=false submit-rel=swung
[22:28:21.976] [27512] [I] SCOPY T3 frame=1827 drawn=23 buffer-after-draw=sampled changed-since-T2=true final-rel=swung node-row1=(0.858,0.025,-0.513)
[22:28:22.182] [27512] [I] SCOPY T0 frame=1835 capture=1 bone='NPC Pelvis [Pelv]' skin='clothes' root='skeleton_female.nif' bone-origin=(-0.2,-484.2,2.7) bone-row1=(0.998,-0.058,0.035) witness='NPC L Toe0 [LToe]' witness-radius=23.95 subtree-nodes=219
[22:28:22.182] [27512] [I] SCOPY T1 frame=1835 bone-row1=(0.849,0.027,-0.527) orientation-delta-deg=34.2 witness-moved=14.06 moved-range=[0.84,14.15] slot=10 buffer-pre=sampled pre-rel=swung probe-effective=true
[22:28:22.182] [27512] [I] SCOPY T2 frame=1835 pass-geometry='clothes' numMatrices=31 frameID=2101 buffer-submit=sampled changed-since-T1=false submit-rel=swung
[22:28:22.182] [27512] [I] SCOPY T3 frame=1835 drawn=23 buffer-after-draw=sampled changed-since-T2=true final-rel=swung node-row1=(0.849,0.027,-0.527)
[22:28:22.381] [27512] [I] SCOPY T0 frame=1843 capture=1 bone='NPC Pelvis [Pelv]' skin='clothes' root='skeleton_female.nif' bone-origin=(-0.2,-484.2,2.7) bone-row1=(0.998,-0.058,0.035) witness='NPC L Toe0 [LToe]' witness-radius=23.95 subtree-nodes=219
[22:28:22.381] [27512] [I] SCOPY T1 frame=1843 bone-row1=(0.848,0.028,-0.529) orientation-delta-deg=34.3 witness-moved=14.10 moved-range=[0.84,14.15] slot=10 buffer-pre=sampled pre-rel=swung probe-effective=true
[22:28:22.381] [27512] [I] SCOPY T2 frame=1843 pass-geometry='clothes' numMatrices=31 frameID=2109 buffer-submit=sampled changed-since-T1=false submit-rel=swung
[22:28:22.381] [27512] [I] SCOPY T3 frame=1843 drawn=23 buffer-after-draw=sampled changed-since-T2=true final-rel=swung node-row1=(0.848,0.028,-0.529)
[22:28:22.579] [27512] [I] SCOPY KEY rotate pressed (VK_F3 -> scan 61)
[22:28:22.582] [27512] [I] SCOPY ROTATE angle-deg=360
[22:28:22.582] [27512] [I] SCOPY T0 frame=1851 capture=1 bone='NPC Pelvis [Pelv]' skin='clothes' root='skeleton_female.nif' bone-origin=(1.1,-485.2,2.7) bone-row1=(0.053,0.989,0.137) witness='NPC L Toe0 [LToe]' witness-radius=23.95 subtree-nodes=219
[22:28:22.582] [27512] [I] SCOPY T1 frame=1851 bone-row1=(0.068,0.898,-0.434) orientation-delta-deg=33.6 witness-moved=13.84 moved-range=[0.84,14.15] slot=10 buffer-pre=sampled pre-rel=captured probe-effective=true
[22:28:22.582] [27512] [I] SCOPY T2 frame=1851 pass-geometry='clothes' numMatrices=31 frameID=2117 buffer-submit=sampled changed-since-T1=false submit-rel=captured
[22:28:22.582] [27512] [I] SCOPY T3 frame=1851 drawn=23 buffer-after-draw=sampled changed-since-T2=true final-rel=swung node-row1=(0.068,0.898,-0.434)
[22:28:22.782] [27512] [I] SCOPY T0 frame=1859 capture=1 bone='NPC Pelvis [Pelv]' skin='clothes' root='skeleton_female.nif' bone-origin=(1.1,-485.2,2.7) bone-row1=(0.053,0.989,0.137) witness='NPC L Toe0 [LToe]' witness-radius=23.95 subtree-nodes=219
[22:28:22.782] [27512] [I] SCOPY T1 frame=1859 bone-row1=(0.068,0.910,-0.409) orientation-delta-deg=32.0 witness-moved=13.21 moved-range=[0.84,14.15] slot=10 buffer-pre=sampled pre-rel=swung probe-effective=true
[22:28:22.782] [27512] [I] SCOPY T2 frame=1859 pass-geometry='clothes' numMatrices=31 frameID=2125 buffer-submit=sampled changed-since-T1=false submit-rel=swung
[22:28:22.782] [27512] [I] SCOPY T3 frame=1859 drawn=23 buffer-after-draw=sampled changed-since-T2=true final-rel=swung node-row1=(0.068,0.910,-0.409)
[22:28:22.977] [27512] [I] SCOPY T0 frame=1867 capture=1 bone='NPC Pelvis [Pelv]' skin='clothes' root='skeleton_female.nif' bone-origin=(1.1,-485.2,2.7) bone-row1=(0.053,0.989,0.137) witness='NPC L Toe0 [LToe]' witness-radius=23.95 subtree-nodes=219
[22:28:22.977] [27512] [I] SCOPY T1 frame=1867 bone-row1=(0.067,0.926,-0.371) orientation-delta-deg=29.7 witness-moved=12.26 moved-range=[0.84,14.15] slot=10 buffer-pre=sampled pre-rel=swung probe-effective=true
[22:28:22.977] [27512] [I] SCOPY T2 frame=1867 pass-geometry='clothes' numMatrices=31 frameID=2133 buffer-submit=sampled changed-since-T1=false submit-rel=swung
[22:28:22.977] [27512] [I] SCOPY T3 frame=1867 drawn=23 buffer-after-draw=sampled changed-since-T2=true final-rel=swung node-row1=(0.067,0.926,-0.371)
[22:28:23.187] [27512] [I] SCOPY T0 frame=1875 capture=1 bone='NPC Pelvis [Pelv]' skin='clothes' root='skeleton_female.nif' bone-origin=(1.1,-485.2,2.7) bone-row1=(0.053,0.989,0.137) witness='NPC L Toe0 [LToe]' witness-radius=23.95 subtree-nodes=219
[22:28:23.187] [27512] [I] SCOPY T1 frame=1875 bone-row1=(0.067,0.945,-0.321) orientation-delta-deg=26.6 witness-moved=11.01 moved-range=[0.84,14.15] slot=10 buffer-pre=sampled pre-rel=swung probe-effective=true
[22:28:23.187] [27512] [I] SCOPY T2 frame=1875 pass-geometry='clothes' numMatrices=31 frameID=2141 buffer-submit=sampled changed-since-T1=false submit-rel=swung
[22:28:23.187] [27512] [I] SCOPY T3 frame=1875 drawn=23 buffer-after-draw=sampled changed-since-T2=true final-rel=swung node-row1=(0.067,0.945,-0.321)
[22:28:23.386] [27512] [I] SCOPY T0 frame=1883 capture=1 bone='NPC Pelvis [Pelv]' skin='clothes' root='skeleton_female.nif' bone-origin=(1.1,-485.2,2.7) bone-row1=(0.053,0.989,0.137) witness='NPC L Toe0 [LToe]' witness-radius=23.95 subtree-nodes=219
[22:28:23.386] [27512] [I] SCOPY T1 frame=1883 bone-row1=(0.066,0.964,-0.258) orientation-delta-deg=22.8 witness-moved=9.48 moved-range=[0.84,14.15] slot=10 buffer-pre=sampled pre-rel=swung probe-effective=true
[22:28:23.386] [27512] [I] SCOPY T2 frame=1883 pass-geometry='clothes' numMatrices=31 frameID=2149 buffer-submit=sampled changed-since-T1=false submit-rel=swung
[22:28:23.386] [27512] [I] SCOPY T3 frame=1883 drawn=23 buffer-after-draw=sampled changed-since-T2=true final-rel=swung node-row1=(0.066,0.964,-0.258)
[22:28:23.592] [27512] [I] SCOPY T0 frame=1891 capture=1 bone='NPC Pelvis [Pelv]' skin='clothes' root='skeleton_female.nif' bone-origin=(1.1,-485.2,2.7) bone-row1=(0.053,0.989,0.137) witness='NPC L Toe0 [LToe]' witness-radius=23.95 subtree-nodes=219
[22:28:23.592] [27512] [I] SCOPY T1 frame=1891 bone-row1=(0.064,0.981,-0.185) orientation-delta-deg=18.5 witness-moved=7.71 moved-range=[0.84,14.15] slot=10 buffer-pre=sampled pre-rel=swung probe-effective=true
[22:28:23.592] [27512] [I] SCOPY T2 frame=1891 pass-geometry='clothes' numMatrices=31 frameID=2157 buffer-submit=sampled changed-since-T1=false submit-rel=swung
[22:28:23.592] [27512] [I] SCOPY T3 frame=1891 drawn=23 buffer-after-draw=sampled changed-since-T2=true final-rel=swung node-row1=(0.064,0.981,-0.185)
[22:28:23.788] [27512] [I] SCOPY T0 frame=1899 capture=1 bone='NPC Pelvis [Pelv]' skin='clothes' root='skeleton_female.nif' bone-origin=(1.1,-485.2,2.7) bone-row1=(0.053,0.989,0.137) witness='NPC L Toe0 [LToe]' witness-radius=23.95 subtree-nodes=219
[22:28:23.788] [27512] [I] SCOPY T1 frame=1899 bone-row1=(0.062,0.993,-0.103) orientation-delta-deg=13.8 witness-moved=5.74 moved-range=[0.84,14.15] slot=10 buffer-pre=sampled pre-rel=swung probe-effective=true
[22:28:23.788] [27512] [I] SCOPY T2 frame=1899 pass-geometry='clothes' numMatrices=31 frameID=2165 buffer-submit=sampled changed-since-T1=false submit-rel=swung
[22:28:23.788] [27512] [I] SCOPY T3 frame=1899 drawn=23 buffer-after-draw=sampled changed-since-T2=true final-rel=swung node-row1=(0.062,0.993,-0.103)
[22:28:23.993] [27512] [I] SCOPY T0 frame=1907 capture=1 bone='NPC Pelvis [Pelv]' skin='clothes' root='skeleton_female.nif' bone-origin=(1.1,-485.2,2.7) bone-row1=(0.053,0.989,0.137) witness='NPC L Toe0 [LToe]' witness-radius=23.95 subtree-nodes=219
[22:28:23.993] [27512] [I] SCOPY T1 frame=1907 bone-row1=(0.059,0.998,-0.014) orientation-delta-deg=8.7 witness-moved=3.62 moved-range=[0.84,14.15] slot=10 buffer-pre=sampled pre-rel=swung probe-effective=true
[22:28:23.993] [27512] [I] SCOPY T2 frame=1907 pass-geometry='clothes' numMatrices=31 frameID=2173 buffer-submit=sampled changed-since-T1=false submit-rel=swung
[22:28:23.993] [27512] [I] SCOPY T3 frame=1907 drawn=23 buffer-after-draw=sampled changed-since-T2=true final-rel=swung node-row1=(0.059,0.998,-0.014)
[22:28:24.189] [27512] [I] SCOPY T0 frame=1915 capture=1 bone='NPC Pelvis [Pelv]' skin='clothes' root='skeleton_female.nif' bone-origin=(1.1,-485.2,2.7) bone-row1=(0.053,0.989,0.137) witness='NPC L Toe0 [LToe]' witness-radius=23.95 subtree-nodes=219
[22:28:24.189] [27512] [I] SCOPY T1 frame=1915 bone-row1=(0.056,0.995,0.078) orientation-delta-deg=3.4 witness-moved=1.41 moved-range=[0.84,14.15] slot=10 buffer-pre=sampled pre-rel=swung probe-effective=true
[22:28:24.189] [27512] [I] SCOPY T2 frame=1915 pass-geometry='clothes' numMatrices=31 frameID=2181 buffer-submit=sampled changed-since-T1=false submit-rel=swung
[22:28:24.189] [27512] [I] SCOPY T3 frame=1915 drawn=23 buffer-after-draw=sampled changed-since-T2=true final-rel=swung node-row1=(0.056,0.995,0.078)
[22:28:24.382] [27512] [I] SCOPY T0 frame=1923 capture=1 bone='NPC Pelvis [Pelv]' skin='clothes' root='skeleton_female.nif' bone-origin=(1.1,-485.2,2.7) bone-row1=(0.053,0.989,0.137) witness='NPC L Toe0 [LToe]' witness-radius=23.95 subtree-nodes=219
[22:28:24.382] [27512] [I] SCOPY T1 frame=1923 bone-row1=(0.052,0.984,0.172) orientation-delta-deg=2.0 witness-moved=0.85 moved-range=[0.84,14.15] slot=10 buffer-pre=sampled pre-rel=captured probe-effective=true
[22:28:24.382] [27512] [I] SCOPY T2 frame=1923 pass-geometry='clothes' numMatrices=31 frameID=2189 buffer-submit=sampled changed-since-T1=false submit-rel=captured
[22:28:24.382] [27512] [I] SCOPY T3 frame=1923 drawn=23 buffer-after-draw=sampled changed-since-T2=true final-rel=captured node-row1=(0.052,0.984,0.172)
[22:28:24.405] [27512] [I] SCOPY KEY rotate pressed (VK_F3 -> scan 61)
[22:28:24.409] [27512] [I] SCOPY ROTATE angle-deg=450
[22:28:24.584] [27512] [I] SCOPY T0 frame=1931 capture=1 bone='NPC Pelvis [Pelv]' skin='clothes' root='skeleton_female.nif' bone-origin=(0.2,-486.5,2.7) bone-row1=(-0.998,0.058,-0.035) witness='NPC L Toe0 [LToe]' witness-radius=23.95 subtree-nodes=219
[22:28:24.584] [27512] [I] SCOPY T1 frame=1931 bone-row1=(-0.995,0.041,0.092) orientation-delta-deg=7.4 witness-moved=3.07 moved-range=[0.84,14.15] slot=10 buffer-pre=sampled pre-rel=swung probe-effective=true
[22:28:24.584] [27512] [I] SCOPY T2 frame=1931 pass-geometry='clothes' numMatrices=31 frameID=2197 buffer-submit=sampled changed-since-T1=false submit-rel=swung
[22:28:24.584] [27512] [I] SCOPY T3 frame=1931 drawn=23 buffer-after-draw=sampled changed-since-T2=true final-rel=swung node-row1=(-0.995,0.041,0.092)
[22:28:24.796] [27512] [I] SCOPY T0 frame=1939 capture=1 bone='NPC Pelvis [Pelv]' skin='clothes' root='skeleton_female.nif' bone-origin=(0.2,-486.5,2.7) bone-row1=(-0.998,0.058,-0.035) witness='NPC L Toe0 [LToe]' witness-radius=23.95 subtree-nodes=219
[22:28:24.796] [27512] [I] SCOPY T1 frame=1939 bone-row1=(-0.983,0.028,0.180) orientation-delta-deg=12.5 witness-moved=5.21 moved-range=[0.84,14.15] slot=10 buffer-pre=sampled pre-rel=neither probe-effective=true
[22:28:24.796] [27512] [I] SCOPY T2 frame=1939 pass-geometry='clothes' numMatrices=31 frameID=2205 buffer-submit=sampled changed-since-T1=false submit-rel=neither
[22:28:24.796] [27512] [I] SCOPY T3 frame=1939 drawn=23 buffer-after-draw=sampled changed-since-T2=true final-rel=swung node-row1=(-0.983,0.028,0.180)
[22:28:24.897] [27512] [I] Clone draw: passes=23 rd-null=23 lights=3 | geoms=23 skinned=23 roots=2 num-mat=331 bone-count=331 bound=331
[22:28:24.897] [27512] [I] SCOPY DRAW frame=961 passes=23 lights=true animation-driver=none physics-driver=none
[22:28:25.002] [27512] [I] SCOPY T0 frame=1947 capture=1 bone='NPC Pelvis [Pelv]' skin='clothes' root='skeleton_female.nif' bone-origin=(0.2,-486.5,2.7) bone-row1=(-0.998,0.058,-0.035) witness='NPC L Toe0 [LToe]' witness-radius=23.95 subtree-nodes=219
[22:28:25.002] [27512] [I] SCOPY T1 frame=1947 bone-row1=(-0.965,0.016,0.262) orientation-delta-deg=17.4 witness-moved=7.22 moved-range=[0.84,14.15] slot=10 buffer-pre=sampled pre-rel=neither probe-effective=true
[22:28:25.002] [27512] [I] SCOPY T2 frame=1947 pass-geometry='clothes' numMatrices=31 frameID=2213 buffer-submit=sampled changed-since-T1=false submit-rel=neither
[22:28:25.002] [27512] [I] SCOPY T3 frame=1947 drawn=23 buffer-after-draw=sampled changed-since-T2=true final-rel=swung node-row1=(-0.965,0.016,0.262)
[22:28:25.029] [27512] [I] SCOPY ROTATE angle-deg=540
[22:28:25.202] [27512] [I] SCOPY T0 frame=1955 capture=1 bone='NPC Pelvis [Pelv]' skin='clothes' root='skeleton_female.nif' bone-origin=(-1.1,-485.5,2.7) bone-row1=(-0.053,-0.989,-0.137) witness='NPC L Toe0 [LToe]' witness-radius=23.95 subtree-nodes=219
[22:28:25.202] [27512] [I] SCOPY T1 frame=1955 bone-row1=(-0.065,-0.968,0.241) orientation-delta-deg=21.8 witness-moved=9.07 moved-range=[0.84,14.15] slot=10 buffer-pre=sampled pre-rel=swung probe-effective=true
[22:28:25.202] [27512] [I] SCOPY T2 frame=1955 pass-geometry='clothes' numMatrices=31 frameID=2221 buffer-submit=sampled changed-since-T1=false submit-rel=swung
[22:28:25.202] [27512] [I] SCOPY T3 frame=1955 drawn=23 buffer-after-draw=sampled changed-since-T2=true final-rel=swung node-row1=(-0.065,-0.968,0.241)
[22:28:25.394] [27512] [I] SCOPY T0 frame=1963 capture=1 bone='NPC Pelvis [Pelv]' skin='clothes' root='skeleton_female.nif' bone-origin=(-1.1,-485.5,2.7) bone-row1=(-0.053,-0.989,-0.137) witness='NPC L Toe0 [LToe]' witness-radius=23.95 subtree-nodes=219
[22:28:25.394] [27512] [I] SCOPY T1 frame=1963 bone-row1=(-0.066,-0.950,0.306) orientation-delta-deg=25.7 witness-moved=10.66 moved-range=[0.84,14.15] slot=10 buffer-pre=sampled pre-rel=swung probe-effective=true
[22:28:25.394] [27512] [I] SCOPY T2 frame=1963 pass-geometry='clothes' numMatrices=31 frameID=2229 buffer-submit=sampled changed-since-T1=false submit-rel=swung
[22:28:25.394] [27512] [I] SCOPY T3 frame=1963 drawn=23 buffer-after-draw=sampled changed-since-T2=true final-rel=swung node-row1=(-0.066,-0.950,0.306)
[22:28:25.471] [27512] [I] SCOPY ROTATE angle-deg=630
[22:28:25.599] [27512] [I] SCOPY T0 frame=1971 capture=1 bone='NPC Pelvis [Pelv]' skin='clothes' root='skeleton_female.nif' bone-origin=(-0.2,-484.2,2.7) bone-row1=(0.998,-0.058,0.035) witness='NPC L Toe0 [LToe]' witness-radius=23.95 subtree-nodes=219
[22:28:25.599] [27512] [I] SCOPY T1 frame=1971 bone-row1=(0.852,-0.116,0.510) orientation-delta-deg=29.0 witness-moved=11.95 moved-range=[0.84,14.15] slot=10 buffer-pre=sampled pre-rel=captured probe-effective=true
[22:28:25.599] [27512] [I] SCOPY T2 frame=1971 pass-geometry='clothes' numMatrices=31 frameID=2237 buffer-submit=sampled changed-since-T1=false submit-rel=captured
[22:28:25.599] [27512] [I] SCOPY T3 frame=1971 drawn=23 buffer-after-draw=sampled changed-since-T2=true final-rel=captured node-row1=(0.852,-0.116,0.510)
[22:28:25.792] [27512] [I] SCOPY T0 frame=1979 capture=1 bone='NPC Pelvis [Pelv]' skin='clothes' root='skeleton_female.nif' bone-origin=(-0.2,-484.2,2.7) bone-row1=(0.998,-0.058,0.035) witness='NPC L Toe0 [LToe]' witness-radius=23.95 subtree-nodes=219
[22:28:25.792] [27512] [I] SCOPY T1 frame=1979 bone-row1=(0.828,-0.120,0.547) orientation-delta-deg=31.5 witness-moved=12.97 moved-range=[0.84,14.15] slot=10 buffer-pre=sampled pre-rel=captured probe-effective=true
[22:28:25.792] [27512] [I] SCOPY T2 frame=1979 pass-geometry='clothes' numMatrices=31 frameID=2245 buffer-submit=sampled changed-since-T1=false submit-rel=captured
[22:28:25.792] [27512] [I] SCOPY T3 frame=1979 drawn=23 buffer-after-draw=sampled changed-since-T2=true final-rel=captured node-row1=(0.828,-0.120,0.547)
[22:28:25.986] [27512] [I] SCOPY T0 frame=1987 capture=1 bone='NPC Pelvis [Pelv]' skin='clothes' root='skeleton_female.nif' bone-origin=(-0.2,-484.2,2.7) bone-row1=(0.998,-0.058,0.035) witness='NPC L Toe0 [LToe]' witness-radius=23.95 subtree-nodes=219
[22:28:25.986] [27512] [I] SCOPY T1 frame=1987 bone-row1=(0.811,-0.123,0.573) orientation-delta-deg=33.3 witness-moved=13.68 moved-range=[0.84,14.15] slot=10 buffer-pre=sampled pre-rel=captured probe-effective=true
[22:28:25.986] [27512] [I] SCOPY T2 frame=1987 pass-geometry='clothes' numMatrices=31 frameID=2253 buffer-submit=sampled changed-since-T1=false submit-rel=captured
[22:28:25.986] [27512] [I] SCOPY T3 frame=1987 drawn=23 buffer-after-draw=sampled changed-since-T2=true final-rel=captured node-row1=(0.811,-0.123,0.573)
[22:28:26.148] [27512] [I] SCOPY ROTATE angle-deg=720
[22:28:26.201] [27512] [I] SCOPY T0 frame=1995 capture=1 bone='NPC Pelvis [Pelv]' skin='clothes' root='skeleton_female.nif' bone-origin=(1.1,-485.2,2.7) bone-row1=(0.053,0.989,0.137) witness='NPC L Toe0 [LToe]' witness-radius=23.95 subtree-nodes=219
[22:28:26.201] [27512] [I] SCOPY T1 frame=1995 bone-row1=(0.020,0.742,0.670) orientation-delta-deg=34.2 witness-moved=14.09 moved-range=[0.84,14.15] slot=10 buffer-pre=sampled pre-rel=captured probe-effective=true
[22:28:26.201] [27512] [I] SCOPY T2 frame=1995 pass-geometry='clothes' numMatrices=31 frameID=2261 buffer-submit=sampled changed-since-T1=false submit-rel=captured
[22:28:26.201] [27512] [I] SCOPY T3 frame=1995 drawn=23 buffer-after-draw=sampled changed-since-T2=true final-rel=captured node-row1=(0.020,0.742,0.670)
[22:28:26.417] [27512] [I] SCOPY T0 frame=2003 capture=1 bone='NPC Pelvis [Pelv]' skin='clothes' root='skeleton_female.nif' bone-origin=(1.1,-485.2,2.7) bone-row1=(0.053,0.989,0.137) witness='NPC L Toe0 [LToe]' witness-radius=23.95 subtree-nodes=219
[22:28:26.417] [27512] [I] SCOPY T1 frame=2003 bone-row1=(0.020,0.741,0.671) orientation-delta-deg=34.3 witness-moved=14.13 moved-range=[0.84,14.15] slot=10 buffer-pre=sampled pre-rel=captured probe-effective=true
[22:28:26.417] [27512] [I] SCOPY T2 frame=2003 pass-geometry='clothes' numMatrices=31 frameID=2269 buffer-submit=sampled changed-since-T1=false submit-rel=captured
[22:28:26.417] [27512] [I] SCOPY T3 frame=2003 drawn=23 buffer-after-draw=sampled changed-since-T2=true final-rel=captured node-row1=(0.020,0.741,0.671)
[22:28:26.619] [27512] [I] SCOPY T0 frame=2011 capture=1 bone='NPC Pelvis [Pelv]' skin='clothes' root='skeleton_female.nif' bone-origin=(1.1,-485.2,2.7) bone-row1=(0.053,0.989,0.137) witness='NPC L Toe0 [LToe]' witness-radius=23.95 subtree-nodes=219
[22:28:26.619] [27512] [I] SCOPY T1 frame=2011 bone-row1=(0.020,0.750,0.661) orientation-delta-deg=33.6 witness-moved=13.84 moved-range=[0.84,14.15] slot=10 buffer-pre=sampled pre-rel=captured probe-effective=true
[22:28:26.619] [27512] [I] SCOPY T2 frame=2011 pass-geometry='clothes' numMatrices=31 frameID=2277 buffer-submit=sampled changed-since-T1=false submit-rel=captured
[22:28:26.619] [27512] [I] SCOPY T3 frame=2011 drawn=23 buffer-after-draw=sampled changed-since-T2=true final-rel=captured node-row1=(0.020,0.750,0.661)
[22:28:26.817] [27512] [I] SCOPY T0 frame=2019 capture=1 bone='NPC Pelvis [Pelv]' skin='clothes' root='skeleton_female.nif' bone-origin=(1.1,-485.2,2.7) bone-row1=(0.053,0.989,0.137) witness='NPC L Toe0 [LToe]' witness-radius=23.95 subtree-nodes=219
[22:28:26.817] [27512] [I] SCOPY T1 frame=2019 bone-row1=(0.022,0.767,0.641) orientation-delta-deg=32.0 witness-moved=13.21 moved-range=[0.84,14.15] slot=10 buffer-pre=sampled pre-rel=captured probe-effective=true
[22:28:26.817] [27512] [I] SCOPY T2 frame=2019 pass-geometry='clothes' numMatrices=31 frameID=2285 buffer-submit=sampled changed-since-T1=false submit-rel=captured
[22:28:26.817] [27512] [I] SCOPY T3 frame=2019 drawn=23 buffer-after-draw=sampled changed-since-T2=true final-rel=captured node-row1=(0.022,0.767,0.641)
[22:28:27.016] [27512] [I] SCOPY T0 frame=2027 capture=1 bone='NPC Pelvis [Pelv]' skin='clothes' root='skeleton_female.nif' bone-origin=(1.1,-485.2,2.7) bone-row1=(0.053,0.989,0.137) witness='NPC L Toe0 [LToe]' witness-radius=23.95 subtree-nodes=219
[22:28:27.016] [27512] [I] SCOPY T1 frame=2027 bone-row1=(0.025,0.793,0.609) orientation-delta-deg=29.7 witness-moved=12.26 moved-range=[0.84,14.15] slot=10 buffer-pre=sampled pre-rel=captured probe-effective=true
[22:28:27.016] [27512] [I] SCOPY T2 frame=2027 pass-geometry='clothes' numMatrices=31 frameID=2293 buffer-submit=sampled changed-since-T1=false submit-rel=captured
[22:28:27.016] [27512] [I] SCOPY T3 frame=2027 drawn=23 buffer-after-draw=sampled changed-since-T2=true final-rel=captured node-row1=(0.025,0.793,0.609)
[22:28:27.221] [27512] [I] SCOPY T0 frame=2035 capture=1 bone='NPC Pelvis [Pelv]' skin='clothes' root='skeleton_female.nif' bone-origin=(1.1,-485.2,2.7) bone-row1=(0.053,0.989,0.137) witness='NPC L Toe0 [LToe]' witness-radius=23.95 subtree-nodes=219
[22:28:27.221] [27512] [I] SCOPY T1 frame=2035 bone-row1=(0.028,0.825,0.565) orientation-delta-deg=26.6 witness-moved=11.01 moved-range=[0.84,14.15] slot=10 buffer-pre=sampled pre-rel=captured probe-effective=true
[22:28:27.221] [27512] [I] SCOPY T2 frame=2035 pass-geometry='clothes' numMatrices=31 frameID=2301 buffer-submit=sampled changed-since-T1=false submit-rel=captured
[22:28:27.221] [27512] [I] SCOPY T3 frame=2035 drawn=23 buffer-after-draw=sampled changed-since-T2=true final-rel=captured node-row1=(0.028,0.825,0.565)
[22:28:27.418] [27512] [I] SCOPY T0 frame=2043 capture=1 bone='NPC Pelvis [Pelv]' skin='clothes' root='skeleton_female.nif' bone-origin=(1.1,-485.2,2.7) bone-row1=(0.053,0.989,0.137) witness='NPC L Toe0 [LToe]' witness-radius=23.95 subtree-nodes=219
[22:28:27.418] [27512] [I] SCOPY T1 frame=2043 bone-row1=(0.032,0.859,0.510) orientation-delta-deg=22.8 witness-moved=9.48 moved-range=[0.84,14.15] slot=10 buffer-pre=sampled pre-rel=captured probe-effective=true
[22:28:27.418] [27512] [I] SCOPY T2 frame=2043 pass-geometry='clothes' numMatrices=31 frameID=2309 buffer-submit=sampled changed-since-T1=false submit-rel=captured
[22:28:27.418] [27512] [I] SCOPY T3 frame=2043 drawn=23 buffer-after-draw=sampled changed-since-T2=true final-rel=captured node-row1=(0.032,0.859,0.510)
[22:28:27.612] [27512] [I] SCOPY T0 frame=2051 capture=1 bone='NPC Pelvis [Pelv]' skin='clothes' root='skeleton_female.nif' bone-origin=(1.1,-485.2,2.7) bone-row1=(0.053,0.989,0.137) witness='NPC L Toe0 [LToe]' witness-radius=23.95 subtree-nodes=219
[22:28:27.612] [27512] [I] SCOPY T1 frame=2051 bone-row1=(0.037,0.895,0.444) orientation-delta-deg=18.5 witness-moved=7.71 moved-range=[0.84,14.15] slot=10 buffer-pre=sampled pre-rel=captured probe-effective=true
[22:28:27.612] [27512] [I] SCOPY T2 frame=2051 pass-geometry='clothes' numMatrices=31 frameID=2317 buffer-submit=sampled changed-since-T1=false submit-rel=captured
[22:28:27.613] [27512] [I] SCOPY T3 frame=2051 drawn=23 buffer-after-draw=sampled changed-since-T2=true final-rel=captured node-row1=(0.037,0.895,0.444)
[22:28:27.820] [27512] [I] SCOPY T0 frame=2059 capture=1 bone='NPC Pelvis [Pelv]' skin='clothes' root='skeleton_female.nif' bone-origin=(1.1,-485.2,2.7) bone-row1=(0.053,0.989,0.137) witness='NPC L Toe0 [LToe]' witness-radius=23.95 subtree-nodes=219
[22:28:27.820] [27512] [I] SCOPY T1 frame=2059 bone-row1=(0.041,0.929,0.368) orientation-delta-deg=13.8 witness-moved=5.74 moved-range=[0.84,14.15] slot=10 buffer-pre=sampled pre-rel=captured probe-effective=true
[22:28:27.820] [27512] [I] SCOPY T2 frame=2059 pass-geometry='clothes' numMatrices=31 frameID=2325 buffer-submit=sampled changed-since-T1=false submit-rel=captured
[22:28:27.820] [27512] [I] SCOPY T3 frame=2059 drawn=23 buffer-after-draw=sampled changed-since-T2=true final-rel=captured node-row1=(0.041,0.929,0.368)
[22:28:27.913] [27512] [I] Clone draw: passes=23 rd-null=23 lights=3 | geoms=23 skinned=23 roots=2 num-mat=331 bone-count=331 bound=331
[22:28:27.913] [27512] [I] SCOPY DRAW frame=1081 passes=23 lights=true animation-driver=none physics-driver=none
[22:28:28.016] [27512] [I] SCOPY T0 frame=2067 capture=1 bone='NPC Pelvis [Pelv]' skin='clothes' root='skeleton_female.nif' bone-origin=(1.1,-485.2,2.7) bone-row1=(0.053,0.989,0.137) witness='NPC L Toe0 [LToe]' witness-radius=23.95 subtree-nodes=219
[22:28:28.016] [27512] [I] SCOPY T1 frame=2067 bone-row1=(0.046,0.958,0.284) orientation-delta-deg=8.7 witness-moved=3.62 moved-range=[0.84,14.15] slot=10 buffer-pre=sampled pre-rel=captured probe-effective=true
[22:28:28.016] [27512] [I] SCOPY T2 frame=2067 pass-geometry='clothes' numMatrices=31 frameID=2333 buffer-submit=sampled changed-since-T1=false submit-rel=captured
[22:28:28.016] [27512] [I] SCOPY T3 frame=2067 drawn=23 buffer-after-draw=sampled changed-since-T2=true final-rel=captured node-row1=(0.046,0.958,0.284)
[22:28:28.153] [27512] [I] SCOPY ANIM probe disabled; the copy keeps its captured pose
[22:28:30.944] [27512] [I] Clone draw: passes=23 rd-null=23 lights=3 | geoms=23 skinned=23 roots=2 num-mat=331 bone-count=331 bound=331
[22:28:30.944] [27512] [I] SCOPY DRAW frame=1201 passes=23 lights=true animation-driver=none physics-driver=none
[22:28:33.968] [27512] [I] Clone draw: passes=23 rd-null=23 lights=3 | geoms=23 skinned=23 roots=2 num-mat=331 bone-count=331 bound=331
[22:28:33.968] [27512] [I] SCOPY DRAW frame=1321 passes=23 lights=true animation-driver=none physics-driver=none
[22:28:34.221] [27512] [I] SCOPY ROTATE angle-deg=810
[22:28:35.166] [27512] [I] SCOPY ROTATE angle-deg=900
[22:28:35.525] [27512] [I] SCOPY ROTATE angle-deg=990
[22:28:35.917] [27512] [I] SCOPY ROTATE angle-deg=1080
[22:28:36.115] [27512] [I] SCOPY PARK snapshots held alive for the process lifetime: 1
[22:28:36.115] [27512] [I] SCOPY RELEASE reason=F4 capture=1
[22:28:42.334] [19368] [I] CP-LIGHT slot 0: ledger shell dropped
[22:28:42.334] [19368] [I] CP-LIGHT slot 1: ledger shell dropped
[22:28:42.334] [19368] [I] CP-LIGHT slot 2: ledger shell dropped
[22:28:44.676] [27512] [W] Studio lights not fully served by the ledger yet
[22:28:49.395] [27512] [W] Studio lights not fully served by the ledger yet
[22:28:55.130] [19368] [W] Studio lights not fully served by the ledger yet
[22:28:58.847] [19368] [I] CP-LIGHT slot 0: fallback re-registered after 1 miss frames (shell 0x25218586480 filed to lightQueueAdd)
[22:28:58.847] [19368] [I] CP-LIGHT slot 1: fallback re-registered after 1 miss frames (shell 0x25218586200 filed to lightQueueAdd)
[22:28:58.847] [19368] [I] CP-LIGHT slot 2: fallback re-registered after 1 miss frames (shell 0x252185860c0 filed to lightQueueAdd)
[22:28:58.909] [19368] [I] CP-LIGHT slot 0: ledger shell fetched 0x25218586480 (after 1 miss frames)
[22:28:58.909] [19368] [I] CP-LIGHT slot 1: ledger shell fetched 0x25218586200 (after 1 miss frames)
[22:28:58.909] [19368] [I] CP-LIGHT slot 2: ledger shell fetched 0x252185860c0 (after 1 miss frames)
[22:29:12.666] [27512] [I] SCOPY BEGIN capture=2 actor=00000014 source=0x252afe64880 parent=0x252a0beab00 nodes=1585 geoms=64 api=NiObject::Clone id=68835/70187
[22:29:12.667] [27512] [I] SCOPY CLONE-RETURN capture=2 copy=0x255f56efb80
[22:29:12.667] [27512] [I] SCOPY SOURCE-DIFF capture-diff root-same=true parent-same=true object-set-same=true local-drift=false world-tight=0 world-loose=0 bound-loose=0 objects=1585 skin-bones=891
[22:29:12.667] [27512] [I] SCOPY AUDIT shared-nodes=0 shared-skins=0 shared-properties=0 shared-buffers=0 shared-passes=0 external-roots=0 external-bones=0 external-transforms=0 external-pass-geometry=0 external-fade-nodes=0 invalid-arrays=0 unbound-slots=0
[22:29:12.667] [27512] [I] SCOPY CENSUS source-nodes=1585 copy-nodes=1585 source-geoms=64 copy-geoms=64 source-skins=62 copy-skins=62 source-dynamic=11 copy-dynamic=11
[22:29:12.668] [27512] [I] SCOPY FRAME skinned-bound valid=true radius=78.9 center=(1063.5,-975.5,-1403.3) graph-bound radius=127.3 scale=0.35 pruned-nodes=14
[22:29:12.668] [27512] [I] SCOPY READY capture=2 controllers-removed=11 collisions-removed=18 draw=off actor-created=false F8=draw F3=rotate F4=release
[22:29:12.668] [27512] [I] SCOPY GEOMETRY capture=2 name=' (FE2E7EFD)[1]/ (FE2E7EFC) [100%]' type='BSTriShape'
[22:29:12.668] [27512] [I] SCOPY GEOMETRY capture=2 name=' (FE2E7EFF)[1]/ (FE2E7EFE) [100%]' type='BSTriShape'
[22:29:12.668] [27512] [I] SCOPY GEOMETRY capture=2 name='ChestCollision' type='BSTriShape'
[22:29:12.668] [27512] [I] SCOPY GEOMETRY capture=2 name='Necklace' type='BSTriShape'
[22:29:12.668] [27512] [I] SCOPY GEOMETRY capture=2 name='00UBE_EyeLashesZoe' type='BSDynamicTriShape'
[22:29:12.668] [27512] [I] SCOPY GEOMETRY capture=2 name='T118' type='BSTriShape'
[22:29:12.668] [27512] [I] SCOPY GEOMETRY capture=2 name='T117' type='BSTriShape'
[22:29:12.668] [27512] [I] SCOPY GEOMETRY capture=2 name='T116' type='BSTriShape'
[22:29:12.668] [27512] [I] SCOPY GEOMETRY capture=2 name='T112' type='BSTriShape'
[22:29:12.668] [27512] [I] SCOPY GEOMETRY capture=2 name='T111' type='BSTriShape'
[22:29:12.668] [27512] [I] SCOPY GEOMETRY capture=2 name='T110' type='BSTriShape'
[22:29:12.668] [27512] [I] SCOPY GEOMETRY capture=2 name='E118' type='BSTriShape'
[22:29:12.668] [27512] [I] SCOPY GEOMETRY capture=2 name='E117' type='BSTriShape'
[22:29:12.668] [27512] [I] SCOPY GEOMETRY capture=2 name='E116' type='BSTriShape'
[22:29:12.668] [27512] [I] SCOPY GEOMETRY capture=2 name='E115' type='BSTriShape'
[22:29:12.668] [27512] [I] SCOPY GEOMETRY capture=2 name='E114' type='BSTriShape'
[22:29:12.668] [27512] [I] SCOPY GEOMETRY capture=2 name='E113' type='BSTriShape'
[22:29:12.668] [27512] [I] SCOPY GEOMETRY capture=2 name='E112' type='BSTriShape'
[22:29:12.668] [27512] [I] SCOPY GEOMETRY capture=2 name='E111' type='BSTriShape'
[22:29:12.668] [27512] [I] SCOPY GEOMETRY capture=2 name='E110' type='BSTriShape'
[22:29:12.668] [27512] [I] SCOPY GEOMETRY capture=2 name='E19' type='BSTriShape'
[22:29:12.668] [27512] [I] SCOPY GEOMETRY capture=2 name='E18' type='BSTriShape'
[22:29:12.668] [27512] [I] SCOPY GEOMETRY capture=2 name='E17' type='BSTriShape'
[22:29:12.668] [27512] [I] SCOPY GEOMETRY capture=2 name='E16' type='BSTriShape'
[22:29:12.668] [27512] [I] SCOPY GEOMETRY capture=2 name='E15' type='BSTriShape'
[22:29:12.668] [27512] [I] SCOPY GEOMETRY capture=2 name='E14' type='BSTriShape'
[22:29:12.668] [27512] [I] SCOPY GEOMETRY capture=2 name='E13' type='BSTriShape'
[22:29:12.668] [27512] [I] SCOPY GEOMETRY capture=2 name='E12' type='BSTriShape'
[22:29:12.668] [27512] [I] SCOPY GEOMETRY capture=2 name='N15' type='BSTriShape'
[22:29:12.668] [27512] [I] SCOPY GEOMETRY capture=2 name='N16' type='BSTriShape'
[22:29:12.668] [27512] [I] SCOPY GEOMETRY capture=2 name='AE11' type='BSTriShape'
[22:29:12.668] [27512] [I] SCOPY GEOMETRY capture=2 name='00UBE_LDDLevisChoice13be_Female' type='BSDynamicTriShape'
[22:29:12.668] [27512] [I] SCOPY GEOMETRY capture=2 name='00UBE_FemaleEyesHuman_outer' type='BSDynamicTriShape'
[22:29:12.668] [27512] [I] SCOPY GEOMETRY capture=2 name='00UBE_FemaleEyesHuman_shadows' type='BSDynamicTriShape'
[22:29:12.668] [27512] [I] SCOPY GEOMETRY capture=2 name='00UBE_FemaleLensLeft_Dummy' type='BSDynamicTriShape'
[22:29:12.668] [27512] [I] SCOPY GEOMETRY capture=2 name='00UBE_FemaleLensRight_Dummy' type='BSDynamicTriShape'
[22:29:12.668] [27512] [I] SCOPY GEOMETRY capture=2 name='00UBE_FemaleEyesHumanLightGrey' type='BSDynamicTriShape'
[22:29:12.668] [27512] [I] SCOPY GEOMETRY capture=2 name='00UBE_FemaleMouth' type='BSDynamicTriShape'
[22:29:12.668] [27512] [I] SCOPY GEOMETRY capture=2 name='00UBE_FemaleHead' type='BSDynamicTriShape'
[22:29:12.668] [27512] [I] SCOPY GEOMETRY capture=2 name=' (FE2E7807)[1]/ (FE2E7801) [100%]' type='BSTriShape'
[22:29:12.668] [27512] [I] SCOPY GEOMETRY capture=2 name='3BCA_Feet' type='BSTriShape'
[22:29:12.668] [27512] [I] SCOPY GEOMETRY capture=2 name='3BCA_Leg' type='BSTriShape'
[22:29:12.668] [27512] [I] SCOPY GEOMETRY capture=2 name='3BCA_Butt' type='BSTriShape'
[22:29:12.668] [27512] [I] SCOPY GEOMETRY capture=2 name='3BCA_Anus' type='BSTriShape'
[22:29:12.668] [27512] [I] SCOPY GEOMETRY capture=2 name='3BCA_Belly' type='BSTriShape'
[22:29:12.668] [27512] [I] SCOPY GEOMETRY capture=2 name='3BCA_Hand' type='BSTriShape'
[22:29:12.668] [27512] [I] SCOPY GEOMETRY capture=2 name='3BCA_Arm' type='BSTriShape'
[22:29:12.668] [27512] [I] SCOPY GEOMETRY capture=2 name='3BCA_Breast' type='BSTriShape'
[22:29:12.668] [27512] [I] SCOPY GEOMETRY capture=2 name='3BCA_Head' type='BSTriShape'
[22:29:12.668] [27512] [I] SCOPY GEOMETRY capture=2 name='VirtualGround' type='BSTriShape'
[22:29:12.668] [27512] [I] SCOPY GEOMETRY capture=2 name='Feet' type='BSTriShape'
[22:29:12.668] [27512] [I] SCOPY GEOMETRY capture=2 name='Heels' type='BSTriShape'
[22:29:12.668] [27512] [I] SCOPY GEOMETRY capture=2 name='Hands' type='BSTriShape'
[22:29:12.668] [27512] [I] SCOPY GEOMETRY capture=2 name='Bracelet' type='BSTriShape'
[22:29:12.668] [27512] [I] SCOPY GEOMETRY capture=2 name='CollisionStopper' type='BSTriShape'
[22:29:12.668] [27512] [I] SCOPY GEOMETRY capture=2 name='LowerBodyCollision' type='BSTriShape'
[22:29:12.668] [27512] [I] SCOPY GEOMETRY capture=2 name='VirtualGround' type='BSTriShape'
[22:29:12.668] [27512] [I] SCOPY GEOMETRY capture=2 name='BaseShape' type='BSTriShape'
[22:29:12.668] [27512] [I] SCOPY GEOMETRY capture=2 name='Thighstrap' type='BSTriShape'
[22:29:12.668] [27512] [I] SCOPY GEOMETRY capture=2 name='Armband' type='BSTriShape'
[22:29:12.668] [27512] [I] SCOPY GEOMETRY capture=2 name='Dress_Inner' type='BSTriShape'
[22:29:12.668] [27512] [I] SCOPY GEOMETRY capture=2 name='Dress' type='BSTriShape'
[22:29:12.668] [27512] [I] SCOPY GEOMETRY capture=2 name='Face [Ovl1]' type='BSDynamicTriShape'
[22:29:12.668] [27512] [I] SCOPY GEOMETRY capture=2 name='Face [Ovl0]' type='BSDynamicTriShape'
[22:29:14.189] [27512] [I] SCOPY DRAW-TOGGLE enabled=true capture=2
[22:29:14.191] [27512] [I] Clone draw: passes=46 rd-null=46 lights=3 | geoms=50 skinned=50 roots=2 num-mat=925 bone-count=958 bound=925
[22:29:14.191] [27512] [I] SCOPY DRAW frame=1 passes=46 lights=true animation-driver=none physics-driver=none
[22:29:16.496] [27512] [I] Clone draw: passes=46 rd-null=46 lights=3 | geoms=50 skinned=50 roots=2 num-mat=925 bone-count=958 bound=925
[22:29:16.496] [27512] [I] SCOPY DRAW frame=121 passes=46 lights=true animation-driver=none physics-driver=none
[22:29:16.872] [27512] [I] SCOPY ROTATE angle-deg=90
[22:29:17.371] [27512] [I] SCOPY ROTATE angle-deg=180
[22:29:17.657] [27512] [I] SCOPY ROTATE angle-deg=270
[22:29:17.907] [27512] [I] SCOPY ROTATE angle-deg=360
[22:29:18.785] [27512] [I] Clone draw: passes=46 rd-null=46 lights=3 | geoms=50 skinned=50 roots=2 num-mat=925 bone-count=958 bound=925
[22:29:18.785] [27512] [I] SCOPY DRAW frame=241 passes=46 lights=true animation-driver=none physics-driver=none
[22:29:21.077] [27512] [I] Clone draw: passes=46 rd-null=46 lights=3 | geoms=50 skinned=50 roots=2 num-mat=925 bone-count=958 bound=925
[22:29:21.077] [27512] [I] SCOPY DRAW frame=361 passes=46 lights=true animation-driver=none physics-driver=none
[22:29:23.367] [27512] [I] Clone draw: passes=46 rd-null=46 lights=3 | geoms=50 skinned=50 roots=2 num-mat=925 bone-count=958 bound=925
[22:29:23.367] [27512] [I] SCOPY DRAW frame=481 passes=46 lights=true animation-driver=none physics-driver=none
[22:29:23.751] [27512] [I] SCOPY DRAW-TOGGLE enabled=false capture=2
[22:29:28.645] [27512] [I] SCOPY PARK snapshots held alive for the process lifetime: 2
[22:29:28.645] [27512] [I] SCOPY BEGIN capture=3 actor=00000014 source=0x252afe64880 parent=0x252a0beab00 nodes=1585 geoms=64 api=NiObject::Clone id=68835/70187
[22:29:28.647] [27512] [I] SCOPY CLONE-RETURN capture=3 copy=0x255f56b3280
[22:29:28.647] [27512] [I] SCOPY SOURCE-DIFF capture-diff root-same=true parent-same=true object-set-same=true local-drift=false world-tight=0 world-loose=0 bound-loose=0 objects=1585 skin-bones=891
[22:29:28.647] [27512] [I] SCOPY AUDIT shared-nodes=0 shared-skins=0 shared-properties=0 shared-buffers=0 shared-passes=0 external-roots=0 external-bones=0 external-transforms=0 external-pass-geometry=0 external-fade-nodes=0 invalid-arrays=0 unbound-slots=0
[22:29:28.647] [27512] [I] SCOPY CENSUS source-nodes=1585 copy-nodes=1585 source-geoms=64 copy-geoms=64 source-skins=62 copy-skins=62 source-dynamic=11 copy-dynamic=11
[22:29:28.647] [27512] [I] SCOPY FRAME skinned-bound valid=true radius=78.7 center=(1063.4,-976.0,-1403.5) graph-bound radius=127.3 scale=0.35 pruned-nodes=14
[22:29:28.647] [27512] [I] SCOPY READY capture=3 controllers-removed=11 collisions-removed=18 draw=off actor-created=false F8=draw F3=rotate F4=release
[22:29:28.647] [27512] [I] SCOPY GEOMETRY capture=3 name=' (FE2E7EFD)[1]/ (FE2E7EFC) [100%]' type='BSTriShape'
[22:29:28.647] [27512] [I] SCOPY GEOMETRY capture=3 name=' (FE2E7EFF)[1]/ (FE2E7EFE) [100%]' type='BSTriShape'
[22:29:28.648] [27512] [I] SCOPY GEOMETRY capture=3 name='ChestCollision' type='BSTriShape'
[22:29:28.648] [27512] [I] SCOPY GEOMETRY capture=3 name='Necklace' type='BSTriShape'
[22:29:28.648] [27512] [I] SCOPY GEOMETRY capture=3 name='00UBE_EyeLashesZoe' type='BSDynamicTriShape'
[22:29:28.648] [27512] [I] SCOPY GEOMETRY capture=3 name='T118' type='BSTriShape'
[22:29:28.648] [27512] [I] SCOPY GEOMETRY capture=3 name='T117' type='BSTriShape'
[22:29:28.648] [27512] [I] SCOPY GEOMETRY capture=3 name='T116' type='BSTriShape'
[22:29:28.648] [27512] [I] SCOPY GEOMETRY capture=3 name='T112' type='BSTriShape'
[22:29:28.648] [27512] [I] SCOPY GEOMETRY capture=3 name='T111' type='BSTriShape'
[22:29:28.648] [27512] [I] SCOPY GEOMETRY capture=3 name='T110' type='BSTriShape'
[22:29:28.648] [27512] [I] SCOPY GEOMETRY capture=3 name='E118' type='BSTriShape'
[22:29:28.648] [27512] [I] SCOPY GEOMETRY capture=3 name='E117' type='BSTriShape'
[22:29:28.648] [27512] [I] SCOPY GEOMETRY capture=3 name='E116' type='BSTriShape'
[22:29:28.648] [27512] [I] SCOPY GEOMETRY capture=3 name='E115' type='BSTriShape'
[22:29:28.648] [27512] [I] SCOPY GEOMETRY capture=3 name='E114' type='BSTriShape'
[22:29:28.648] [27512] [I] SCOPY GEOMETRY capture=3 name='E113' type='BSTriShape'
[22:29:28.648] [27512] [I] SCOPY GEOMETRY capture=3 name='E112' type='BSTriShape'
[22:29:28.648] [27512] [I] SCOPY GEOMETRY capture=3 name='E111' type='BSTriShape'
[22:29:28.648] [27512] [I] SCOPY GEOMETRY capture=3 name='E110' type='BSTriShape'
[22:29:28.648] [27512] [I] SCOPY GEOMETRY capture=3 name='E19' type='BSTriShape'
[22:29:28.648] [27512] [I] SCOPY GEOMETRY capture=3 name='E18' type='BSTriShape'
[22:29:28.648] [27512] [I] SCOPY GEOMETRY capture=3 name='E17' type='BSTriShape'
[22:29:28.648] [27512] [I] SCOPY GEOMETRY capture=3 name='E16' type='BSTriShape'
[22:29:28.648] [27512] [I] SCOPY GEOMETRY capture=3 name='E15' type='BSTriShape'
[22:29:28.648] [27512] [I] SCOPY GEOMETRY capture=3 name='E14' type='BSTriShape'
[22:29:28.648] [27512] [I] SCOPY GEOMETRY capture=3 name='E13' type='BSTriShape'
[22:29:28.648] [27512] [I] SCOPY GEOMETRY capture=3 name='E12' type='BSTriShape'
[22:29:28.648] [27512] [I] SCOPY GEOMETRY capture=3 name='N15' type='BSTriShape'
[22:29:28.648] [27512] [I] SCOPY GEOMETRY capture=3 name='N16' type='BSTriShape'
[22:29:28.648] [27512] [I] SCOPY GEOMETRY capture=3 name='AE11' type='BSTriShape'
[22:29:28.648] [27512] [I] SCOPY GEOMETRY capture=3 name='00UBE_LDDLevisChoice13be_Female' type='BSDynamicTriShape'
[22:29:28.648] [27512] [I] SCOPY GEOMETRY capture=3 name='00UBE_FemaleEyesHuman_outer' type='BSDynamicTriShape'
[22:29:28.648] [27512] [I] SCOPY GEOMETRY capture=3 name='00UBE_FemaleEyesHuman_shadows' type='BSDynamicTriShape'
[22:29:28.648] [27512] [I] SCOPY GEOMETRY capture=3 name='00UBE_FemaleLensLeft_Dummy' type='BSDynamicTriShape'
[22:29:28.648] [27512] [I] SCOPY GEOMETRY capture=3 name='00UBE_FemaleLensRight_Dummy' type='BSDynamicTriShape'
[22:29:28.648] [27512] [I] SCOPY GEOMETRY capture=3 name='00UBE_FemaleEyesHumanLightGrey' type='BSDynamicTriShape'
[22:29:28.648] [27512] [I] SCOPY GEOMETRY capture=3 name='00UBE_FemaleMouth' type='BSDynamicTriShape'
[22:29:28.648] [27512] [I] SCOPY GEOMETRY capture=3 name='00UBE_FemaleHead' type='BSDynamicTriShape'
[22:29:28.648] [27512] [I] SCOPY GEOMETRY capture=3 name=' (FE2E7807)[1]/ (FE2E7801) [100%]' type='BSTriShape'
[22:29:28.648] [27512] [I] SCOPY GEOMETRY capture=3 name='3BCA_Feet' type='BSTriShape'
[22:29:28.648] [27512] [I] SCOPY GEOMETRY capture=3 name='3BCA_Leg' type='BSTriShape'
[22:29:28.648] [27512] [I] SCOPY GEOMETRY capture=3 name='3BCA_Butt' type='BSTriShape'
[22:29:28.648] [27512] [I] SCOPY GEOMETRY capture=3 name='3BCA_Anus' type='BSTriShape'
[22:29:28.648] [27512] [I] SCOPY GEOMETRY capture=3 name='3BCA_Belly' type='BSTriShape'
[22:29:28.648] [27512] [I] SCOPY GEOMETRY capture=3 name='3BCA_Hand' type='BSTriShape'
[22:29:28.648] [27512] [I] SCOPY GEOMETRY capture=3 name='3BCA_Arm' type='BSTriShape'
[22:29:28.648] [27512] [I] SCOPY GEOMETRY capture=3 name='3BCA_Breast' type='BSTriShape'
[22:29:28.648] [27512] [I] SCOPY GEOMETRY capture=3 name='3BCA_Head' type='BSTriShape'
[22:29:28.648] [27512] [I] SCOPY GEOMETRY capture=3 name='VirtualGround' type='BSTriShape'
[22:29:28.648] [27512] [I] SCOPY GEOMETRY capture=3 name='Feet' type='BSTriShape'
[22:29:28.648] [27512] [I] SCOPY GEOMETRY capture=3 name='Heels' type='BSTriShape'
[22:29:28.648] [27512] [I] SCOPY GEOMETRY capture=3 name='Hands' type='BSTriShape'
[22:29:28.648] [27512] [I] SCOPY GEOMETRY capture=3 name='Bracelet' type='BSTriShape'
[22:29:28.648] [27512] [I] SCOPY GEOMETRY capture=3 name='CollisionStopper' type='BSTriShape'
[22:29:28.648] [27512] [I] SCOPY GEOMETRY capture=3 name='LowerBodyCollision' type='BSTriShape'
[22:29:28.648] [27512] [I] SCOPY GEOMETRY capture=3 name='VirtualGround' type='BSTriShape'
[22:29:28.648] [27512] [I] SCOPY GEOMETRY capture=3 name='BaseShape' type='BSTriShape'
[22:29:28.648] [27512] [I] SCOPY GEOMETRY capture=3 name='Thighstrap' type='BSTriShape'
[22:29:28.648] [27512] [I] SCOPY GEOMETRY capture=3 name='Armband' type='BSTriShape'
[22:29:28.648] [27512] [I] SCOPY GEOMETRY capture=3 name='Dress_Inner' type='BSTriShape'
[22:29:28.648] [27512] [I] SCOPY GEOMETRY capture=3 name='Dress' type='BSTriShape'
[22:29:28.648] [27512] [I] SCOPY GEOMETRY capture=3 name='Face [Ovl1]' type='BSDynamicTriShape'
[22:29:28.648] [27512] [I] SCOPY GEOMETRY capture=3 name='Face [Ovl0]' type='BSDynamicTriShape'
[22:29:30.226] [27512] [I] SCOPY DRAW-TOGGLE enabled=true capture=3
[22:29:30.228] [27512] [I] Clone draw: passes=46 rd-null=46 lights=3 | geoms=50 skinned=50 roots=2 num-mat=925 bone-count=958 bound=925
[22:29:30.228] [27512] [I] SCOPY DRAW frame=1 passes=46 lights=true animation-driver=none physics-driver=none
[22:29:32.535] [27512] [I] Clone draw: passes=46 rd-null=46 lights=3 | geoms=50 skinned=50 roots=2 num-mat=925 bone-count=958 bound=925
[22:29:32.535] [27512] [I] SCOPY DRAW frame=121 passes=46 lights=true animation-driver=none physics-driver=none
[22:29:33.174] [27512] [I] SCOPY ROTATE angle-deg=90
[22:29:33.822] [27512] [I] SCOPY ROTATE angle-deg=180
[22:29:34.162] [27512] [I] SCOPY ROTATE angle-deg=270
[22:29:34.486] [27512] [I] SCOPY ROTATE angle-deg=360
[22:29:34.807] [27512] [I] Clone draw: passes=46 rd-null=46 lights=3 | geoms=50 skinned=50 roots=2 num-mat=925 bone-count=958 bound=925
[22:29:34.807] [27512] [I] SCOPY DRAW frame=241 passes=46 lights=true animation-driver=none physics-driver=none
[22:29:35.016] [27512] [I] SCOPY ROTATE angle-deg=450
[22:29:35.665] [27512] [I] SCOPY ROTATE angle-deg=540
[22:29:35.949] [27512] [I] SCOPY ROTATE angle-deg=630
[22:29:36.805] [27512] [I] SCOPY ROTATE angle-deg=720
[22:29:37.090] [27512] [I] Clone draw: passes=46 rd-null=46 lights=3 | geoms=50 skinned=50 roots=2 num-mat=925 bone-count=958 bound=925
[22:29:37.090] [27512] [I] SCOPY DRAW frame=361 passes=46 lights=true animation-driver=none physics-driver=none
[22:29:37.318] [27512] [I] SCOPY ROTATE angle-deg=810
[22:29:37.567] [27512] [I] SCOPY ROTATE angle-deg=900
[22:29:38.623] [27512] [I] SCOPY ROTATE angle-deg=990
[22:29:39.365] [27512] [I] Clone draw: passes=46 rd-null=46 lights=3 | geoms=50 skinned=50 roots=2 num-mat=925 bone-count=958 bound=925
[22:29:39.365] [27512] [I] SCOPY DRAW frame=481 passes=46 lights=true animation-driver=none physics-driver=none
[22:29:39.613] [27512] [I] SCOPY ROTATE angle-deg=1080
[22:29:39.953] [27512] [I] SCOPY ROTATE angle-deg=1170
[22:29:40.660] [27512] [I] SCOPY ROTATE angle-deg=1260
[22:29:40.926] [27512] [I] SCOPY ROTATE angle-deg=1350
[22:29:41.231] [27512] [I] SCOPY ROTATE angle-deg=1440
[22:29:41.660] [27512] [I] Clone draw: passes=46 rd-null=46 lights=3 | geoms=50 skinned=50 roots=2 num-mat=925 bone-count=958 bound=925
[22:29:41.660] [27512] [I] SCOPY DRAW frame=601 passes=46 lights=true animation-driver=none physics-driver=none
[22:29:41.862] [27512] [I] SCOPY ANIM probe enabled: node transforms only, applied after the studio's base placement and before pass preparation; the skin matrix buffer is read-only
[22:29:41.862] [27512] [I] SCOPY ANIM target bone='NPC Spine [Spn0]' parent-chain='CME UBody [UBody] < MJF CME Body [Body] < CME Body [Body] < NPC COM [COM ] < NPC Root [Root] < NPC < skeleton_female.nif' candidates=361 subtree-nodes=968 skin='Dress' bones=71 root='skeleton_female.nif' affected-geoms=43/46 witness='RightWing5' witness-radius=23.68 swing=world-X 0.600rad period=320f controllers=none verdict=copy-is-graph-invisible skins: [Face [Ovl0]: 17/17 direct] [Face [Ovl1]: 17/17 direct] [Dress: 71/71 direct] [Dress_Inner: 70/70 direct]
[22:29:42.013] [27512] [I] SCOPY T0 frame=5190 capture=3 bone='NPC Spine [Spn0]' skin='Dress' root='skeleton_female.nif' bone-origin=(1.4,-487.4,4.3) bone-row1=(0.011,0.982,0.188) witness='RightWing5' witness-radius=23.68 subtree-nodes=968
[22:29:42.013] [27512] [I] SCOPY T1 frame=5190 bone-row1=(-0.019,0.713,0.701) orientation-delta-deg=33.7 witness-moved=13.73 moved-range=[13.73,13.73] slot=28 buffer-pre=sampled pre-rel=captured probe-effective=true
[22:29:42.013] [27512] [I] SCOPY T2 frame=5190 pass-geometry='Dress' numMatrices=71 frameID=5456 buffer-submit=sampled changed-since-T1=false submit-rel=captured
[22:29:42.013] [27512] [I] SCOPY T3 frame=5190 drawn=46 buffer-after-draw=sampled changed-since-T2=true final-rel=captured node-row1=(-0.019,0.713,0.701)
[22:29:42.165] [27512] [I] SCOPY T0 frame=5198 capture=3 bone='NPC Spine [Spn0]' skin='Dress' root='skeleton_female.nif' bone-origin=(1.4,-487.4,4.3) bone-row1=(0.011,0.982,0.188) witness='RightWing5' witness-radius=23.68 subtree-nodes=968
[22:29:42.165] [27512] [I] SCOPY T1 frame=5198 bone-row1=(-0.019,0.705,0.709) orientation-delta-deg=34.4 witness-moved=13.98 moved-range=[13.73,13.98] slot=28 buffer-pre=sampled pre-rel=captured probe-effective=true
[22:29:42.165] [27512] [I] SCOPY T2 frame=5198 pass-geometry='Dress' numMatrices=71 frameID=5464 buffer-submit=sampled changed-since-T1=false submit-rel=captured
[22:29:42.165] [27512] [I] SCOPY T3 frame=5198 drawn=46 buffer-after-draw=sampled changed-since-T2=true final-rel=captured node-row1=(-0.019,0.705,0.709)
[22:29:42.313] [27512] [I] SCOPY T0 frame=5206 capture=3 bone='NPC Spine [Spn0]' skin='Dress' root='skeleton_female.nif' bone-origin=(1.4,-487.4,4.3) bone-row1=(0.011,0.982,0.188) witness='RightWing5' witness-radius=23.68 subtree-nodes=968
[22:29:42.313] [27512] [I] SCOPY T1 frame=5206 bone-row1=(-0.019,0.708,0.706) orientation-delta-deg=34.1 witness-moved=13.90 moved-range=[13.73,13.98] slot=28 buffer-pre=sampled pre-rel=captured probe-effective=true
[22:29:42.313] [27512] [I] SCOPY T2 frame=5206 pass-geometry='Dress' numMatrices=71 frameID=5472 buffer-submit=sampled changed-since-T1=false submit-rel=captured
[22:29:42.313] [27512] [I] SCOPY T3 frame=5206 drawn=46 buffer-after-draw=sampled changed-since-T2=true final-rel=captured node-row1=(-0.019,0.708,0.706)
[22:29:42.466] [27512] [I] SCOPY T0 frame=5214 capture=3 bone='NPC Spine [Spn0]' skin='Dress' root='skeleton_female.nif' bone-origin=(1.4,-487.4,4.3) bone-row1=(0.011,0.982,0.188) witness='RightWing5' witness-radius=23.68 subtree-nodes=968
[22:29:42.466] [27512] [I] SCOPY T1 frame=5214 bone-row1=(-0.018,0.721,0.693) orientation-delta-deg=33.1 witness-moved=13.48 moved-range=[13.48,13.98] slot=28 buffer-pre=sampled pre-rel=captured probe-effective=true
[22:29:42.466] [27512] [I] SCOPY T2 frame=5214 pass-geometry='Dress' numMatrices=71 frameID=5480 buffer-submit=sampled changed-since-T1=false submit-rel=captured
[22:29:42.466] [27512] [I] SCOPY T3 frame=5214 drawn=46 buffer-after-draw=sampled changed-since-T2=true final-rel=captured node-row1=(-0.018,0.721,0.693)
[22:29:42.619] [27512] [I] SCOPY T0 frame=5222 capture=3 bone='NPC Spine [Spn0]' skin='Dress' root='skeleton_female.nif' bone-origin=(1.4,-487.4,4.3) bone-row1=(0.011,0.982,0.188) witness='RightWing5' witness-radius=23.68 subtree-nodes=968
[22:29:42.619] [27512] [I] SCOPY T1 frame=5222 bone-row1=(-0.017,0.743,0.669) orientation-delta-deg=31.2 witness-moved=12.74 moved-range=[12.74,13.98] slot=28 buffer-pre=sampled pre-rel=captured probe-effective=true
[22:29:42.619] [27512] [I] SCOPY T2 frame=5222 pass-geometry='Dress' numMatrices=71 frameID=5488 buffer-submit=sampled changed-since-T1=false submit-rel=captured
[22:29:42.619] [27512] [I] SCOPY T3 frame=5222 drawn=46 buffer-after-draw=sampled changed-since-T2=true final-rel=captured node-row1=(-0.017,0.743,0.669)
[22:29:42.771] [27512] [I] SCOPY T0 frame=5230 capture=3 bone='NPC Spine [Spn0]' skin='Dress' root='skeleton_female.nif' bone-origin=(1.4,-487.4,4.3) bone-row1=(0.011,0.982,0.188) witness='RightWing5' witness-radius=23.68 subtree-nodes=968
[22:29:42.771] [27512] [I] SCOPY T1 frame=5230 bone-row1=(-0.014,0.773,0.635) orientation-delta-deg=28.6 witness-moved=11.69 moved-range=[11.69,13.98] slot=28 buffer-pre=sampled pre-rel=captured probe-effective=true
[22:29:42.771] [27512] [I] SCOPY T2 frame=5230 pass-geometry='Dress' numMatrices=71 frameID=5496 buffer-submit=sampled changed-since-T1=false submit-rel=captured
[22:29:42.771] [27512] [I] SCOPY T3 frame=5230 drawn=46 buffer-after-draw=sampled changed-since-T2=true final-rel=captured node-row1=(-0.014,0.773,0.635)
[22:29:42.937] [27512] [I] SCOPY T0 frame=5238 capture=3 bone='NPC Spine [Spn0]' skin='Dress' root='skeleton_female.nif' bone-origin=(1.4,-487.4,4.3) bone-row1=(0.011,0.982,0.188) witness='RightWing5' witness-radius=23.68 subtree-nodes=968
[22:29:42.937] [27512] [I] SCOPY T1 frame=5238 bone-row1=(-0.012,0.808,0.589) orientation-delta-deg=25.2 witness-moved=10.35 moved-range=[10.35,13.98] slot=28 buffer-pre=sampled pre-rel=captured probe-effective=true
[22:29:42.937] [27512] [I] SCOPY T2 frame=5238 pass-geometry='Dress' numMatrices=71 frameID=5504 buffer-submit=sampled changed-since-T1=false submit-rel=captured
[22:29:42.937] [27512] [I] SCOPY T3 frame=5238 drawn=46 buffer-after-draw=sampled changed-since-T2=true final-rel=captured node-row1=(-0.012,0.808,0.589)
[22:29:43.089] [27512] [I] SCOPY T0 frame=5246 capture=3 bone='NPC Spine [Spn0]' skin='Dress' root='skeleton_female.nif' bone-origin=(1.4,-487.4,4.3) bone-row1=(0.011,0.982,0.188) witness='RightWing5' witness-radius=23.68 subtree-nodes=968
[22:29:43.089] [27512] [I] SCOPY T1 frame=5246 bone-row1=(-0.008,0.847,0.531) orientation-delta-deg=21.3 witness-moved=8.74 moved-range=[8.74,13.98] slot=28 buffer-pre=sampled pre-rel=captured probe-effective=true
[22:29:43.089] [27512] [I] SCOPY T2 frame=5246 pass-geometry='Dress' numMatrices=71 frameID=5512 buffer-submit=sampled changed-since-T1=false submit-rel=captured
[22:29:43.089] [27512] [I] SCOPY T3 frame=5246 drawn=46 buffer-after-draw=sampled changed-since-T2=true final-rel=captured node-row1=(-0.008,0.847,0.531)
[22:29:43.240] [27512] [I] SCOPY T0 frame=5254 capture=3 bone='NPC Spine [Spn0]' skin='Dress' root='skeleton_female.nif' bone-origin=(1.4,-487.4,4.3) bone-row1=(0.011,0.982,0.188) witness='RightWing5' witness-radius=23.68 subtree-nodes=968
[22:29:43.240] [27512] [I] SCOPY T1 frame=5254 bone-row1=(-0.004,0.886,0.464) orientation-delta-deg=16.8 witness-moved=6.92 moved-range=[6.92,13.98] slot=28 buffer-pre=sampled pre-rel=captured probe-effective=true
[22:29:43.240] [27512] [I] SCOPY T2 frame=5254 pass-geometry='Dress' numMatrices=71 frameID=5520 buffer-submit=sampled changed-since-T1=false submit-rel=captured
[22:29:43.240] [27512] [I] SCOPY T3 frame=5254 drawn=46 buffer-after-draw=sampled changed-since-T2=true final-rel=captured node-row1=(-0.004,0.886,0.464)
[22:29:43.391] [27512] [I] SCOPY T0 frame=5262 capture=3 bone='NPC Spine [Spn0]' skin='Dress' root='skeleton_female.nif' bone-origin=(1.4,-487.4,4.3) bone-row1=(0.011,0.982,0.188) witness='RightWing5' witness-radius=23.68 subtree-nodes=968
[22:29:43.391] [27512] [I] SCOPY T1 frame=5262 bone-row1=(0.000,0.922,0.386) orientation-delta-deg=11.9 witness-moved=4.91 moved-range=[4.91,13.98] slot=28 buffer-pre=sampled pre-rel=captured probe-effective=true
[22:29:43.391] [27512] [I] SCOPY T2 frame=5262 pass-geometry='Dress' numMatrices=71 frameID=5528 buffer-submit=sampled changed-since-T1=false submit-rel=captured
[22:29:43.391] [27512] [I] SCOPY T3 frame=5262 drawn=46 buffer-after-draw=sampled changed-since-T2=true final-rel=captured node-row1=(0.000,0.922,0.386)
[22:29:43.541] [27512] [I] SCOPY T0 frame=5270 capture=3 bone='NPC Spine [Spn0]' skin='Dress' root='skeleton_female.nif' bone-origin=(1.4,-487.4,4.3) bone-row1=(0.011,0.982,0.188) witness='RightWing5' witness-radius=23.68 subtree-nodes=968
[22:29:43.541] [27512] [I] SCOPY T1 frame=5270 bone-row1=(0.005,0.953,0.301) orientation-delta-deg=6.7 witness-moved=2.77 moved-range=[2.77,13.98] slot=28 buffer-pre=sampled pre-rel=captured probe-effective=true
[22:29:43.541] [27512] [I] SCOPY T2 frame=5270 pass-geometry='Dress' numMatrices=71 frameID=5536 buffer-submit=sampled changed-since-T1=false submit-rel=captured
[22:29:43.541] [27512] [I] SCOPY T3 frame=5270 drawn=46 buffer-after-draw=sampled changed-since-T2=true final-rel=captured node-row1=(0.005,0.953,0.301)
[22:29:43.692] [27512] [I] SCOPY T0 frame=5278 capture=3 bone='NPC Spine [Spn0]' skin='Dress' root='skeleton_female.nif' bone-origin=(1.4,-487.4,4.3) bone-row1=(0.011,0.982,0.188) witness='RightWing5' witness-radius=23.68 subtree-nodes=968
[22:29:43.692] [27512] [I] SCOPY T1 frame=5278 bone-row1=(0.010,0.977,0.211) orientation-delta-deg=1.3 witness-moved=0.56 moved-range=[0.56,13.98] slot=28 buffer-pre=sampled pre-rel=captured probe-effective=true
[22:29:43.692] [27512] [I] SCOPY T2 frame=5278 pass-geometry='Dress' numMatrices=71 frameID=5544 buffer-submit=sampled changed-since-T1=false submit-rel=captured
[22:29:43.692] [27512] [I] SCOPY T3 frame=5278 drawn=46 buffer-after-draw=sampled changed-since-T2=true final-rel=captured node-row1=(0.010,0.977,0.211)
[22:29:43.844] [27512] [I] SCOPY T0 frame=5286 capture=3 bone='NPC Spine [Spn0]' skin='Dress' root='skeleton_female.nif' bone-origin=(1.4,-487.4,4.3) bone-row1=(0.011,0.982,0.188) witness='RightWing5' witness-radius=23.68 subtree-nodes=968
[22:29:43.844] [27512] [I] SCOPY T1 frame=5286 bone-row1=(0.014,0.993,0.119) orientation-delta-deg=4.0 witness-moved=1.67 moved-range=[0.56,13.98] slot=28 buffer-pre=sampled pre-rel=swung probe-effective=true
[22:29:43.844] [27512] [I] SCOPY T2 frame=5286 pass-geometry='Dress' numMatrices=71 frameID=5552 buffer-submit=sampled changed-since-T1=false submit-rel=swung
[22:29:43.844] [27512] [I] SCOPY T3 frame=5286 drawn=46 buffer-after-draw=sampled changed-since-T2=true final-rel=swung node-row1=(0.014,0.993,0.119)
[22:29:43.960] [27512] [I] Clone draw: passes=46 rd-null=46 lights=3 | geoms=50 skinned=50 roots=2 num-mat=925 bone-count=958 bound=925
[22:29:43.960] [27512] [I] SCOPY DRAW frame=721 passes=46 lights=true animation-driver=none physics-driver=none
[22:29:44.010] [27512] [I] SCOPY T0 frame=5294 capture=3 bone='NPC Spine [Spn0]' skin='Dress' root='skeleton_female.nif' bone-origin=(1.4,-487.4,4.3) bone-row1=(0.011,0.982,0.188) witness='RightWing5' witness-radius=23.68 subtree-nodes=968
[22:29:44.010] [27512] [I] SCOPY T1 frame=5294 bone-row1=(0.019,0.999,0.027) orientation-delta-deg=9.3 witness-moved=3.85 moved-range=[0.56,13.98] slot=28 buffer-pre=sampled pre-rel=swung probe-effective=true
[22:29:44.010] [27512] [I] SCOPY T2 frame=5294 pass-geometry='Dress' numMatrices=71 frameID=5560 buffer-submit=sampled changed-since-T1=false submit-rel=swung
[22:29:44.010] [27512] [I] SCOPY T3 frame=5294 drawn=46 buffer-after-draw=sampled changed-since-T2=true final-rel=swung node-row1=(0.019,0.999,0.027)
[22:29:44.161] [27512] [I] SCOPY T0 frame=5302 capture=3 bone='NPC Spine [Spn0]' skin='Dress' root='skeleton_female.nif' bone-origin=(1.4,-487.4,4.3) bone-row1=(0.011,0.982,0.188) witness='RightWing5' witness-radius=23.68 subtree-nodes=968
[22:29:44.161] [27512] [I] SCOPY T1 frame=5302 bone-row1=(0.023,0.998,-0.062) orientation-delta-deg=14.4 witness-moved=5.93 moved-range=[0.56,13.98] slot=28 buffer-pre=sampled pre-rel=swung probe-effective=true
[22:29:44.161] [27512] [I] SCOPY T2 frame=5302 pass-geometry='Dress' numMatrices=71 frameID=5568 buffer-submit=sampled changed-since-T1=false submit-rel=swung
[22:29:44.161] [27512] [I] SCOPY T3 frame=5302 drawn=46 buffer-after-draw=sampled changed-since-T2=true final-rel=swung node-row1=(0.023,0.998,-0.062)
[22:29:44.312] [27512] [I] SCOPY T0 frame=5310 capture=3 bone='NPC Spine [Spn0]' skin='Dress' root='skeleton_female.nif' bone-origin=(1.4,-487.4,4.3) bone-row1=(0.011,0.982,0.188) witness='RightWing5' witness-radius=23.68 subtree-nodes=968
[22:29:44.312] [27512] [I] SCOPY T1 frame=5310 bone-row1=(0.027,0.989,-0.143) orientation-delta-deg=19.1 witness-moved=7.86 moved-range=[0.56,13.98] slot=28 buffer-pre=sampled pre-rel=swung probe-effective=true
[22:29:44.312] [27512] [I] SCOPY T2 frame=5310 pass-geometry='Dress' numMatrices=71 frameID=5576 buffer-submit=sampled changed-since-T1=false submit-rel=swung
[22:29:44.312] [27512] [I] SCOPY T3 frame=5310 drawn=46 buffer-after-draw=sampled changed-since-T2=true final-rel=swung node-row1=(0.027,0.989,-0.143)
[22:29:44.462] [27512] [I] SCOPY T0 frame=5318 capture=3 bone='NPC Spine [Spn0]' skin='Dress' root='skeleton_female.nif' bone-origin=(1.4,-487.4,4.3) bone-row1=(0.011,0.982,0.188) witness='RightWing5' witness-radius=23.68 subtree-nodes=968
[22:29:44.462] [27512] [I] SCOPY T1 frame=5318 bone-row1=(0.030,0.976,-0.216) orientation-delta-deg=23.3 witness-moved=9.58 moved-range=[0.56,13.98] slot=28 buffer-pre=sampled pre-rel=swung probe-effective=true
[22:29:44.462] [27512] [I] SCOPY T2 frame=5318 pass-geometry='Dress' numMatrices=71 frameID=5584 buffer-submit=sampled changed-since-T1=false submit-rel=swung
[22:29:44.462] [27512] [I] SCOPY T3 frame=5318 drawn=46 buffer-after-draw=sampled changed-since-T2=true final-rel=swung node-row1=(0.030,0.976,-0.216)
[22:29:44.613] [27512] [I] SCOPY T0 frame=5326 capture=3 bone='NPC Spine [Spn0]' skin='Dress' root='skeleton_female.nif' bone-origin=(1.4,-487.4,4.3) bone-row1=(0.011,0.982,0.188) witness='RightWing5' witness-radius=23.68 subtree-nodes=968
[22:29:44.613] [27512] [I] SCOPY T1 frame=5326 bone-row1=(0.033,0.960,-0.278) orientation-delta-deg=27.0 witness-moved=11.05 moved-range=[0.56,13.98] slot=28 buffer-pre=sampled pre-rel=swung probe-effective=true
[22:29:44.613] [27512] [I] SCOPY T2 frame=5326 pass-geometry='Dress' numMatrices=71 frameID=5592 buffer-submit=sampled changed-since-T1=false submit-rel=swung
[22:29:44.613] [27512] [I] SCOPY T3 frame=5326 drawn=46 buffer-after-draw=sampled changed-since-T2=true final-rel=swung node-row1=(0.033,0.960,-0.278)
[22:29:44.764] [27512] [I] SCOPY T0 frame=5334 capture=3 bone='NPC Spine [Spn0]' skin='Dress' root='skeleton_female.nif' bone-origin=(1.4,-487.4,4.3) bone-row1=(0.011,0.982,0.188) witness='RightWing5' witness-radius=23.68 subtree-nodes=968
[22:29:44.764] [27512] [I] SCOPY T1 frame=5334 bone-row1=(0.035,0.944,-0.327) orientation-delta-deg=30.0 witness-moved=12.25 moved-range=[0.56,13.98] slot=28 buffer-pre=sampled pre-rel=swung probe-effective=true
[22:29:44.764] [27512] [I] SCOPY T2 frame=5334 pass-geometry='Dress' numMatrices=71 frameID=5600 buffer-submit=sampled changed-since-T1=false submit-rel=swung
[22:29:44.764] [27512] [I] SCOPY T3 frame=5334 drawn=46 buffer-after-draw=sampled changed-since-T2=true final-rel=swung node-row1=(0.035,0.944,-0.327)
[22:29:44.917] [27512] [I] SCOPY T0 frame=5342 capture=3 bone='NPC Spine [Spn0]' skin='Dress' root='skeleton_female.nif' bone-origin=(1.4,-487.4,4.3) bone-row1=(0.011,0.982,0.188) witness='RightWing5' witness-radius=23.68 subtree-nodes=968
[22:29:44.917] [27512] [I] SCOPY T1 frame=5342 bone-row1=(0.036,0.931,-0.364) orientation-delta-deg=32.3 witness-moved=13.15 moved-range=[0.56,13.98] slot=28 buffer-pre=sampled pre-rel=swung probe-effective=true
[22:29:44.917] [27512] [I] SCOPY T2 frame=5342 pass-geometry='Dress' numMatrices=71 frameID=5608 buffer-submit=sampled changed-since-T1=false submit-rel=swung
[22:29:44.917] [27512] [I] SCOPY T3 frame=5342 drawn=46 buffer-after-draw=sampled changed-since-T2=true final-rel=swung node-row1=(0.036,0.931,-0.364)
[22:29:45.068] [27512] [I] SCOPY T0 frame=5350 capture=3 bone='NPC Spine [Spn0]' skin='Dress' root='skeleton_female.nif' bone-origin=(1.4,-487.4,4.3) bone-row1=(0.011,0.982,0.188) witness='RightWing5' witness-radius=23.68 subtree-nodes=968
[22:29:45.068] [27512] [I] SCOPY T1 frame=5350 bone-row1=(0.037,0.921,-0.388) orientation-delta-deg=33.7 witness-moved=13.73 moved-range=[0.56,13.98] slot=28 buffer-pre=sampled pre-rel=swung probe-effective=true
[22:29:45.068] [27512] [I] SCOPY T2 frame=5350 pass-geometry='Dress' numMatrices=71 frameID=5616 buffer-submit=sampled changed-since-T1=false submit-rel=swung
[22:29:45.068] [27512] [I] SCOPY T3 frame=5350 drawn=46 buffer-after-draw=sampled changed-since-T2=true final-rel=swung node-row1=(0.037,0.921,-0.388)
[22:29:45.232] [27512] [I] SCOPY T0 frame=5358 capture=3 bone='NPC Spine [Spn0]' skin='Dress' root='skeleton_female.nif' bone-origin=(1.4,-487.4,4.3) bone-row1=(0.011,0.982,0.188) witness='RightWing5' witness-radius=23.68 subtree-nodes=968
[22:29:45.232] [27512] [I] SCOPY T1 frame=5358 bone-row1=(0.037,0.917,-0.398) orientation-delta-deg=34.4 witness-moved=13.98 moved-range=[0.56,13.98] slot=28 buffer-pre=sampled pre-rel=swung probe-effective=true
[22:29:45.232] [27512] [I] SCOPY T2 frame=5358 pass-geometry='Dress' numMatrices=71 frameID=5624 buffer-submit=sampled changed-since-T1=false submit-rel=swung
[22:29:45.232] [27512] [I] SCOPY T3 frame=5358 drawn=46 buffer-after-draw=sampled changed-since-T2=true final-rel=swung node-row1=(0.037,0.917,-0.398)
[22:29:45.390] [27512] [I] SCOPY T0 frame=5366 capture=3 bone='NPC Spine [Spn0]' skin='Dress' root='skeleton_female.nif' bone-origin=(1.4,-487.4,4.3) bone-row1=(0.011,0.982,0.188) witness='RightWing5' witness-radius=23.68 subtree-nodes=968
[22:29:45.390] [27512] [I] SCOPY T1 frame=5366 bone-row1=(0.037,0.918,-0.395) orientation-delta-deg=34.1 witness-moved=13.90 moved-range=[0.56,13.98] slot=28 buffer-pre=sampled pre-rel=swung probe-effective=true
[22:29:45.390] [27512] [I] SCOPY T2 frame=5366 pass-geometry='Dress' numMatrices=71 frameID=5632 buffer-submit=sampled changed-since-T1=false submit-rel=swung
[22:29:45.390] [27512] [I] SCOPY T3 frame=5366 drawn=46 buffer-after-draw=sampled changed-since-T2=true final-rel=swung node-row1=(0.037,0.918,-0.395)
[22:29:45.547] [27512] [I] SCOPY T0 frame=5374 capture=3 bone='NPC Spine [Spn0]' skin='Dress' root='skeleton_female.nif' bone-origin=(1.4,-487.4,4.3) bone-row1=(0.011,0.982,0.188) witness='RightWing5' witness-radius=23.68 subtree-nodes=968
[22:29:45.547] [27512] [I] SCOPY T1 frame=5374 bone-row1=(0.037,0.925,-0.378) orientation-delta-deg=33.1 witness-moved=13.48 moved-range=[0.56,13.98] slot=28 buffer-pre=sampled pre-rel=swung probe-effective=true
[22:29:45.547] [27512] [I] SCOPY T2 frame=5374 pass-geometry='Dress' numMatrices=71 frameID=5640 buffer-submit=sampled changed-since-T1=false submit-rel=swung
[22:29:45.547] [27512] [I] SCOPY T3 frame=5374 drawn=46 buffer-after-draw=sampled changed-since-T2=true final-rel=swung node-row1=(0.037,0.925,-0.378)
[22:29:45.699] [27512] [I] SCOPY T0 frame=5382 capture=3 bone='NPC Spine [Spn0]' skin='Dress' root='skeleton_female.nif' bone-origin=(1.4,-487.4,4.3) bone-row1=(0.011,0.982,0.188) witness='RightWing5' witness-radius=23.68 subtree-nodes=968
[22:29:45.699] [27512] [I] SCOPY T1 frame=5382 bone-row1=(0.035,0.937,-0.348) orientation-delta-deg=31.2 witness-moved=12.74 moved-range=[0.56,13.98] slot=28 buffer-pre=sampled pre-rel=swung probe-effective=true
[22:29:45.699] [27512] [I] SCOPY T2 frame=5382 pass-geometry='Dress' numMatrices=71 frameID=5648 buffer-submit=sampled changed-since-T1=false submit-rel=swung
[22:29:45.699] [27512] [I] SCOPY T3 frame=5382 drawn=46 buffer-after-draw=sampled changed-since-T2=true final-rel=swung node-row1=(0.035,0.937,-0.348)
[22:29:45.848] [27512] [I] SCOPY T0 frame=5390 capture=3 bone='NPC Spine [Spn0]' skin='Dress' root='skeleton_female.nif' bone-origin=(1.4,-487.4,4.3) bone-row1=(0.011,0.982,0.188) witness='RightWing5' witness-radius=23.68 subtree-nodes=968
[22:29:45.848] [27512] [I] SCOPY T1 frame=5390 bone-row1=(0.034,0.952,-0.304) orientation-delta-deg=28.6 witness-moved=11.69 moved-range=[0.56,13.98] slot=28 buffer-pre=sampled pre-rel=swung probe-effective=true
[22:29:45.848] [27512] [I] SCOPY T2 frame=5390 pass-geometry='Dress' numMatrices=71 frameID=5656 buffer-submit=sampled changed-since-T1=false submit-rel=swung
[22:29:45.848] [27512] [I] SCOPY T3 frame=5390 drawn=46 buffer-after-draw=sampled changed-since-T2=true final-rel=swung node-row1=(0.034,0.952,-0.304)
[22:29:46.001] [27512] [I] SCOPY T0 frame=5398 capture=3 bone='NPC Spine [Spn0]' skin='Dress' root='skeleton_female.nif' bone-origin=(1.4,-487.4,4.3) bone-row1=(0.011,0.982,0.188) witness='RightWing5' witness-radius=23.68 subtree-nodes=968
[22:29:46.001] [27512] [I] SCOPY T1 frame=5398 bone-row1=(0.031,0.968,-0.248) orientation-delta-deg=25.2 witness-moved=10.35 moved-range=[0.56,13.98] slot=28 buffer-pre=sampled pre-rel=swung probe-effective=true
[22:29:46.001] [27512] [I] SCOPY T2 frame=5398 pass-geometry='Dress' numMatrices=71 frameID=5664 buffer-submit=sampled changed-since-T1=false submit-rel=swung
[22:29:46.001] [27512] [I] SCOPY T3 frame=5398 drawn=46 buffer-after-draw=sampled changed-since-T2=true final-rel=swung node-row1=(0.031,0.968,-0.248)
[22:29:46.149] [27512] [I] SCOPY T0 frame=5406 capture=3 bone='NPC Spine [Spn0]' skin='Dress' root='skeleton_female.nif' bone-origin=(1.4,-487.4,4.3) bone-row1=(0.011,0.982,0.188) witness='RightWing5' witness-radius=23.68 subtree-nodes=968
[22:29:46.149] [27512] [I] SCOPY T1 frame=5406 bone-row1=(0.028,0.983,-0.181) orientation-delta-deg=21.3 witness-moved=8.74 moved-range=[0.56,13.98] slot=28 buffer-pre=sampled pre-rel=swung probe-effective=true
[22:29:46.149] [27512] [I] SCOPY T2 frame=5406 pass-geometry='Dress' numMatrices=71 frameID=5672 buffer-submit=sampled changed-since-T1=false submit-rel=swung
[22:29:46.149] [27512] [I] SCOPY T3 frame=5406 drawn=46 buffer-after-draw=sampled changed-since-T2=true final-rel=swung node-row1=(0.028,0.983,-0.181)
[22:29:46.275] [27512] [I] Clone draw: passes=46 rd-null=46 lights=3 | geoms=50 skinned=50 roots=2 num-mat=925 bone-count=958 bound=925
[22:29:46.275] [27512] [I] SCOPY DRAW frame=841 passes=46 lights=true animation-driver=none physics-driver=none
[22:29:46.310] [27512] [I] SCOPY T0 frame=5414 capture=3 bone='NPC Spine [Spn0]' skin='Dress' root='skeleton_female.nif' bone-origin=(1.4,-487.4,4.3) bone-row1=(0.011,0.982,0.188) witness='RightWing5' witness-radius=23.68 subtree-nodes=968
[22:29:46.310] [27512] [I] SCOPY T1 frame=5414 bone-row1=(0.025,0.994,-0.103) orientation-delta-deg=16.8 witness-moved=6.92 moved-range=[0.56,13.98] slot=28 buffer-pre=sampled pre-rel=swung probe-effective=true
[22:29:46.310] [27512] [I] SCOPY T2 frame=5414 pass-geometry='Dress' numMatrices=71 frameID=5680 buffer-submit=sampled changed-since-T1=false submit-rel=swung
[22:29:46.310] [27512] [I] SCOPY T3 frame=5414 drawn=46 buffer-after-draw=sampled changed-since-T2=true final-rel=swung node-row1=(0.025,0.994,-0.103)
[22:29:46.474] [27512] [I] SCOPY T0 frame=5422 capture=3 bone='NPC Spine [Spn0]' skin='Dress' root='skeleton_female.nif' bone-origin=(1.4,-487.4,4.3) bone-row1=(0.011,0.982,0.188) witness='RightWing5' witness-radius=23.68 subtree-nodes=968
[22:29:46.474] [27512] [I] SCOPY T1 frame=5422 bone-row1=(0.021,1.000,-0.018) orientation-delta-deg=11.9 witness-moved=4.91 moved-range=[0.56,13.98] slot=28 buffer-pre=sampled pre-rel=swung probe-effective=true
[22:29:46.474] [27512] [I] SCOPY T2 frame=5422 pass-geometry='Dress' numMatrices=71 frameID=5688 buffer-submit=sampled changed-since-T1=false submit-rel=swung
[22:29:46.474] [27512] [I] SCOPY T3 frame=5422 drawn=46 buffer-after-draw=sampled changed-since-T2=true final-rel=swung node-row1=(0.021,1.000,-0.018)
[22:29:46.627] [27512] [I] SCOPY T0 frame=5430 capture=3 bone='NPC Spine [Spn0]' skin='Dress' root='skeleton_female.nif' bone-origin=(1.4,-487.4,4.3) bone-row1=(0.011,0.982,0.188) witness='RightWing5' witness-radius=23.68 subtree-nodes=968
[22:29:46.627] [27512] [I] SCOPY T1 frame=5430 bone-row1=(0.017,0.997,0.072) orientation-delta-deg=6.7 witness-moved=2.77 moved-range=[0.56,13.98] slot=28 buffer-pre=sampled pre-rel=swung probe-effective=true
[22:29:46.627] [27512] [I] SCOPY T2 frame=5430 pass-geometry='Dress' numMatrices=71 frameID=5696 buffer-submit=sampled changed-since-T1=false submit-rel=swung
[22:29:46.627] [27512] [I] SCOPY T3 frame=5430 drawn=46 buffer-after-draw=sampled changed-since-T2=true final-rel=swung node-row1=(0.017,0.997,0.072)
[22:29:46.779] [27512] [I] SCOPY T0 frame=5438 capture=3 bone='NPC Spine [Spn0]' skin='Dress' root='skeleton_female.nif' bone-origin=(1.4,-487.4,4.3) bone-row1=(0.011,0.982,0.188) witness='RightWing5' witness-radius=23.68 subtree-nodes=968
[22:29:46.779] [27512] [I] SCOPY T1 frame=5438 bone-row1=(0.012,0.986,0.165) orientation-delta-deg=1.3 witness-moved=0.56 moved-range=[0.56,13.98] slot=28 buffer-pre=sampled pre-rel=swung probe-effective=true
[22:29:46.779] [27512] [I] SCOPY T2 frame=5438 pass-geometry='Dress' numMatrices=71 frameID=5704 buffer-submit=sampled changed-since-T1=false submit-rel=swung
[22:29:46.779] [27512] [I] SCOPY T3 frame=5438 drawn=46 buffer-after-draw=sampled changed-since-T2=true final-rel=swung node-row1=(0.012,0.986,0.165)
[22:29:46.931] [27512] [I] SCOPY T0 frame=5446 capture=3 bone='NPC Spine [Spn0]' skin='Dress' root='skeleton_female.nif' bone-origin=(1.4,-487.4,4.3) bone-row1=(0.011,0.982,0.188) witness='RightWing5' witness-radius=23.68 subtree-nodes=968
[22:29:46.931] [27512] [I] SCOPY T1 frame=5446 bone-row1=(0.007,0.966,0.257) orientation-delta-deg=4.0 witness-moved=1.67 moved-range=[0.56,13.98] slot=28 buffer-pre=sampled pre-rel=captured probe-effective=true
[22:29:46.931] [27512] [I] SCOPY T2 frame=5446 pass-geometry='Dress' numMatrices=71 frameID=5712 buffer-submit=sampled changed-since-T1=false submit-rel=captured
[22:29:46.931] [27512] [I] SCOPY T3 frame=5446 drawn=46 buffer-after-draw=sampled changed-since-T2=true final-rel=captured node-row1=(0.007,0.966,0.257)
[22:29:47.080] [27512] [I] SCOPY T0 frame=5454 capture=3 bone='NPC Spine [Spn0]' skin='Dress' root='skeleton_female.nif' bone-origin=(1.4,-487.4,4.3) bone-row1=(0.011,0.982,0.188) witness='RightWing5' witness-radius=23.68 subtree-nodes=968
[22:29:47.080] [27512] [I] SCOPY T1 frame=5454 bone-row1=(0.003,0.939,0.345) orientation-delta-deg=9.3 witness-moved=3.85 moved-range=[0.56,13.98] slot=28 buffer-pre=sampled pre-rel=captured probe-effective=true
[22:29:47.080] [27512] [I] SCOPY T2 frame=5454 pass-geometry='Dress' numMatrices=71 frameID=5720 buffer-submit=sampled changed-since-T1=false submit-rel=captured
[22:29:47.081] [27512] [I] SCOPY T3 frame=5454 drawn=46 buffer-after-draw=sampled changed-since-T2=true final-rel=captured node-row1=(0.003,0.939,0.345)
[22:29:47.233] [27512] [I] SCOPY T0 frame=5462 capture=3 bone='NPC Spine [Spn0]' skin='Dress' root='skeleton_female.nif' bone-origin=(1.4,-487.4,4.3) bone-row1=(0.011,0.982,0.188) witness='RightWing5' witness-radius=23.68 subtree-nodes=968
[22:29:47.233] [27512] [I] SCOPY T1 frame=5462 bone-row1=(-0.002,0.905,0.426) orientation-delta-deg=14.4 witness-moved=5.93 moved-range=[0.56,13.98] slot=28 buffer-pre=sampled pre-rel=captured probe-effective=true
[22:29:47.233] [27512] [I] SCOPY T2 frame=5462 pass-geometry='Dress' numMatrices=71 frameID=5728 buffer-submit=sampled changed-since-T1=false submit-rel=captured
[22:29:47.233] [27512] [I] SCOPY T3 frame=5462 drawn=46 buffer-after-draw=sampled changed-since-T2=true final-rel=captured node-row1=(-0.002,0.905,0.426)
[22:29:47.387] [27512] [I] SCOPY T0 frame=5470 capture=3 bone='NPC Spine [Spn0]' skin='Dress' root='skeleton_female.nif' bone-origin=(1.4,-487.4,4.3) bone-row1=(0.011,0.982,0.188) witness='RightWing5' witness-radius=23.68 subtree-nodes=968
[22:29:47.387] [27512] [I] SCOPY T1 frame=5470 bone-row1=(-0.006,0.867,0.499) orientation-delta-deg=19.1 witness-moved=7.86 moved-range=[0.56,13.98] slot=28 buffer-pre=sampled pre-rel=captured probe-effective=true
[22:29:47.387] [27512] [I] SCOPY T2 frame=5470 pass-geometry='Dress' numMatrices=71 frameID=5736 buffer-submit=sampled changed-since-T1=false submit-rel=captured
[22:29:47.387] [27512] [I] SCOPY T3 frame=5470 drawn=46 buffer-after-draw=sampled changed-since-T2=true final-rel=captured node-row1=(-0.006,0.867,0.499)
[22:29:47.541] [27512] [I] SCOPY T0 frame=5478 capture=3 bone='NPC Spine [Spn0]' skin='Dress' root='skeleton_female.nif' bone-origin=(1.4,-487.4,4.3) bone-row1=(0.011,0.982,0.188) witness='RightWing5' witness-radius=23.68 subtree-nodes=968
[22:29:47.541] [27512] [I] SCOPY T1 frame=5478 bone-row1=(-0.010,0.828,0.561) orientation-delta-deg=23.3 witness-moved=9.58 moved-range=[0.56,13.98] slot=28 buffer-pre=sampled pre-rel=captured probe-effective=true
[22:29:47.541] [27512] [I] SCOPY T2 frame=5478 pass-geometry='Dress' numMatrices=71 frameID=5744 buffer-submit=sampled changed-since-T1=false submit-rel=captured
[22:29:47.541] [27512] [I] SCOPY T3 frame=5478 drawn=46 buffer-after-draw=sampled changed-since-T2=true final-rel=captured node-row1=(-0.010,0.828,0.561)
[22:29:47.694] [27512] [I] SCOPY T0 frame=5486 capture=3 bone='NPC Spine [Spn0]' skin='Dress' root='skeleton_female.nif' bone-origin=(1.4,-487.4,4.3) bone-row1=(0.011,0.982,0.188) witness='RightWing5' witness-radius=23.68 subtree-nodes=968
[22:29:47.694] [27512] [I] SCOPY T1 frame=5486 bone-row1=(-0.013,0.790,0.613) orientation-delta-deg=27.0 witness-moved=11.05 moved-range=[0.56,13.98] slot=28 buffer-pre=sampled pre-rel=captured probe-effective=true
[22:29:47.694] [27512] [I] SCOPY T2 frame=5486 pass-geometry='Dress' numMatrices=71 frameID=5752 buffer-submit=sampled changed-since-T1=false submit-rel=captured
[22:29:47.694] [27512] [I] SCOPY T3 frame=5486 drawn=46 buffer-after-draw=sampled changed-since-T2=true final-rel=captured node-row1=(-0.013,0.790,0.613)
[22:29:47.846] [27512] [I] SCOPY T0 frame=5494 capture=3 bone='NPC Spine [Spn0]' skin='Dress' root='skeleton_female.nif' bone-origin=(1.4,-487.4,4.3) bone-row1=(0.011,0.982,0.188) witness='RightWing5' witness-radius=23.68 subtree-nodes=968
[22:29:47.846] [27512] [I] SCOPY T1 frame=5494 bone-row1=(-0.016,0.757,0.653) orientation-delta-deg=30.0 witness-moved=12.25 moved-range=[0.56,13.98] slot=28 buffer-pre=sampled pre-rel=captured probe-effective=true
[22:29:47.846] [27512] [I] SCOPY T2 frame=5494 pass-geometry='Dress' numMatrices=71 frameID=5760 buffer-submit=sampled changed-since-T1=false submit-rel=captured
[22:29:47.846] [27512] [I] SCOPY T3 frame=5494 drawn=46 buffer-after-draw=sampled changed-since-T2=true final-rel=captured node-row1=(-0.016,0.757,0.653)
[22:29:48.000] [27512] [I] SCOPY T0 frame=5502 capture=3 bone='NPC Spine [Spn0]' skin='Dress' root='skeleton_female.nif' bone-origin=(1.4,-487.4,4.3) bone-row1=(0.011,0.982,0.188) witness='RightWing5' witness-radius=23.68 subtree-nodes=968
[22:29:48.000] [27512] [I] SCOPY T1 frame=5502 bone-row1=(-0.018,0.731,0.683) orientation-delta-deg=32.3 witness-moved=13.15 moved-range=[0.56,13.98] slot=28 buffer-pre=sampled pre-rel=captured probe-effective=true
[22:29:48.000] [27512] [I] SCOPY T2 frame=5502 pass-geometry='Dress' numMatrices=71 frameID=5768 buffer-submit=sampled changed-since-T1=false submit-rel=captured
[22:29:48.000] [27512] [I] SCOPY T3 frame=5502 drawn=46 buffer-after-draw=sampled changed-since-T2=true final-rel=captured node-row1=(-0.018,0.731,0.683)
[22:29:48.152] [27512] [I] SCOPY T0 frame=5510 capture=3 bone='NPC Spine [Spn0]' skin='Dress' root='skeleton_female.nif' bone-origin=(1.4,-487.4,4.3) bone-row1=(0.011,0.982,0.188) witness='RightWing5' witness-radius=23.68 subtree-nodes=968
[22:29:48.152] [27512] [I] SCOPY T1 frame=5510 bone-row1=(-0.019,0.713,0.701) orientation-delta-deg=33.7 witness-moved=13.73 moved-range=[0.56,13.98] slot=28 buffer-pre=sampled pre-rel=captured probe-effective=true
[22:29:48.152] [27512] [I] SCOPY T2 frame=5510 pass-geometry='Dress' numMatrices=71 frameID=5776 buffer-submit=sampled changed-since-T1=false submit-rel=captured
[22:29:48.152] [27512] [I] SCOPY T3 frame=5510 drawn=46 buffer-after-draw=sampled changed-since-T2=true final-rel=captured node-row1=(-0.019,0.713,0.701)
[22:29:48.305] [27512] [I] SCOPY T0 frame=5518 capture=3 bone='NPC Spine [Spn0]' skin='Dress' root='skeleton_female.nif' bone-origin=(1.4,-487.4,4.3) bone-row1=(0.011,0.982,0.188) witness='RightWing5' witness-radius=23.68 subtree-nodes=968
[22:29:48.305] [27512] [I] SCOPY T1 frame=5518 bone-row1=(-0.019,0.705,0.709) orientation-delta-deg=34.4 witness-moved=13.98 moved-range=[0.56,13.98] slot=28 buffer-pre=sampled pre-rel=captured probe-effective=true
[22:29:48.305] [27512] [I] SCOPY T2 frame=5518 pass-geometry='Dress' numMatrices=71 frameID=5784 buffer-submit=sampled changed-since-T1=false submit-rel=captured
[22:29:48.305] [27512] [I] SCOPY T3 frame=5518 drawn=46 buffer-after-draw=sampled changed-since-T2=true final-rel=captured node-row1=(-0.019,0.705,0.709)
[22:29:48.457] [27512] [I] SCOPY T0 frame=5526 capture=3 bone='NPC Spine [Spn0]' skin='Dress' root='skeleton_female.nif' bone-origin=(1.4,-487.4,4.3) bone-row1=(0.011,0.982,0.188) witness='RightWing5' witness-radius=23.68 subtree-nodes=968
[22:29:48.457] [27512] [I] SCOPY T1 frame=5526 bone-row1=(-0.019,0.708,0.706) orientation-delta-deg=34.1 witness-moved=13.90 moved-range=[0.56,13.98] slot=28 buffer-pre=sampled pre-rel=captured probe-effective=true
[22:29:48.457] [27512] [I] SCOPY T2 frame=5526 pass-geometry='Dress' numMatrices=71 frameID=5792 buffer-submit=sampled changed-since-T1=false submit-rel=captured
[22:29:48.457] [27512] [I] SCOPY T3 frame=5526 drawn=46 buffer-after-draw=sampled changed-since-T2=true final-rel=captured node-row1=(-0.019,0.708,0.706)
[22:29:48.572] [27512] [I] Clone draw: passes=46 rd-null=46 lights=3 | geoms=50 skinned=50 roots=2 num-mat=925 bone-count=958 bound=925
[22:29:48.572] [27512] [I] SCOPY DRAW frame=961 passes=46 lights=true animation-driver=none physics-driver=none
[22:29:48.609] [27512] [I] SCOPY T0 frame=5534 capture=3 bone='NPC Spine [Spn0]' skin='Dress' root='skeleton_female.nif' bone-origin=(1.4,-487.4,4.3) bone-row1=(0.011,0.982,0.188) witness='RightWing5' witness-radius=23.68 subtree-nodes=968
[22:29:48.609] [27512] [I] SCOPY T1 frame=5534 bone-row1=(-0.018,0.721,0.693) orientation-delta-deg=33.1 witness-moved=13.48 moved-range=[0.56,13.98] slot=28 buffer-pre=sampled pre-rel=captured probe-effective=true
[22:29:48.609] [27512] [I] SCOPY T2 frame=5534 pass-geometry='Dress' numMatrices=71 frameID=5800 buffer-submit=sampled changed-since-T1=false submit-rel=captured
[22:29:48.609] [27512] [I] SCOPY T3 frame=5534 drawn=46 buffer-after-draw=sampled changed-since-T2=true final-rel=captured node-row1=(-0.018,0.721,0.693)
[22:29:48.743] [27512] [I] SCOPY ROTATE angle-deg=1530
[22:29:48.763] [27512] [I] SCOPY T0 frame=5542 capture=3 bone='NPC Spine [Spn0]' skin='Dress' root='skeleton_female.nif' bone-origin=(-2.1,-486.8,4.3) bone-row1=(-0.999,0.020,-0.047) witness='RightWing5' witness-radius=23.68 subtree-nodes=968
[22:29:48.763] [27512] [I] SCOPY T1 frame=5542 bone-row1=(-0.880,-0.080,0.468) orientation-delta-deg=31.2 witness-moved=16.39 moved-range=[0.56,16.39] slot=28 buffer-pre=sampled pre-rel=swung probe-effective=true
[22:29:48.763] [27512] [I] SCOPY T2 frame=5542 pass-geometry='Dress' numMatrices=71 frameID=5808 buffer-submit=sampled changed-since-T1=false submit-rel=swung
[22:29:48.763] [27512] [I] SCOPY T3 frame=5542 drawn=46 buffer-after-draw=sampled changed-since-T2=true final-rel=swung node-row1=(-0.880,-0.080,0.468)
[22:29:48.915] [27512] [I] SCOPY T0 frame=5550 capture=3 bone='NPC Spine [Spn0]' skin='Dress' root='skeleton_female.nif' bone-origin=(-2.1,-486.8,4.3) bone-row1=(-0.999,0.020,-0.047) witness='RightWing5' witness-radius=23.68 subtree-nodes=968
[22:29:48.915] [27512] [I] SCOPY T1 frame=5550 bone-row1=(-0.901,-0.072,0.428) orientation-delta-deg=28.6 witness-moved=15.04 moved-range=[0.56,16.39] slot=28 buffer-pre=sampled pre-rel=swung probe-effective=true
[22:29:48.915] [27512] [I] SCOPY T2 frame=5550 pass-geometry='Dress' numMatrices=71 frameID=5816 buffer-submit=sampled changed-since-T1=false submit-rel=swung
[22:29:48.915] [27512] [I] SCOPY T3 frame=5550 drawn=46 buffer-after-draw=sampled changed-since-T2=true final-rel=swung node-row1=(-0.901,-0.072,0.428)
[22:29:49.067] [27512] [I] SCOPY T0 frame=5558 capture=3 bone='NPC Spine [Spn0]' skin='Dress' root='skeleton_female.nif' bone-origin=(-2.1,-486.8,4.3) bone-row1=(-0.999,0.020,-0.047) witness='RightWing5' witness-radius=23.68 subtree-nodes=968
[22:29:49.067] [27512] [I] SCOPY T1 frame=5558 bone-row1=(-0.925,-0.062,0.376) orientation-delta-deg=25.2 witness-moved=13.31 moved-range=[0.56,16.39] slot=28 buffer-pre=sampled pre-rel=swung probe-effective=true
[22:29:49.067] [27512] [I] SCOPY T2 frame=5558 pass-geometry='Dress' numMatrices=71 frameID=5824 buffer-submit=sampled changed-since-T1=false submit-rel=swung
[22:29:49.067] [27512] [I] SCOPY T3 frame=5558 drawn=46 buffer-after-draw=sampled changed-since-T2=true final-rel=swung node-row1=(-0.925,-0.062,0.376)
[22:29:49.220] [27512] [I] SCOPY T0 frame=5566 capture=3 bone='NPC Spine [Spn0]' skin='Dress' root='skeleton_female.nif' bone-origin=(-2.1,-486.8,4.3) bone-row1=(-0.999,0.020,-0.047) witness='RightWing5' witness-radius=23.68 subtree-nodes=968
[22:29:49.220] [27512] [I] SCOPY T1 frame=5566 bone-row1=(-0.949,-0.049,0.312) orientation-delta-deg=21.3 witness-moved=11.25 moved-range=[0.56,16.39] slot=28 buffer-pre=sampled pre-rel=swung probe-effective=true
[22:29:49.220] [27512] [I] SCOPY T2 frame=5566 pass-geometry='Dress' numMatrices=71 frameID=5832 buffer-submit=sampled changed-since-T1=false submit-rel=swung
[22:29:49.220] [27512] [I] SCOPY T3 frame=5566 drawn=46 buffer-after-draw=sampled changed-since-T2=true final-rel=swung node-row1=(-0.949,-0.049,0.312)
[22:29:49.384] [27512] [I] SCOPY T0 frame=5574 capture=3 bone='NPC Spine [Spn0]' skin='Dress' root='skeleton_female.nif' bone-origin=(-2.1,-486.8,4.3) bone-row1=(-0.999,0.020,-0.047) witness='RightWing5' witness-radius=23.68 subtree-nodes=968
[22:29:49.384] [27512] [I] SCOPY T1 frame=5574 bone-row1=(-0.971,-0.035,0.238) orientation-delta-deg=16.8 witness-moved=8.90 moved-range=[0.56,16.39] slot=28 buffer-pre=sampled pre-rel=swung probe-effective=true
[22:29:49.384] [27512] [I] SCOPY T2 frame=5574 pass-geometry='Dress' numMatrices=71 frameID=5840 buffer-submit=sampled changed-since-T1=false submit-rel=swung
[22:29:49.384] [27512] [I] SCOPY T3 frame=5574 drawn=46 buffer-after-draw=sampled changed-since-T2=true final-rel=swung node-row1=(-0.971,-0.035,0.238)
[22:29:49.541] [27512] [I] SCOPY T0 frame=5582 capture=3 bone='NPC Spine [Spn0]' skin='Dress' root='skeleton_female.nif' bone-origin=(-2.1,-486.8,4.3) bone-row1=(-0.999,0.020,-0.047) witness='RightWing5' witness-radius=23.68 subtree-nodes=968
[22:29:49.541] [27512] [I] SCOPY T1 frame=5582 bone-row1=(-0.988,-0.019,0.156) orientation-delta-deg=11.9 witness-moved=6.31 moved-range=[0.56,16.39] slot=28 buffer-pre=sampled pre-rel=swung probe-effective=true
[22:29:49.541] [27512] [I] SCOPY T2 frame=5582 pass-geometry='Dress' numMatrices=71 frameID=5848 buffer-submit=sampled changed-since-T1=false submit-rel=swung
[22:29:49.541] [27512] [I] SCOPY T3 frame=5582 drawn=46 buffer-after-draw=sampled changed-since-T2=true final-rel=swung node-row1=(-0.988,-0.019,0.156)
[22:29:49.690] [27512] [I] SCOPY T0 frame=5590 capture=3 bone='NPC Spine [Spn0]' skin='Dress' root='skeleton_female.nif' bone-origin=(-2.1,-486.8,4.3) bone-row1=(-0.999,0.020,-0.047) witness='RightWing5' witness-radius=23.68 subtree-nodes=968
[22:29:49.690] [27512] [I] SCOPY T1 frame=5590 bone-row1=(-0.998,-0.002,0.068) orientation-delta-deg=6.7 witness-moved=3.56 moved-range=[0.56,16.39] slot=28 buffer-pre=sampled pre-rel=swung probe-effective=true
[22:29:49.690] [27512] [I] SCOPY T2 frame=5590 pass-geometry='Dress' numMatrices=71 frameID=5856 buffer-submit=sampled changed-since-T1=false submit-rel=swung
[22:29:49.690] [27512] [I] SCOPY T3 frame=5590 drawn=46 buffer-after-draw=sampled changed-since-T2=true final-rel=swung node-row1=(-0.998,-0.002,0.068)
[22:29:49.843] [27512] [I] SCOPY T0 frame=5598 capture=3 bone='NPC Spine [Spn0]' skin='Dress' root='skeleton_female.nif' bone-origin=(-2.1,-486.8,4.3) bone-row1=(-0.999,0.020,-0.047) witness='RightWing5' witness-radius=23.68 subtree-nodes=968
[22:29:49.843] [27512] [I] SCOPY T1 frame=5598 bone-row1=(-1.000,0.016,-0.024) orientation-delta-deg=1.3 witness-moved=0.72 moved-range=[0.56,16.39] slot=28 buffer-pre=sampled pre-rel=swung probe-effective=true
[22:29:49.843] [27512] [I] SCOPY T2 frame=5598 pass-geometry='Dress' numMatrices=71 frameID=5864 buffer-submit=sampled changed-since-T1=false submit-rel=swung
[22:29:49.843] [27512] [I] SCOPY T3 frame=5598 drawn=46 buffer-after-draw=sampled changed-since-T2=true final-rel=swung node-row1=(-1.000,0.016,-0.024)
[22:29:49.997] [27512] [I] SCOPY T0 frame=5606 capture=3 bone='NPC Spine [Spn0]' skin='Dress' root='skeleton_female.nif' bone-origin=(-2.1,-486.8,4.3) bone-row1=(-0.999,0.020,-0.047) witness='RightWing5' witness-radius=23.68 subtree-nodes=968
[22:29:49.997] [27512] [I] SCOPY T1 frame=5606 bone-row1=(-0.993,0.033,-0.116) orientation-delta-deg=4.0 witness-moved=2.15 moved-range=[0.56,16.39] slot=28 buffer-pre=sampled pre-rel=captured probe-effective=true
[22:29:49.997] [27512] [I] SCOPY T2 frame=5606 pass-geometry='Dress' numMatrices=71 frameID=5872 buffer-submit=sampled changed-since-T1=false submit-rel=captured
[22:29:49.997] [27512] [I] SCOPY T3 frame=5606 drawn=46 buffer-after-draw=sampled changed-since-T2=true final-rel=captured node-row1=(-0.993,0.033,-0.116)
[22:29:50.149] [27512] [I] SCOPY T0 frame=5614 capture=3 bone='NPC Spine [Spn0]' skin='Dress' root='skeleton_female.nif' bone-origin=(-2.1,-486.8,4.3) bone-row1=(-0.999,0.020,-0.047) witness='RightWing5' witness-radius=23.68 subtree-nodes=968
[22:29:50.149] [27512] [I] SCOPY T1 frame=5614 bone-row1=(-0.977,0.050,-0.206) orientation-delta-deg=9.3 witness-moved=4.95 moved-range=[0.56,16.39] slot=28 buffer-pre=sampled pre-rel=captured probe-effective=true
[22:29:50.149] [27512] [I] SCOPY T2 frame=5614 pass-geometry='Dress' numMatrices=71 frameID=5880 buffer-submit=sampled changed-since-T1=false submit-rel=captured
[22:29:50.149] [27512] [I] SCOPY T3 frame=5614 drawn=46 buffer-after-draw=sampled changed-since-T2=true final-rel=captured node-row1=(-0.977,0.050,-0.206)
[22:29:50.302] [27512] [I] SCOPY T0 frame=5622 capture=3 bone='NPC Spine [Spn0]' skin='Dress' root='skeleton_female.nif' bone-origin=(-2.1,-486.8,4.3) bone-row1=(-0.999,0.020,-0.047) witness='RightWing5' witness-radius=23.68 subtree-nodes=968
[22:29:50.302] [27512] [I] SCOPY T1 frame=5622 bone-row1=(-0.955,0.066,-0.290) orientation-delta-deg=14.4 witness-moved=7.63 moved-range=[0.56,16.39] slot=28 buffer-pre=sampled pre-rel=captured probe-effective=true
[22:29:50.302] [27512] [I] SCOPY T2 frame=5622 pass-geometry='Dress' numMatrices=71 frameID=5888 buffer-submit=sampled changed-since-T1=false submit-rel=captured
[22:29:50.302] [27512] [I] SCOPY T3 frame=5622 drawn=46 buffer-after-draw=sampled changed-since-T2=true final-rel=captured node-row1=(-0.955,0.066,-0.290)
[22:29:50.455] [27512] [I] SCOPY T0 frame=5630 capture=3 bone='NPC Spine [Spn0]' skin='Dress' root='skeleton_female.nif' bone-origin=(-2.1,-486.8,4.3) bone-row1=(-0.999,0.020,-0.047) witness='RightWing5' witness-radius=23.68 subtree-nodes=968
[22:29:50.455] [27512] [I] SCOPY T1 frame=5630 bone-row1=(-0.927,0.080,-0.366) orientation-delta-deg=19.1 witness-moved=10.10 moved-range=[0.56,16.39] slot=28 buffer-pre=sampled pre-rel=captured probe-effective=true
[22:29:50.455] [27512] [I] SCOPY T2 frame=5630 pass-geometry='Dress' numMatrices=71 frameID=5896 buffer-submit=sampled changed-since-T1=false submit-rel=captured
[22:29:50.455] [27512] [I] SCOPY T3 frame=5630 drawn=46 buffer-after-draw=sampled changed-since-T2=true final-rel=captured node-row1=(-0.927,0.080,-0.366)
[22:29:50.622] [27512] [I] SCOPY T0 frame=5638 capture=3 bone='NPC Spine [Spn0]' skin='Dress' root='skeleton_female.nif' bone-origin=(-2.1,-486.8,4.3) bone-row1=(-0.999,0.020,-0.047) witness='RightWing5' witness-radius=23.68 subtree-nodes=968
[22:29:50.622] [27512] [I] SCOPY T1 frame=5638 bone-row1=(-0.897,0.093,-0.432) orientation-delta-deg=23.3 witness-moved=12.32 moved-range=[0.56,16.39] slot=28 buffer-pre=sampled pre-rel=captured probe-effective=true
[22:29:50.622] [27512] [I] SCOPY T2 frame=5638 pass-geometry='Dress' numMatrices=71 frameID=5904 buffer-submit=sampled changed-since-T1=false submit-rel=captured
[22:29:50.622] [27512] [I] SCOPY T3 frame=5638 drawn=46 buffer-after-draw=sampled changed-since-T2=true final-rel=captured node-row1=(-0.897,0.093,-0.432)
[22:29:50.785] [27512] [I] SCOPY T0 frame=5646 capture=3 bone='NPC Spine [Spn0]' skin='Dress' root='skeleton_female.nif' bone-origin=(-2.1,-486.8,4.3) bone-row1=(-0.999,0.020,-0.047) witness='RightWing5' witness-radius=23.68 subtree-nodes=968
[22:29:50.785] [27512] [I] SCOPY T1 frame=5646 bone-row1=(-0.867,0.103,-0.487) orientation-delta-deg=27.0 witness-moved=14.22 moved-range=[0.56,16.39] slot=28 buffer-pre=sampled pre-rel=captured probe-effective=true
[22:29:50.785] [27512] [I] SCOPY T2 frame=5646 pass-geometry='Dress' numMatrices=71 frameID=5912 buffer-submit=sampled changed-since-T1=false submit-rel=captured
[22:29:50.785] [27512] [I] SCOPY T3 frame=5646 drawn=46 buffer-after-draw=sampled changed-since-T2=true final-rel=captured node-row1=(-0.867,0.103,-0.487)
[22:29:50.901] [27512] [I] Clone draw: passes=46 rd-null=46 lights=3 | geoms=50 skinned=50 roots=2 num-mat=925 bone-count=958 bound=925
[22:29:50.901] [27512] [I] SCOPY DRAW frame=1081 passes=46 lights=true animation-driver=none physics-driver=none
[22:29:50.940] [27512] [I] SCOPY T0 frame=5654 capture=3 bone='NPC Spine [Spn0]' skin='Dress' root='skeleton_female.nif' bone-origin=(-2.1,-486.8,4.3) bone-row1=(-0.999,0.020,-0.047) witness='RightWing5' witness-radius=23.68 subtree-nodes=968
[22:29:50.940] [27512] [I] SCOPY T1 frame=5654 bone-row1=(-0.840,0.111,-0.531) orientation-delta-deg=30.0 witness-moved=15.76 moved-range=[0.56,16.39] slot=28 buffer-pre=sampled pre-rel=captured probe-effective=true
[22:29:50.940] [27512] [I] SCOPY T2 frame=5654 pass-geometry='Dress' numMatrices=71 frameID=5920 buffer-submit=sampled changed-since-T1=false submit-rel=captured
[22:29:50.940] [27512] [I] SCOPY T3 frame=5654 drawn=46 buffer-after-draw=sampled changed-since-T2=true final-rel=captured node-row1=(-0.840,0.111,-0.531)
[22:29:51.095] [27512] [I] SCOPY T0 frame=5662 capture=3 bone='NPC Spine [Spn0]' skin='Dress' root='skeleton_female.nif' bone-origin=(-2.1,-486.8,4.3) bone-row1=(-0.999,0.020,-0.047) witness='RightWing5' witness-radius=23.68 subtree-nodes=968
[22:29:51.095] [27512] [I] SCOPY T1 frame=5662 bone-row1=(-0.818,0.117,-0.564) orientation-delta-deg=32.3 witness-moved=16.92 moved-range=[0.56,16.92] slot=28 buffer-pre=sampled pre-rel=captured probe-effective=true
[22:29:51.095] [27512] [I] SCOPY T2 frame=5662 pass-geometry='Dress' numMatrices=71 frameID=5928 buffer-submit=sampled changed-since-T1=false submit-rel=captured
[22:29:51.095] [27512] [I] SCOPY T3 frame=5662 drawn=46 buffer-after-draw=sampled changed-since-T2=true final-rel=captured node-row1=(-0.818,0.117,-0.564)
[22:29:51.244] [27512] [I] SCOPY T0 frame=5670 capture=3 bone='NPC Spine [Spn0]' skin='Dress' root='skeleton_female.nif' bone-origin=(-2.1,-486.8,4.3) bone-row1=(-0.999,0.020,-0.047) witness='RightWing5' witness-radius=23.68 subtree-nodes=968
[22:29:51.244] [27512] [I] SCOPY T1 frame=5670 bone-row1=(-0.803,0.121,-0.584) orientation-delta-deg=33.7 witness-moved=17.66 moved-range=[0.56,17.66] slot=28 buffer-pre=sampled pre-rel=captured probe-effective=true
[22:29:51.244] [27512] [I] SCOPY T2 frame=5670 pass-geometry='Dress' numMatrices=71 frameID=5936 buffer-submit=sampled changed-since-T1=false submit-rel=captured
[22:29:51.244] [27512] [I] SCOPY T3 frame=5670 drawn=46 buffer-after-draw=sampled changed-since-T2=true final-rel=captured node-row1=(-0.803,0.121,-0.584)
[22:29:51.393] [27512] [I] SCOPY T0 frame=5678 capture=3 bone='NPC Spine [Spn0]' skin='Dress' root='skeleton_female.nif' bone-origin=(-2.1,-486.8,4.3) bone-row1=(-0.999,0.020,-0.047) witness='RightWing5' witness-radius=23.68 subtree-nodes=968
[22:29:51.393] [27512] [I] SCOPY T1 frame=5678 bone-row1=(-0.796,0.122,-0.593) orientation-delta-deg=34.4 witness-moved=17.99 moved-range=[0.56,17.99] slot=28 buffer-pre=sampled pre-rel=captured probe-effective=true
[22:29:51.393] [27512] [I] SCOPY T2 frame=5678 pass-geometry='Dress' numMatrices=71 frameID=5944 buffer-submit=sampled changed-since-T1=false submit-rel=captured
[22:29:51.393] [27512] [I] SCOPY T3 frame=5678 drawn=46 buffer-after-draw=sampled changed-since-T2=true final-rel=captured node-row1=(-0.796,0.122,-0.593)
[22:29:51.542] [27512] [I] SCOPY T0 frame=5686 capture=3 bone='NPC Spine [Spn0]' skin='Dress' root='skeleton_female.nif' bone-origin=(-2.1,-486.8,4.3) bone-row1=(-0.999,0.020,-0.047) witness='RightWing5' witness-radius=23.68 subtree-nodes=968
[22:29:51.542] [27512] [I] SCOPY T1 frame=5686 bone-row1=(-0.798,0.122,-0.590) orientation-delta-deg=34.1 witness-moved=17.88 moved-range=[0.56,17.99] slot=28 buffer-pre=sampled pre-rel=captured probe-effective=true
[22:29:51.542] [27512] [I] SCOPY T2 frame=5686 pass-geometry='Dress' numMatrices=71 frameID=5952 buffer-submit=sampled changed-since-T1=false submit-rel=captured
[22:29:51.542] [27512] [I] SCOPY T3 frame=5686 drawn=46 buffer-after-draw=sampled changed-since-T2=true final-rel=captured node-row1=(-0.798,0.122,-0.590)
[22:29:51.693] [27512] [I] SCOPY T0 frame=5694 capture=3 bone='NPC Spine [Spn0]' skin='Dress' root='skeleton_female.nif' bone-origin=(-2.1,-486.8,4.3) bone-row1=(-0.999,0.020,-0.047) witness='RightWing5' witness-radius=23.68 subtree-nodes=968
[22:29:51.693] [27512] [I] SCOPY T1 frame=5694 bone-row1=(-0.809,0.119,-0.575) orientation-delta-deg=33.1 witness-moved=17.34 moved-range=[0.56,17.99] slot=28 buffer-pre=sampled pre-rel=captured probe-effective=true
[22:29:51.693] [27512] [I] SCOPY T2 frame=5694 pass-geometry='Dress' numMatrices=71 frameID=5960 buffer-submit=sampled changed-since-T1=false submit-rel=captured
[22:29:51.693] [27512] [I] SCOPY T3 frame=5694 drawn=46 buffer-after-draw=sampled changed-since-T2=true final-rel=captured node-row1=(-0.809,0.119,-0.575)
[22:29:51.847] [27512] [I] SCOPY T0 frame=5702 capture=3 bone='NPC Spine [Spn0]' skin='Dress' root='skeleton_female.nif' bone-origin=(-2.1,-486.8,4.3) bone-row1=(-0.999,0.020,-0.047) witness='RightWing5' witness-radius=23.68 subtree-nodes=968
[22:29:51.847] [27512] [I] SCOPY T1 frame=5702 bone-row1=(-0.828,0.114,-0.549) orientation-delta-deg=31.2 witness-moved=16.39 moved-range=[0.56,17.99] slot=28 buffer-pre=sampled pre-rel=captured probe-effective=true
[22:29:51.847] [27512] [I] SCOPY T2 frame=5702 pass-geometry='Dress' numMatrices=71 frameID=5968 buffer-submit=sampled changed-since-T1=false submit-rel=captured
[22:29:51.847] [27512] [I] SCOPY T3 frame=5702 drawn=46 buffer-after-draw=sampled changed-since-T2=true final-rel=captured node-row1=(-0.828,0.114,-0.549)
[22:29:52.000] [27512] [I] SCOPY T0 frame=5710 capture=3 bone='NPC Spine [Spn0]' skin='Dress' root='skeleton_female.nif' bone-origin=(-2.1,-486.8,4.3) bone-row1=(-0.999,0.020,-0.047) witness='RightWing5' witness-radius=23.68 subtree-nodes=968
[22:29:52.000] [27512] [I] SCOPY T1 frame=5710 bone-row1=(-0.853,0.107,-0.511) orientation-delta-deg=28.6 witness-moved=15.04 moved-range=[0.56,17.99] slot=28 buffer-pre=sampled pre-rel=captured probe-effective=true
[22:29:52.000] [27512] [I] SCOPY T2 frame=5710 pass-geometry='Dress' numMatrices=71 frameID=5976 buffer-submit=sampled changed-since-T1=false submit-rel=captured
[22:29:52.000] [27512] [I] SCOPY T3 frame=5710 drawn=46 buffer-after-draw=sampled changed-since-T2=true final-rel=captured node-row1=(-0.853,0.107,-0.511)
[22:29:52.152] [27512] [I] SCOPY T0 frame=5718 capture=3 bone='NPC Spine [Spn0]' skin='Dress' root='skeleton_female.nif' bone-origin=(-2.1,-486.8,4.3) bone-row1=(-0.999,0.020,-0.047) witness='RightWing5' witness-radius=23.68 subtree-nodes=968
[22:29:52.152] [27512] [I] SCOPY T1 frame=5718 bone-row1=(-0.882,0.098,-0.461) orientation-delta-deg=25.2 witness-moved=13.31 moved-range=[0.56,17.99] slot=28 buffer-pre=sampled pre-rel=captured probe-effective=true
[22:29:52.153] [27512] [I] SCOPY T2 frame=5718 pass-geometry='Dress' numMatrices=71 frameID=5984 buffer-submit=sampled changed-since-T1=false submit-rel=captured
[22:29:52.153] [27512] [I] SCOPY T3 frame=5718 drawn=46 buffer-after-draw=sampled changed-since-T2=true final-rel=captured node-row1=(-0.882,0.098,-0.461)
[22:29:52.305] [27512] [I] SCOPY T0 frame=5726 capture=3 bone='NPC Spine [Spn0]' skin='Dress' root='skeleton_female.nif' bone-origin=(-2.1,-486.8,4.3) bone-row1=(-0.999,0.020,-0.047) witness='RightWing5' witness-radius=23.68 subtree-nodes=968
[22:29:52.305] [27512] [I] SCOPY T1 frame=5726 bone-row1=(-0.912,0.087,-0.400) orientation-delta-deg=21.3 witness-moved=11.25 moved-range=[0.56,17.99] slot=28 buffer-pre=sampled pre-rel=captured probe-effective=true
[22:29:52.305] [27512] [I] SCOPY T2 frame=5726 pass-geometry='Dress' numMatrices=71 frameID=5992 buffer-submit=sampled changed-since-T1=false submit-rel=captured
[22:29:52.305] [27512] [I] SCOPY T3 frame=5726 drawn=46 buffer-after-draw=sampled changed-since-T2=true final-rel=captured node-row1=(-0.912,0.087,-0.400)
[22:29:52.458] [27512] [I] SCOPY T0 frame=5734 capture=3 bone='NPC Spine [Spn0]' skin='Dress' root='skeleton_female.nif' bone-origin=(-2.1,-486.8,4.3) bone-row1=(-0.999,0.020,-0.047) witness='RightWing5' witness-radius=23.68 subtree-nodes=968
[22:29:52.458] [27512] [I] SCOPY T1 frame=5734 bone-row1=(-0.942,0.073,-0.329) orientation-delta-deg=16.8 witness-moved=8.90 moved-range=[0.56,17.99] slot=28 buffer-pre=sampled pre-rel=captured probe-effective=true
[22:29:52.458] [27512] [I] SCOPY T2 frame=5734 pass-geometry='Dress' numMatrices=71 frameID=6000 buffer-submit=sampled changed-since-T1=false submit-rel=captured
[22:29:52.458] [27512] [I] SCOPY T3 frame=5734 drawn=46 buffer-after-draw=sampled changed-since-T2=true final-rel=captured node-row1=(-0.942,0.073,-0.329)
[22:29:52.611] [27512] [I] SCOPY T0 frame=5742 capture=3 bone='NPC Spine [Spn0]' skin='Dress' root='skeleton_female.nif' bone-origin=(-2.1,-486.8,4.3) bone-row1=(-0.999,0.020,-0.047) witness='RightWing5' witness-radius=23.68 subtree-nodes=968
[22:29:52.611] [27512] [I] SCOPY T1 frame=5742 bone-row1=(-0.967,0.058,-0.249) orientation-delta-deg=11.9 witness-moved=6.31 moved-range=[0.56,17.99] slot=28 buffer-pre=sampled pre-rel=captured probe-effective=true
[22:29:52.611] [27512] [I] SCOPY T2 frame=5742 pass-geometry='Dress' numMatrices=71 frameID=6008 buffer-submit=sampled changed-since-T1=false submit-rel=captured
[22:29:52.611] [27512] [I] SCOPY T3 frame=5742 drawn=46 buffer-after-draw=sampled changed-since-T2=true final-rel=captured node-row1=(-0.967,0.058,-0.249)
[22:29:52.763] [27512] [I] SCOPY T0 frame=5750 capture=3 bone='NPC Spine [Spn0]' skin='Dress' root='skeleton_female.nif' bone-origin=(-2.1,-486.8,4.3) bone-row1=(-0.999,0.020,-0.047) witness='RightWing5' witness-radius=23.68 subtree-nodes=968
[22:29:52.763] [27512] [I] SCOPY T1 frame=5750 bone-row1=(-0.986,0.042,-0.162) orientation-delta-deg=6.7 witness-moved=3.56 moved-range=[0.56,17.99] slot=28 buffer-pre=sampled pre-rel=captured probe-effective=true
[22:29:52.763] [27512] [I] SCOPY T2 frame=5750 pass-geometry='Dress' numMatrices=71 frameID=6016 buffer-submit=sampled changed-since-T1=false submit-rel=captured
[22:29:52.763] [27512] [I] SCOPY T3 frame=5750 drawn=46 buffer-after-draw=sampled changed-since-T2=true final-rel=captured node-row1=(-0.986,0.042,-0.162)
[22:29:52.917] [27512] [I] SCOPY T0 frame=5758 capture=3 bone='NPC Spine [Spn0]' skin='Dress' root='skeleton_female.nif' bone-origin=(-2.1,-486.8,4.3) bone-row1=(-0.999,0.020,-0.047) witness='RightWing5' witness-radius=23.68 subtree-nodes=968
[22:29:52.917] [27512] [I] SCOPY T1 frame=5758 bone-row1=(-0.997,0.025,-0.070) orientation-delta-deg=1.3 witness-moved=0.72 moved-range=[0.56,17.99] slot=28 buffer-pre=sampled pre-rel=captured probe-effective=true
[22:29:52.917] [27512] [I] SCOPY T2 frame=5758 pass-geometry='Dress' numMatrices=71 frameID=6024 buffer-submit=sampled changed-since-T1=false submit-rel=captured
[22:29:52.917] [27512] [I] SCOPY T3 frame=5758 drawn=46 buffer-after-draw=sampled changed-since-T2=true final-rel=captured node-row1=(-0.997,0.025,-0.070)
[22:29:52.974] [27512] [I] SCOPY ROTATE angle-deg=1620
[22:29:53.069] [27512] [I] SCOPY T0 frame=5766 capture=3 bone='NPC Spine [Spn0]' skin='Dress' root='skeleton_female.nif' bone-origin=(-1.4,-483.3,4.3) bone-row1=(-0.011,-0.982,-0.188) witness='RightWing5' witness-radius=23.68 subtree-nodes=968
[22:29:53.069] [27512] [I] SCOPY T1 frame=5766 bone-row1=(-0.014,-0.993,-0.119) orientation-delta-deg=4.0 witness-moved=1.87 moved-range=[0.56,17.99] slot=28 buffer-pre=sampled pre-rel=swung probe-effective=true
[22:29:53.069] [27512] [I] SCOPY T2 frame=5766 pass-geometry='Dress' numMatrices=71 frameID=6032 buffer-submit=sampled changed-since-T1=false submit-rel=swung
[22:29:53.069] [27512] [I] SCOPY T3 frame=5766 drawn=46 buffer-after-draw=sampled changed-since-T2=true final-rel=swung node-row1=(-0.014,-0.993,-0.119)
[22:29:53.183] [27512] [I] Clone draw: passes=46 rd-null=46 lights=3 | geoms=50 skinned=50 roots=2 num-mat=925 bone-count=958 bound=925
[22:29:53.183] [27512] [I] SCOPY DRAW frame=1201 passes=46 lights=true animation-driver=none physics-driver=none
[22:29:53.220] [27512] [I] SCOPY T0 frame=5774 capture=3 bone='NPC Spine [Spn0]' skin='Dress' root='skeleton_female.nif' bone-origin=(-1.4,-483.3,4.3) bone-row1=(-0.011,-0.982,-0.188) witness='RightWing5' witness-radius=23.68 subtree-nodes=968
[22:29:53.220] [27512] [I] SCOPY T1 frame=5774 bone-row1=(-0.019,-0.999,-0.027) orientation-delta-deg=9.3 witness-moved=4.33 moved-range=[0.56,17.99] slot=28 buffer-pre=sampled pre-rel=swung probe-effective=true
[22:29:53.220] [27512] [I] SCOPY T2 frame=5774 pass-geometry='Dress' numMatrices=71 frameID=6040 buffer-submit=sampled changed-since-T1=false submit-rel=swung
[22:29:53.220] [27512] [I] SCOPY T3 frame=5774 drawn=46 buffer-after-draw=sampled changed-since-T2=true final-rel=swung node-row1=(-0.019,-0.999,-0.027)
[22:29:53.373] [27512] [I] SCOPY T0 frame=5782 capture=3 bone='NPC Spine [Spn0]' skin='Dress' root='skeleton_female.nif' bone-origin=(-1.4,-483.3,4.3) bone-row1=(-0.011,-0.982,-0.188) witness='RightWing5' witness-radius=23.68 subtree-nodes=968
[22:29:53.373] [27512] [I] SCOPY T1 frame=5782 bone-row1=(-0.023,-0.998,0.062) orientation-delta-deg=14.4 witness-moved=6.66 moved-range=[0.56,17.99] slot=28 buffer-pre=sampled pre-rel=swung probe-effective=true
[22:29:53.373] [27512] [I] SCOPY T2 frame=5782 pass-geometry='Dress' numMatrices=71 frameID=6048 buffer-submit=sampled changed-since-T1=false submit-rel=swung
[22:29:53.373] [27512] [I] SCOPY T3 frame=5782 drawn=46 buffer-after-draw=sampled changed-since-T2=true final-rel=swung node-row1=(-0.023,-0.998,0.062)
[22:29:53.526] [27512] [I] SCOPY T0 frame=5790 capture=3 bone='NPC Spine [Spn0]' skin='Dress' root='skeleton_female.nif' bone-origin=(-1.4,-483.3,4.3) bone-row1=(-0.011,-0.982,-0.188) witness='RightWing5' witness-radius=23.68 subtree-nodes=968
[22:29:53.526] [27512] [I] SCOPY T1 frame=5790 bone-row1=(-0.027,-0.989,0.143) orientation-delta-deg=19.1 witness-moved=8.82 moved-range=[0.56,17.99] slot=28 buffer-pre=sampled pre-rel=swung probe-effective=true
[22:29:53.526] [27512] [I] SCOPY T2 frame=5790 pass-geometry='Dress' numMatrices=71 frameID=6056 buffer-submit=sampled changed-since-T1=false submit-rel=swung
[22:29:53.526] [27512] [I] SCOPY T3 frame=5790 drawn=46 buffer-after-draw=sampled changed-since-T2=true final-rel=swung node-row1=(-0.027,-0.989,0.143)
[22:29:53.676] [27512] [I] SCOPY T0 frame=5798 capture=3 bone='NPC Spine [Spn0]' skin='Dress' root='skeleton_female.nif' bone-origin=(-1.4,-483.3,4.3) bone-row1=(-0.011,-0.982,-0.188) witness='RightWing5' witness-radius=23.68 subtree-nodes=968
[22:29:53.676] [27512] [I] SCOPY T1 frame=5798 bone-row1=(-0.030,-0.976,0.216) orientation-delta-deg=23.3 witness-moved=10.75 moved-range=[0.56,17.99] slot=28 buffer-pre=sampled pre-rel=swung probe-effective=true
[22:29:53.676] [27512] [I] SCOPY T2 frame=5798 pass-geometry='Dress' numMatrices=71 frameID=6064 buffer-submit=sampled changed-since-T1=false submit-rel=swung
[22:29:53.676] [27512] [I] SCOPY T3 frame=5798 drawn=46 buffer-after-draw=sampled changed-since-T2=true final-rel=swung node-row1=(-0.030,-0.976,0.216)
[22:29:53.828] [27512] [I] SCOPY T0 frame=5806 capture=3 bone='NPC Spine [Spn0]' skin='Dress' root='skeleton_female.nif' bone-origin=(-1.4,-483.3,4.3) bone-row1=(-0.011,-0.982,-0.188) witness='RightWing5' witness-radius=23.68 subtree-nodes=968
[22:29:53.828] [27512] [I] SCOPY T1 frame=5806 bone-row1=(-0.033,-0.960,0.278) orientation-delta-deg=27.0 witness-moved=12.41 moved-range=[0.56,17.99] slot=28 buffer-pre=sampled pre-rel=swung probe-effective=true
[22:29:53.828] [27512] [I] SCOPY T2 frame=5806 pass-geometry='Dress' numMatrices=71 frameID=6072 buffer-submit=sampled changed-since-T1=false submit-rel=swung
[22:29:53.828] [27512] [I] SCOPY T3 frame=5806 drawn=46 buffer-after-draw=sampled changed-since-T2=true final-rel=swung node-row1=(-0.033,-0.960,0.278)
[22:29:53.980] [27512] [I] SCOPY T0 frame=5814 capture=3 bone='NPC Spine [Spn0]' skin='Dress' root='skeleton_female.nif' bone-origin=(-1.4,-483.3,4.3) bone-row1=(-0.011,-0.982,-0.188) witness='RightWing5' witness-radius=23.68 subtree-nodes=968
[22:29:53.980] [27512] [I] SCOPY T1 frame=5814 bone-row1=(-0.035,-0.944,0.327) orientation-delta-deg=30.0 witness-moved=13.76 moved-range=[0.56,17.99] slot=28 buffer-pre=sampled pre-rel=swung probe-effective=true
[22:29:53.980] [27512] [I] SCOPY T2 frame=5814 pass-geometry='Dress' numMatrices=71 frameID=6080 buffer-submit=sampled changed-since-T1=false submit-rel=swung
[22:29:53.980] [27512] [I] SCOPY T3 frame=5814 drawn=46 buffer-after-draw=sampled changed-since-T2=true final-rel=swung node-row1=(-0.035,-0.944,0.327)
[22:29:54.130] [27512] [I] SCOPY T0 frame=5822 capture=3 bone='NPC Spine [Spn0]' skin='Dress' root='skeleton_female.nif' bone-origin=(-1.4,-483.3,4.3) bone-row1=(-0.011,-0.982,-0.188) witness='RightWing5' witness-radius=23.68 subtree-nodes=968
[22:29:54.130] [27512] [I] SCOPY T1 frame=5822 bone-row1=(-0.036,-0.931,0.364) orientation-delta-deg=32.3 witness-moved=14.77 moved-range=[0.56,17.99] slot=28 buffer-pre=sampled pre-rel=swung probe-effective=true
[22:29:54.130] [27512] [I] SCOPY T2 frame=5822 pass-geometry='Dress' numMatrices=71 frameID=6088 buffer-submit=sampled changed-since-T1=false submit-rel=swung
[22:29:54.130] [27512] [I] SCOPY T3 frame=5822 drawn=46 buffer-after-draw=sampled changed-since-T2=true final-rel=swung node-row1=(-0.036,-0.931,0.364)
[22:29:54.282] [27512] [I] SCOPY T0 frame=5830 capture=3 bone='NPC Spine [Spn0]' skin='Dress' root='skeleton_female.nif' bone-origin=(-1.4,-483.3,4.3) bone-row1=(-0.011,-0.982,-0.188) witness='RightWing5' witness-radius=23.68 subtree-nodes=968
[22:29:54.282] [27512] [I] SCOPY T1 frame=5830 bone-row1=(-0.037,-0.921,0.388) orientation-delta-deg=33.7 witness-moved=15.42 moved-range=[0.56,17.99] slot=28 buffer-pre=sampled pre-rel=swung probe-effective=true
[22:29:54.282] [27512] [I] SCOPY T2 frame=5830 pass-geometry='Dress' numMatrices=71 frameID=6096 buffer-submit=sampled changed-since-T1=false submit-rel=swung
[22:29:54.282] [27512] [I] SCOPY T3 frame=5830 drawn=46 buffer-after-draw=sampled changed-since-T2=true final-rel=swung node-row1=(-0.037,-0.921,0.388)
[22:29:54.433] [27512] [I] SCOPY T0 frame=5838 capture=3 bone='NPC Spine [Spn0]' skin='Dress' root='skeleton_female.nif' bone-origin=(-1.4,-483.3,4.3) bone-row1=(-0.011,-0.982,-0.188) witness='RightWing5' witness-radius=23.68 subtree-nodes=968
[22:29:54.433] [27512] [I] SCOPY T1 frame=5838 bone-row1=(-0.037,-0.917,0.398) orientation-delta-deg=34.4 witness-moved=15.70 moved-range=[0.56,17.99] slot=28 buffer-pre=sampled pre-rel=swung probe-effective=true
[22:29:54.433] [27512] [I] SCOPY T2 frame=5838 pass-geometry='Dress' numMatrices=71 frameID=6104 buffer-submit=sampled changed-since-T1=false submit-rel=swung
[22:29:54.433] [27512] [I] SCOPY T3 frame=5838 drawn=46 buffer-after-draw=sampled changed-since-T2=true final-rel=swung node-row1=(-0.037,-0.917,0.398)
[22:29:54.584] [27512] [I] SCOPY T0 frame=5846 capture=3 bone='NPC Spine [Spn0]' skin='Dress' root='skeleton_female.nif' bone-origin=(-1.4,-483.3,4.3) bone-row1=(-0.011,-0.982,-0.188) witness='RightWing5' witness-radius=23.68 subtree-nodes=968
[22:29:54.584] [27512] [I] SCOPY T1 frame=5846 bone-row1=(-0.037,-0.918,0.395) orientation-delta-deg=34.1 witness-moved=15.61 moved-range=[0.56,17.99] slot=28 buffer-pre=sampled pre-rel=swung probe-effective=true
[22:29:54.584] [27512] [I] SCOPY T2 frame=5846 pass-geometry='Dress' numMatrices=71 frameID=6112 buffer-submit=sampled changed-since-T1=false submit-rel=swung
[22:29:54.584] [27512] [I] SCOPY T3 frame=5846 drawn=46 buffer-after-draw=sampled changed-since-T2=true final-rel=swung node-row1=(-0.037,-0.918,0.395)
[22:29:54.736] [27512] [I] SCOPY T0 frame=5854 capture=3 bone='NPC Spine [Spn0]' skin='Dress' root='skeleton_female.nif' bone-origin=(-1.4,-483.3,4.3) bone-row1=(-0.011,-0.982,-0.188) witness='RightWing5' witness-radius=23.68 subtree-nodes=968
[22:29:54.736] [27512] [I] SCOPY T1 frame=5854 bone-row1=(-0.037,-0.925,0.378) orientation-delta-deg=33.1 witness-moved=15.14 moved-range=[0.56,17.99] slot=28 buffer-pre=sampled pre-rel=swung probe-effective=true
[22:29:54.736] [27512] [I] SCOPY T2 frame=5854 pass-geometry='Dress' numMatrices=71 frameID=6120 buffer-submit=sampled changed-since-T1=false submit-rel=swung
[22:29:54.736] [27512] [I] SCOPY T3 frame=5854 drawn=46 buffer-after-draw=sampled changed-since-T2=true final-rel=swung node-row1=(-0.037,-0.925,0.378)
[22:29:54.887] [27512] [I] SCOPY T0 frame=5862 capture=3 bone='NPC Spine [Spn0]' skin='Dress' root='skeleton_female.nif' bone-origin=(-1.4,-483.3,4.3) bone-row1=(-0.011,-0.982,-0.188) witness='RightWing5' witness-radius=23.68 subtree-nodes=968
[22:29:54.887] [27512] [I] SCOPY T1 frame=5862 bone-row1=(-0.035,-0.937,0.348) orientation-delta-deg=31.2 witness-moved=14.31 moved-range=[0.56,17.99] slot=28 buffer-pre=sampled pre-rel=swung probe-effective=true
[22:29:54.887] [27512] [I] SCOPY T2 frame=5862 pass-geometry='Dress' numMatrices=71 frameID=6128 buffer-submit=sampled changed-since-T1=false submit-rel=swung
[22:29:54.887] [27512] [I] SCOPY T3 frame=5862 drawn=46 buffer-after-draw=sampled changed-since-T2=true final-rel=swung node-row1=(-0.035,-0.937,0.348)
[22:29:55.037] [27512] [I] SCOPY T0 frame=5870 capture=3 bone='NPC Spine [Spn0]' skin='Dress' root='skeleton_female.nif' bone-origin=(-1.4,-483.3,4.3) bone-row1=(-0.011,-0.982,-0.188) witness='RightWing5' witness-radius=23.68 subtree-nodes=968
[22:29:55.038] [27512] [I] SCOPY T1 frame=5870 bone-row1=(-0.034,-0.952,0.304) orientation-delta-deg=28.6 witness-moved=13.13 moved-range=[0.56,17.99] slot=28 buffer-pre=sampled pre-rel=swung probe-effective=true
[22:29:55.038] [27512] [I] SCOPY T2 frame=5870 pass-geometry='Dress' numMatrices=71 frameID=6136 buffer-submit=sampled changed-since-T1=false submit-rel=swung
[22:29:55.038] [27512] [I] SCOPY T3 frame=5870 drawn=46 buffer-after-draw=sampled changed-since-T2=true final-rel=swung node-row1=(-0.034,-0.952,0.304)
[22:29:55.189] [27512] [I] SCOPY T0 frame=5878 capture=3 bone='NPC Spine [Spn0]' skin='Dress' root='skeleton_female.nif' bone-origin=(-1.4,-483.3,4.3) bone-row1=(-0.011,-0.982,-0.188) witness='RightWing5' witness-radius=23.68 subtree-nodes=968
[22:29:55.189] [27512] [I] SCOPY T1 frame=5878 bone-row1=(-0.031,-0.968,0.248) orientation-delta-deg=25.2 witness-moved=11.62 moved-range=[0.56,17.99] slot=28 buffer-pre=sampled pre-rel=swung probe-effective=true
[22:29:55.189] [27512] [I] SCOPY T2 frame=5878 pass-geometry='Dress' numMatrices=71 frameID=6144 buffer-submit=sampled changed-since-T1=false submit-rel=swung
[22:29:55.189] [27512] [I] SCOPY T3 frame=5878 drawn=46 buffer-after-draw=sampled changed-since-T2=true final-rel=swung node-row1=(-0.031,-0.968,0.248)
[22:29:55.341] [27512] [I] SCOPY T0 frame=5886 capture=3 bone='NPC Spine [Spn0]' skin='Dress' root='skeleton_female.nif' bone-origin=(-1.4,-483.3,4.3) bone-row1=(-0.011,-0.982,-0.188) witness='RightWing5' witness-radius=23.68 subtree-nodes=968
[22:29:55.341] [27512] [I] SCOPY T1 frame=5886 bone-row1=(-0.028,-0.983,0.181) orientation-delta-deg=21.3 witness-moved=9.82 moved-range=[0.56,17.99] slot=28 buffer-pre=sampled pre-rel=swung probe-effective=true
[22:29:55.341] [27512] [I] SCOPY T2 frame=5886 pass-geometry='Dress' numMatrices=71 frameID=6152 buffer-submit=sampled changed-since-T1=false submit-rel=swung
[22:29:55.341] [27512] [I] SCOPY T3 frame=5886 drawn=46 buffer-after-draw=sampled changed-since-T2=true final-rel=swung node-row1=(-0.028,-0.983,0.181)
[22:29:55.454] [27512] [I] Clone draw: passes=46 rd-null=46 lights=3 | geoms=50 skinned=50 roots=2 num-mat=925 bone-count=958 bound=925
[22:29:55.454] [27512] [I] SCOPY DRAW frame=1321 passes=46 lights=true animation-driver=none physics-driver=none
[22:29:55.492] [27512] [I] SCOPY T0 frame=5894 capture=3 bone='NPC Spine [Spn0]' skin='Dress' root='skeleton_female.nif' bone-origin=(-1.4,-483.3,4.3) bone-row1=(-0.011,-0.982,-0.188) witness='RightWing5' witness-radius=23.68 subtree-nodes=968
[22:29:55.492] [27512] [I] SCOPY T1 frame=5894 bone-row1=(-0.025,-0.994,0.103) orientation-delta-deg=16.8 witness-moved=7.77 moved-range=[0.56,17.99] slot=28 buffer-pre=sampled pre-rel=swung probe-effective=true
[22:29:55.492] [27512] [I] SCOPY T2 frame=5894 pass-geometry='Dress' numMatrices=71 frameID=6160 buffer-submit=sampled changed-since-T1=false submit-rel=swung
[22:29:55.492] [27512] [I] SCOPY T3 frame=5894 drawn=46 buffer-after-draw=sampled changed-since-T2=true final-rel=swung node-row1=(-0.025,-0.994,0.103)
[22:29:55.644] [27512] [I] SCOPY T0 frame=5902 capture=3 bone='NPC Spine [Spn0]' skin='Dress' root='skeleton_female.nif' bone-origin=(-1.4,-483.3,4.3) bone-row1=(-0.011,-0.982,-0.188) witness='RightWing5' witness-radius=23.68 subtree-nodes=968
[22:29:55.644] [27512] [I] SCOPY T1 frame=5902 bone-row1=(-0.021,-1.000,0.018) orientation-delta-deg=11.9 witness-moved=5.51 moved-range=[0.56,17.99] slot=28 buffer-pre=sampled pre-rel=swung probe-effective=true
[22:29:55.644] [27512] [I] SCOPY T2 frame=5902 pass-geometry='Dress' numMatrices=71 frameID=6168 buffer-submit=sampled changed-since-T1=false submit-rel=swung
[22:29:55.644] [27512] [I] SCOPY T3 frame=5902 drawn=46 buffer-after-draw=sampled changed-since-T2=true final-rel=swung node-row1=(-0.021,-1.000,0.018)
[22:29:55.796] [27512] [I] SCOPY T0 frame=5910 capture=3 bone='NPC Spine [Spn0]' skin='Dress' root='skeleton_female.nif' bone-origin=(-1.4,-483.3,4.3) bone-row1=(-0.011,-0.982,-0.188) witness='RightWing5' witness-radius=23.68 subtree-nodes=968
[22:29:55.796] [27512] [I] SCOPY T1 frame=5910 bone-row1=(-0.017,-0.997,-0.072) orientation-delta-deg=6.7 witness-moved=3.11 moved-range=[0.56,17.99] slot=28 buffer-pre=sampled pre-rel=swung probe-effective=true
[22:29:55.796] [27512] [I] SCOPY T2 frame=5910 pass-geometry='Dress' numMatrices=71 frameID=6176 buffer-submit=sampled changed-since-T1=false submit-rel=swung
[22:29:55.797] [27512] [I] SCOPY T3 frame=5910 drawn=46 buffer-after-draw=sampled changed-since-T2=true final-rel=swung node-row1=(-0.017,-0.997,-0.072)
[22:29:55.962] [27512] [I] SCOPY T0 frame=5918 capture=3 bone='NPC Spine [Spn0]' skin='Dress' root='skeleton_female.nif' bone-origin=(-1.4,-483.3,4.3) bone-row1=(-0.011,-0.982,-0.188) witness='RightWing5' witness-radius=23.68 subtree-nodes=968
[22:29:55.962] [27512] [I] SCOPY T1 frame=5918 bone-row1=(-0.012,-0.986,-0.165) orientation-delta-deg=1.3 witness-moved=0.63 moved-range=[0.56,17.99] slot=28 buffer-pre=sampled pre-rel=swung probe-effective=true
[22:29:55.962] [27512] [I] SCOPY T2 frame=5918 pass-geometry='Dress' numMatrices=71 frameID=6184 buffer-submit=sampled changed-since-T1=false submit-rel=swung
[22:29:55.962] [27512] [I] SCOPY T3 frame=5918 drawn=46 buffer-after-draw=sampled changed-since-T2=true final-rel=swung node-row1=(-0.012,-0.986,-0.165)
[22:29:56.115] [27512] [I] SCOPY T0 frame=5926 capture=3 bone='NPC Spine [Spn0]' skin='Dress' root='skeleton_female.nif' bone-origin=(-1.4,-483.3,4.3) bone-row1=(-0.011,-0.982,-0.188) witness='RightWing5' witness-radius=23.68 subtree-nodes=968
[22:29:56.115] [27512] [I] SCOPY T1 frame=5926 bone-row1=(-0.007,-0.966,-0.257) orientation-delta-deg=4.0 witness-moved=1.87 moved-range=[0.56,17.99] slot=28 buffer-pre=sampled pre-rel=captured probe-effective=true
[22:29:56.115] [27512] [I] SCOPY T2 frame=5926 pass-geometry='Dress' numMatrices=71 frameID=6192 buffer-submit=sampled changed-since-T1=false submit-rel=captured
[22:29:56.115] [27512] [I] SCOPY T3 frame=5926 drawn=46 buffer-after-draw=sampled changed-since-T2=true final-rel=captured node-row1=(-0.007,-0.966,-0.257)
[22:29:56.265] [27512] [I] SCOPY T0 frame=5934 capture=3 bone='NPC Spine [Spn0]' skin='Dress' root='skeleton_female.nif' bone-origin=(-1.4,-483.3,4.3) bone-row1=(-0.011,-0.982,-0.188) witness='RightWing5' witness-radius=23.68 subtree-nodes=968
[22:29:56.265] [27512] [I] SCOPY T1 frame=5934 bone-row1=(-0.003,-0.939,-0.345) orientation-delta-deg=9.3 witness-moved=4.33 moved-range=[0.56,17.99] slot=28 buffer-pre=sampled pre-rel=captured probe-effective=true
[22:29:56.265] [27512] [I] SCOPY T2 frame=5934 pass-geometry='Dress' numMatrices=71 frameID=6200 buffer-submit=sampled changed-since-T1=false submit-rel=captured
[22:29:56.265] [27512] [I] SCOPY T3 frame=5934 drawn=46 buffer-after-draw=sampled changed-since-T2=true final-rel=captured node-row1=(-0.003,-0.939,-0.345)
[22:29:56.415] [27512] [I] SCOPY T0 frame=5942 capture=3 bone='NPC Spine [Spn0]' skin='Dress' root='skeleton_female.nif' bone-origin=(-1.4,-483.3,4.3) bone-row1=(-0.011,-0.982,-0.188) witness='RightWing5' witness-radius=23.68 subtree-nodes=968
[22:29:56.415] [27512] [I] SCOPY T1 frame=5942 bone-row1=(0.002,-0.905,-0.426) orientation-delta-deg=14.4 witness-moved=6.66 moved-range=[0.56,17.99] slot=28 buffer-pre=sampled pre-rel=captured probe-effective=true
[22:29:56.415] [27512] [I] SCOPY T2 frame=5942 pass-geometry='Dress' numMatrices=71 frameID=6208 buffer-submit=sampled changed-since-T1=false submit-rel=captured
[22:29:56.415] [27512] [I] SCOPY T3 frame=5942 drawn=46 buffer-after-draw=sampled changed-since-T2=true final-rel=captured node-row1=(0.002,-0.905,-0.426)
[22:29:56.566] [27512] [I] SCOPY T0 frame=5950 capture=3 bone='NPC Spine [Spn0]' skin='Dress' root='skeleton_female.nif' bone-origin=(-1.4,-483.3,4.3) bone-row1=(-0.011,-0.982,-0.188) witness='RightWing5' witness-radius=23.68 subtree-nodes=968
[22:29:56.566] [27512] [I] SCOPY T1 frame=5950 bone-row1=(0.006,-0.867,-0.499) orientation-delta-deg=19.1 witness-moved=8.82 moved-range=[0.56,17.99] slot=28 buffer-pre=sampled pre-rel=captured probe-effective=true
[22:29:56.566] [27512] [I] SCOPY T2 frame=5950 pass-geometry='Dress' numMatrices=71 frameID=6216 buffer-submit=sampled changed-since-T1=false submit-rel=captured
[22:29:56.566] [27512] [I] SCOPY T3 frame=5950 drawn=46 buffer-after-draw=sampled changed-since-T2=true final-rel=captured node-row1=(0.006,-0.867,-0.499)
[22:29:56.716] [27512] [I] SCOPY T0 frame=5958 capture=3 bone='NPC Spine [Spn0]' skin='Dress' root='skeleton_female.nif' bone-origin=(-1.4,-483.3,4.3) bone-row1=(-0.011,-0.982,-0.188) witness='RightWing5' witness-radius=23.68 subtree-nodes=968
[22:29:56.716] [27512] [I] SCOPY T1 frame=5958 bone-row1=(0.010,-0.828,-0.561) orientation-delta-deg=23.3 witness-moved=10.75 moved-range=[0.56,17.99] slot=28 buffer-pre=sampled pre-rel=captured probe-effective=true
[22:29:56.716] [27512] [I] SCOPY T2 frame=5958 pass-geometry='Dress' numMatrices=71 frameID=6224 buffer-submit=sampled changed-since-T1=false submit-rel=captured
[22:29:56.716] [27512] [I] SCOPY T3 frame=5958 drawn=46 buffer-after-draw=sampled changed-since-T2=true final-rel=captured node-row1=(0.010,-0.828,-0.561)
[22:29:56.868] [27512] [I] SCOPY T0 frame=5966 capture=3 bone='NPC Spine [Spn0]' skin='Dress' root='skeleton_female.nif' bone-origin=(-1.4,-483.3,4.3) bone-row1=(-0.011,-0.982,-0.188) witness='RightWing5' witness-radius=23.68 subtree-nodes=968
[22:29:56.868] [27512] [I] SCOPY T1 frame=5966 bone-row1=(0.013,-0.790,-0.613) orientation-delta-deg=27.0 witness-moved=12.41 moved-range=[0.56,17.99] slot=28 buffer-pre=sampled pre-rel=captured probe-effective=true
[22:29:56.868] [27512] [I] SCOPY T2 frame=5966 pass-geometry='Dress' numMatrices=71 frameID=6232 buffer-submit=sampled changed-since-T1=false submit-rel=captured
[22:29:56.868] [27512] [I] SCOPY T3 frame=5966 drawn=46 buffer-after-draw=sampled changed-since-T2=true final-rel=captured node-row1=(0.013,-0.790,-0.613)
[22:29:57.020] [27512] [I] SCOPY T0 frame=5974 capture=3 bone='NPC Spine [Spn0]' skin='Dress' root='skeleton_female.nif' bone-origin=(-1.4,-483.3,4.3) bone-row1=(-0.011,-0.982,-0.188) witness='RightWing5' witness-radius=23.68 subtree-nodes=968
[22:29:57.021] [27512] [I] SCOPY T1 frame=5974 bone-row1=(0.016,-0.757,-0.653) orientation-delta-deg=30.0 witness-moved=13.76 moved-range=[0.56,17.99] slot=28 buffer-pre=sampled pre-rel=captured probe-effective=true
[22:29:57.021] [27512] [I] SCOPY T2 frame=5974 pass-geometry='Dress' numMatrices=71 frameID=6240 buffer-submit=sampled changed-since-T1=false submit-rel=captured
[22:29:57.021] [27512] [I] SCOPY T3 frame=5974 drawn=46 buffer-after-draw=sampled changed-since-T2=true final-rel=captured node-row1=(0.016,-0.757,-0.653)
[22:29:57.172] [27512] [I] SCOPY T0 frame=5982 capture=3 bone='NPC Spine [Spn0]' skin='Dress' root='skeleton_female.nif' bone-origin=(-1.4,-483.3,4.3) bone-row1=(-0.011,-0.982,-0.188) witness='RightWing5' witness-radius=23.68 subtree-nodes=968
[22:29:57.172] [27512] [I] SCOPY T1 frame=5982 bone-row1=(0.018,-0.731,-0.683) orientation-delta-deg=32.3 witness-moved=14.77 moved-range=[0.56,17.99] slot=28 buffer-pre=sampled pre-rel=captured probe-effective=true
[22:29:57.172] [27512] [I] SCOPY T2 frame=5982 pass-geometry='Dress' numMatrices=71 frameID=6248 buffer-submit=sampled changed-since-T1=false submit-rel=captured
[22:29:57.172] [27512] [I] SCOPY T3 frame=5982 drawn=46 buffer-after-draw=sampled changed-since-T2=true final-rel=captured node-row1=(0.018,-0.731,-0.683)
[22:29:57.324] [27512] [I] SCOPY T0 frame=5990 capture=3 bone='NPC Spine [Spn0]' skin='Dress' root='skeleton_female.nif' bone-origin=(-1.4,-483.3,4.3) bone-row1=(-0.011,-0.982,-0.188) witness='RightWing5' witness-radius=23.68 subtree-nodes=968
[22:29:57.324] [27512] [I] SCOPY T1 frame=5990 bone-row1=(0.019,-0.713,-0.701) orientation-delta-deg=33.7 witness-moved=15.42 moved-range=[0.56,17.99] slot=28 buffer-pre=sampled pre-rel=captured probe-effective=true
[22:29:57.324] [27512] [I] SCOPY T2 frame=5990 pass-geometry='Dress' numMatrices=71 frameID=6256 buffer-submit=sampled changed-since-T1=false submit-rel=captured
[22:29:57.324] [27512] [I] SCOPY T3 frame=5990 drawn=46 buffer-after-draw=sampled changed-since-T2=true final-rel=captured node-row1=(0.019,-0.713,-0.701)
[22:29:57.477] [27512] [I] SCOPY T0 frame=5998 capture=3 bone='NPC Spine [Spn0]' skin='Dress' root='skeleton_female.nif' bone-origin=(-1.4,-483.3,4.3) bone-row1=(-0.011,-0.982,-0.188) witness='RightWing5' witness-radius=23.68 subtree-nodes=968
[22:29:57.477] [27512] [I] SCOPY T1 frame=5998 bone-row1=(0.019,-0.705,-0.709) orientation-delta-deg=34.4 witness-moved=15.70 moved-range=[0.56,17.99] slot=28 buffer-pre=sampled pre-rel=captured probe-effective=true
[22:29:57.477] [27512] [I] SCOPY T2 frame=5998 pass-geometry='Dress' numMatrices=71 frameID=6264 buffer-submit=sampled changed-since-T1=false submit-rel=captured
[22:29:57.477] [27512] [I] SCOPY T3 frame=5998 drawn=46 buffer-after-draw=sampled changed-since-T2=true final-rel=captured node-row1=(0.019,-0.705,-0.709)
[22:29:57.630] [27512] [I] SCOPY T0 frame=6006 capture=3 bone='NPC Spine [Spn0]' skin='Dress' root='skeleton_female.nif' bone-origin=(-1.4,-483.3,4.3) bone-row1=(-0.011,-0.982,-0.188) witness='RightWing5' witness-radius=23.68 subtree-nodes=968
[22:29:57.630] [27512] [I] SCOPY T1 frame=6006 bone-row1=(0.019,-0.708,-0.706) orientation-delta-deg=34.1 witness-moved=15.61 moved-range=[0.56,17.99] slot=28 buffer-pre=sampled pre-rel=captured probe-effective=true
[22:29:57.630] [27512] [I] SCOPY T2 frame=6006 pass-geometry='Dress' numMatrices=71 frameID=6272 buffer-submit=sampled changed-since-T1=false submit-rel=captured
[22:29:57.630] [27512] [I] SCOPY T3 frame=6006 drawn=46 buffer-after-draw=sampled changed-since-T2=true final-rel=captured node-row1=(0.019,-0.708,-0.706)
[22:29:57.744] [27512] [I] Clone draw: passes=46 rd-null=46 lights=3 | geoms=50 skinned=50 roots=2 num-mat=925 bone-count=958 bound=925
[22:29:57.744] [27512] [I] SCOPY DRAW frame=1441 passes=46 lights=true animation-driver=none physics-driver=none
[22:29:57.782] [27512] [I] SCOPY T0 frame=6014 capture=3 bone='NPC Spine [Spn0]' skin='Dress' root='skeleton_female.nif' bone-origin=(-1.4,-483.3,4.3) bone-row1=(-0.011,-0.982,-0.188) witness='RightWing5' witness-radius=23.68 subtree-nodes=968
[22:29:57.783] [27512] [I] SCOPY T1 frame=6014 bone-row1=(0.018,-0.721,-0.693) orientation-delta-deg=33.1 witness-moved=15.14 moved-range=[0.56,17.99] slot=28 buffer-pre=sampled pre-rel=captured probe-effective=true
[22:29:57.783] [27512] [I] SCOPY T2 frame=6014 pass-geometry='Dress' numMatrices=71 frameID=6280 buffer-submit=sampled changed-since-T1=false submit-rel=captured
[22:29:57.783] [27512] [I] SCOPY T3 frame=6014 drawn=46 buffer-after-draw=sampled changed-since-T2=true final-rel=captured node-row1=(0.018,-0.721,-0.693)
[22:29:57.933] [27512] [I] SCOPY T0 frame=6022 capture=3 bone='NPC Spine [Spn0]' skin='Dress' root='skeleton_female.nif' bone-origin=(-1.4,-483.3,4.3) bone-row1=(-0.011,-0.982,-0.188) witness='RightWing5' witness-radius=23.68 subtree-nodes=968
[22:29:57.933] [27512] [I] SCOPY T1 frame=6022 bone-row1=(0.017,-0.743,-0.669) orientation-delta-deg=31.2 witness-moved=14.31 moved-range=[0.56,17.99] slot=28 buffer-pre=sampled pre-rel=captured probe-effective=true
[22:29:57.933] [27512] [I] SCOPY T2 frame=6022 pass-geometry='Dress' numMatrices=71 frameID=6288 buffer-submit=sampled changed-since-T1=false submit-rel=captured
[22:29:57.933] [27512] [I] SCOPY T3 frame=6022 drawn=46 buffer-after-draw=sampled changed-since-T2=true final-rel=captured node-row1=(0.017,-0.743,-0.669)
[22:29:58.028] [27512] [I] SCOPY ROTATE angle-deg=1710
[22:29:58.086] [27512] [I] SCOPY T0 frame=6030 capture=3 bone='NPC Spine [Spn0]' skin='Dress' root='skeleton_female.nif' bone-origin=(2.1,-483.9,4.3) bone-row1=(0.999,-0.020,0.047) witness='RightWing5' witness-radius=23.68 subtree-nodes=968
[22:29:58.086] [27512] [I] SCOPY T1 frame=6030 bone-row1=(0.901,0.072,-0.428) orientation-delta-deg=28.6 witness-moved=16.73 moved-range=[0.56,17.99] slot=28 buffer-pre=sampled pre-rel=swung probe-effective=true
[22:29:58.086] [27512] [I] SCOPY T2 frame=6030 pass-geometry='Dress' numMatrices=71 frameID=6296 buffer-submit=sampled changed-since-T1=false submit-rel=swung
[22:29:58.086] [27512] [I] SCOPY T3 frame=6030 drawn=46 buffer-after-draw=sampled changed-since-T2=true final-rel=swung node-row1=(0.901,0.072,-0.428)
[22:29:58.240] [27512] [I] SCOPY T0 frame=6038 capture=3 bone='NPC Spine [Spn0]' skin='Dress' root='skeleton_female.nif' bone-origin=(2.1,-483.9,4.3) bone-row1=(0.999,-0.020,0.047) witness='RightWing5' witness-radius=23.68 subtree-nodes=968
[22:29:58.240] [27512] [I] SCOPY T1 frame=6038 bone-row1=(0.925,0.062,-0.376) orientation-delta-deg=25.2 witness-moved=14.81 moved-range=[0.56,17.99] slot=28 buffer-pre=sampled pre-rel=swung probe-effective=true
[22:29:58.240] [27512] [I] SCOPY T2 frame=6038 pass-geometry='Dress' numMatrices=71 frameID=6304 buffer-submit=sampled changed-since-T1=false submit-rel=swung
[22:29:58.240] [27512] [I] SCOPY T3 frame=6038 drawn=46 buffer-after-draw=sampled changed-since-T2=true final-rel=swung node-row1=(0.925,0.062,-0.376)
[22:29:58.391] [27512] [I] SCOPY T0 frame=6046 capture=3 bone='NPC Spine [Spn0]' skin='Dress' root='skeleton_female.nif' bone-origin=(2.1,-483.9,4.3) bone-row1=(0.999,-0.020,0.047) witness='RightWing5' witness-radius=23.68 subtree-nodes=968
[22:29:58.391] [27512] [I] SCOPY T1 frame=6046 bone-row1=(0.949,0.049,-0.312) orientation-delta-deg=21.3 witness-moved=12.51 moved-range=[0.56,17.99] slot=28 buffer-pre=sampled pre-rel=swung probe-effective=true
[22:29:58.391] [27512] [I] SCOPY T2 frame=6046 pass-geometry='Dress' numMatrices=71 frameID=6312 buffer-submit=sampled changed-since-T1=false submit-rel=swung
[22:29:58.391] [27512] [I] SCOPY T3 frame=6046 drawn=46 buffer-after-draw=sampled changed-since-T2=true final-rel=swung node-row1=(0.949,0.049,-0.312)
[22:29:58.544] [27512] [I] SCOPY T0 frame=6054 capture=3 bone='NPC Spine [Spn0]' skin='Dress' root='skeleton_female.nif' bone-origin=(2.1,-483.9,4.3) bone-row1=(0.999,-0.020,0.047) witness='RightWing5' witness-radius=23.68 subtree-nodes=968
[22:29:58.544] [27512] [I] SCOPY T1 frame=6054 bone-row1=(0.971,0.035,-0.238) orientation-delta-deg=16.8 witness-moved=9.90 moved-range=[0.56,17.99] slot=28 buffer-pre=sampled pre-rel=swung probe-effective=true
[22:29:58.544] [27512] [I] SCOPY T2 frame=6054 pass-geometry='Dress' numMatrices=71 frameID=6320 buffer-submit=sampled changed-since-T1=false submit-rel=swung
[22:29:58.544] [27512] [I] SCOPY T3 frame=6054 drawn=46 buffer-after-draw=sampled changed-since-T2=true final-rel=swung node-row1=(0.971,0.035,-0.238)
[22:29:58.697] [27512] [I] SCOPY T0 frame=6062 capture=3 bone='NPC Spine [Spn0]' skin='Dress' root='skeleton_female.nif' bone-origin=(2.1,-483.9,4.3) bone-row1=(0.999,-0.020,0.047) witness='RightWing5' witness-radius=23.68 subtree-nodes=968
[22:29:58.697] [27512] [I] SCOPY T1 frame=6062 bone-row1=(0.988,0.019,-0.156) orientation-delta-deg=11.9 witness-moved=7.02 moved-range=[0.56,17.99] slot=28 buffer-pre=sampled pre-rel=swung probe-effective=true
[22:29:58.697] [27512] [I] SCOPY T2 frame=6062 pass-geometry='Dress' numMatrices=71 frameID=6328 buffer-submit=sampled changed-since-T1=false submit-rel=swung
[22:29:58.697] [27512] [I] SCOPY T3 frame=6062 drawn=46 buffer-after-draw=sampled changed-since-T2=true final-rel=swung node-row1=(0.988,0.019,-0.156)
[22:29:58.862] [27512] [I] SCOPY T0 frame=6070 capture=3 bone='NPC Spine [Spn0]' skin='Dress' root='skeleton_female.nif' bone-origin=(2.1,-483.9,4.3) bone-row1=(0.999,-0.020,0.047) witness='RightWing5' witness-radius=23.68 subtree-nodes=968
[22:29:58.862] [27512] [I] SCOPY T1 frame=6070 bone-row1=(0.998,0.002,-0.068) orientation-delta-deg=6.7 witness-moved=3.96 moved-range=[0.56,17.99] slot=28 buffer-pre=sampled pre-rel=swung probe-effective=true
[22:29:58.862] [27512] [I] SCOPY T2 frame=6070 pass-geometry='Dress' numMatrices=71 frameID=6336 buffer-submit=sampled changed-since-T1=false submit-rel=swung
[22:29:58.862] [27512] [I] SCOPY T3 frame=6070 drawn=46 buffer-after-draw=sampled changed-since-T2=true final-rel=swung node-row1=(0.998,0.002,-0.068)
[22:29:59.016] [27512] [I] SCOPY T0 frame=6078 capture=3 bone='NPC Spine [Spn0]' skin='Dress' root='skeleton_female.nif' bone-origin=(2.1,-483.9,4.3) bone-row1=(0.999,-0.020,0.047) witness='RightWing5' witness-radius=23.68 subtree-nodes=968
[22:29:59.016] [27512] [I] SCOPY T1 frame=6078 bone-row1=(1.000,-0.016,0.024) orientation-delta-deg=1.3 witness-moved=0.80 moved-range=[0.56,17.99] slot=28 buffer-pre=sampled pre-rel=swung probe-effective=true
[22:29:59.016] [27512] [I] SCOPY T2 frame=6078 pass-geometry='Dress' numMatrices=71 frameID=6344 buffer-submit=sampled changed-since-T1=false submit-rel=swung
[22:29:59.016] [27512] [I] SCOPY T3 frame=6078 drawn=46 buffer-after-draw=sampled changed-since-T2=true final-rel=swung node-row1=(1.000,-0.016,0.024)
[22:29:59.054] [27512] [I] SCOPY ROTATE angle-deg=1800
[22:29:59.169] [27512] [I] SCOPY T0 frame=6086 capture=3 bone='NPC Spine [Spn0]' skin='Dress' root='skeleton_female.nif' bone-origin=(1.4,-487.4,4.3) bone-row1=(0.011,0.982,0.188) witness='RightWing5' witness-radius=23.68 subtree-nodes=968
[22:29:59.169] [27512] [I] SCOPY T1 frame=6086 bone-row1=(0.007,0.966,0.257) orientation-delta-deg=4.0 witness-moved=1.67 moved-range=[0.56,17.99] slot=28 buffer-pre=sampled pre-rel=captured probe-effective=true
[22:29:59.169] [27512] [I] SCOPY T2 frame=6086 pass-geometry='Dress' numMatrices=71 frameID=6352 buffer-submit=sampled changed-since-T1=false submit-rel=captured
[22:29:59.169] [27512] [I] SCOPY T3 frame=6086 drawn=46 buffer-after-draw=sampled changed-since-T2=true final-rel=captured node-row1=(0.007,0.966,0.257)
[22:29:59.317] [27512] [I] SCOPY T0 frame=6094 capture=3 bone='NPC Spine [Spn0]' skin='Dress' root='skeleton_female.nif' bone-origin=(1.4,-487.4,4.3) bone-row1=(0.011,0.982,0.188) witness='RightWing5' witness-radius=23.68 subtree-nodes=968
[22:29:59.317] [27512] [I] SCOPY T1 frame=6094 bone-row1=(0.003,0.939,0.345) orientation-delta-deg=9.3 witness-moved=3.85 moved-range=[0.56,17.99] slot=28 buffer-pre=sampled pre-rel=captured probe-effective=true
[22:29:59.317] [27512] [I] SCOPY T2 frame=6094 pass-geometry='Dress' numMatrices=71 frameID=6360 buffer-submit=sampled changed-since-T1=false submit-rel=captured
[22:29:59.317] [27512] [I] SCOPY T3 frame=6094 drawn=46 buffer-after-draw=sampled changed-since-T2=true final-rel=captured node-row1=(0.003,0.939,0.345)
[22:29:59.480] [27512] [I] SCOPY T0 frame=6102 capture=3 bone='NPC Spine [Spn0]' skin='Dress' root='skeleton_female.nif' bone-origin=(1.4,-487.4,4.3) bone-row1=(0.011,0.982,0.188) witness='RightWing5' witness-radius=23.68 subtree-nodes=968
[22:29:59.480] [27512] [I] SCOPY T1 frame=6102 bone-row1=(-0.002,0.905,0.426) orientation-delta-deg=14.4 witness-moved=5.93 moved-range=[0.56,17.99] slot=28 buffer-pre=sampled pre-rel=captured probe-effective=true
[22:29:59.480] [27512] [I] SCOPY T2 frame=6102 pass-geometry='Dress' numMatrices=71 frameID=6368 buffer-submit=sampled changed-since-T1=false submit-rel=captured
[22:29:59.480] [27512] [I] SCOPY T3 frame=6102 drawn=46 buffer-after-draw=sampled changed-since-T2=true final-rel=captured node-row1=(-0.002,0.905,0.426)
[22:29:59.634] [27512] [I] SCOPY T0 frame=6110 capture=3 bone='NPC Spine [Spn0]' skin='Dress' root='skeleton_female.nif' bone-origin=(1.4,-487.4,4.3) bone-row1=(0.011,0.982,0.188) witness='RightWing5' witness-radius=23.68 subtree-nodes=968
[22:29:59.634] [27512] [I] SCOPY T1 frame=6110 bone-row1=(-0.006,0.867,0.499) orientation-delta-deg=19.1 witness-moved=7.86 moved-range=[0.56,17.99] slot=28 buffer-pre=sampled pre-rel=captured probe-effective=true
[22:29:59.634] [27512] [I] SCOPY T2 frame=6110 pass-geometry='Dress' numMatrices=71 frameID=6376 buffer-submit=sampled changed-since-T1=false submit-rel=captured
[22:29:59.634] [27512] [I] SCOPY T3 frame=6110 drawn=46 buffer-after-draw=sampled changed-since-T2=true final-rel=captured node-row1=(-0.006,0.867,0.499)
[22:29:59.786] [27512] [I] SCOPY T0 frame=6118 capture=3 bone='NPC Spine [Spn0]' skin='Dress' root='skeleton_female.nif' bone-origin=(1.4,-487.4,4.3) bone-row1=(0.011,0.982,0.188) witness='RightWing5' witness-radius=23.68 subtree-nodes=968
[22:29:59.786] [27512] [I] SCOPY T1 frame=6118 bone-row1=(-0.010,0.828,0.561) orientation-delta-deg=23.3 witness-moved=9.58 moved-range=[0.56,17.99] slot=28 buffer-pre=sampled pre-rel=captured probe-effective=true
[22:29:59.786] [27512] [I] SCOPY T2 frame=6118 pass-geometry='Dress' numMatrices=71 frameID=6384 buffer-submit=sampled changed-since-T1=false submit-rel=captured
[22:29:59.786] [27512] [I] SCOPY T3 frame=6118 drawn=46 buffer-after-draw=sampled changed-since-T2=true final-rel=captured node-row1=(-0.010,0.828,0.561)
[22:29:59.935] [27512] [I] SCOPY T0 frame=6126 capture=3 bone='NPC Spine [Spn0]' skin='Dress' root='skeleton_female.nif' bone-origin=(1.4,-487.4,4.3) bone-row1=(0.011,0.982,0.188) witness='RightWing5' witness-radius=23.68 subtree-nodes=968
[22:29:59.935] [27512] [I] SCOPY T1 frame=6126 bone-row1=(-0.013,0.790,0.613) orientation-delta-deg=27.0 witness-moved=11.05 moved-range=[0.56,17.99] slot=28 buffer-pre=sampled pre-rel=captured probe-effective=true
[22:29:59.935] [27512] [I] SCOPY T2 frame=6126 pass-geometry='Dress' numMatrices=71 frameID=6392 buffer-submit=sampled changed-since-T1=false submit-rel=captured
[22:29:59.935] [27512] [I] SCOPY T3 frame=6126 drawn=46 buffer-after-draw=sampled changed-since-T2=true final-rel=captured node-row1=(-0.013,0.790,0.613)
[22:30:00.051] [27512] [I] Clone draw: passes=46 rd-null=46 lights=3 | geoms=50 skinned=50 roots=2 num-mat=925 bone-count=958 bound=925
[22:30:00.051] [27512] [I] SCOPY DRAW frame=1561 passes=46 lights=true animation-driver=none physics-driver=none
[22:30:00.089] [27512] [I] SCOPY T0 frame=6134 capture=3 bone='NPC Spine [Spn0]' skin='Dress' root='skeleton_female.nif' bone-origin=(1.4,-487.4,4.3) bone-row1=(0.011,0.982,0.188) witness='RightWing5' witness-radius=23.68 subtree-nodes=968
[22:30:00.089] [27512] [I] SCOPY T1 frame=6134 bone-row1=(-0.016,0.757,0.653) orientation-delta-deg=30.0 witness-moved=12.25 moved-range=[0.56,17.99] slot=28 buffer-pre=sampled pre-rel=captured probe-effective=true
[22:30:00.089] [27512] [I] SCOPY T2 frame=6134 pass-geometry='Dress' numMatrices=71 frameID=6400 buffer-submit=sampled changed-since-T1=false submit-rel=captured
[22:30:00.089] [27512] [I] SCOPY T3 frame=6134 drawn=46 buffer-after-draw=sampled changed-since-T2=true final-rel=captured node-row1=(-0.016,0.757,0.653)
[22:30:00.241] [27512] [I] SCOPY T0 frame=6142 capture=3 bone='NPC Spine [Spn0]' skin='Dress' root='skeleton_female.nif' bone-origin=(1.4,-487.4,4.3) bone-row1=(0.011,0.982,0.188) witness='RightWing5' witness-radius=23.68 subtree-nodes=968
[22:30:00.241] [27512] [I] SCOPY T1 frame=6142 bone-row1=(-0.018,0.731,0.683) orientation-delta-deg=32.3 witness-moved=13.15 moved-range=[0.56,17.99] slot=28 buffer-pre=sampled pre-rel=captured probe-effective=true
[22:30:00.241] [27512] [I] SCOPY T2 frame=6142 pass-geometry='Dress' numMatrices=71 frameID=6408 buffer-submit=sampled changed-since-T1=false submit-rel=captured
[22:30:00.241] [27512] [I] SCOPY T3 frame=6142 drawn=46 buffer-after-draw=sampled changed-since-T2=true final-rel=captured node-row1=(-0.018,0.731,0.683)
[22:30:00.393] [27512] [I] SCOPY T0 frame=6150 capture=3 bone='NPC Spine [Spn0]' skin='Dress' root='skeleton_female.nif' bone-origin=(1.4,-487.4,4.3) bone-row1=(0.011,0.982,0.188) witness='RightWing5' witness-radius=23.68 subtree-nodes=968
[22:30:00.393] [27512] [I] SCOPY T1 frame=6150 bone-row1=(-0.019,0.713,0.701) orientation-delta-deg=33.7 witness-moved=13.73 moved-range=[0.56,17.99] slot=28 buffer-pre=sampled pre-rel=captured probe-effective=true
[22:30:00.393] [27512] [I] SCOPY T2 frame=6150 pass-geometry='Dress' numMatrices=71 frameID=6416 buffer-submit=sampled changed-since-T1=false submit-rel=captured
[22:30:00.393] [27512] [I] SCOPY T3 frame=6150 drawn=46 buffer-after-draw=sampled changed-since-T2=true final-rel=captured node-row1=(-0.019,0.713,0.701)
[22:30:00.431] [27512] [I] SCOPY ANIM probe disabled; the copy keeps its captured pose
