[22:39:11.223] [38908] [I] CharacterPanel v1-2-1-0
[22:39:11.223] [38908] [I] CharacterPanel loaded
[22:40:03.544] [36492] [I] All shaders compiled
[22:40:03.544] [36492] [I] Installed pre-UI renderer hook
[22:40:03.545] [36492] [I] Menu sink installed
[22:40:03.545] [36492] [I] SCOPY BUILD CharacterPanel-scopy-S2P3-a7073d58b8+dirty-cl94faaed0c6-20261009T143614Z runtime=1-6-1170-0 mode=manual-scene-copy legacy-actor-route=disabled animation=not-implemented cbpc=not-registered smp=not-registered hotkeys=F7-copy F8-draw F3-rotate F4-release F2-anim-probe
[22:40:03.555] [38804] [I] Studio host changed: 0x0 -> 0x19508696980 (paused=true)
[22:40:03.555] [38804] [I] Studio light node has been created
[22:40:03.555] [38804] [I] CP-LIGHT slot 0: registered, shell 0x1969238f880 queued (ledger stays the authority)
[22:40:03.555] [38804] [I] CP-LIGHT slot 1: registered, shell 0x1969238f740 queued (ledger stays the authority)
[22:40:03.555] [38804] [I] CP-LIGHT slot 2: registered, shell 0x1969238f600 queued (ledger stays the authority)
[22:40:03.555] [38804] [I] Studio lights registered on the ledger (scene=0x18b5c276e80 -- ledger fetch will populate the slots)
[22:40:03.555] [38804] [I] CP-LIGHT slot 0: ledger shell fetched 0x1969238f880 (after 0 miss frames)
[22:40:03.555] [38804] [I] CP-LIGHT slot 1: ledger shell fetched 0x1969238f740 (after 0 miss frames)
[22:40:03.555] [38804] [I] CP-LIGHT slot 2: ledger shell fetched 0x1969238f600 (after 0 miss frames)
[22:40:38.178] [38804] [I] CP-LIGHT slot 0: ledger shell dropped
[22:40:38.178] [38804] [I] CP-LIGHT slot 1: ledger shell dropped
[22:40:38.178] [38804] [I] CP-LIGHT slot 2: ledger shell dropped
[22:40:38.178] [38804] [W] Studio lights not fully served by the ledger yet
[22:40:41.790] [38804] [I] CP-LIGHT slot 0: fallback re-registered after 1 miss frames (shell 0x1969238fc40 filed to lightQueueAdd)
[22:40:41.790] [38804] [I] CP-LIGHT slot 1: fallback re-registered after 1 miss frames (shell 0x1969238f240 filed to lightQueueAdd)
[22:40:41.790] [38804] [I] CP-LIGHT slot 2: fallback re-registered after 1 miss frames (shell 0x1969238f100 filed to lightQueueAdd)
[22:40:41.851] [38804] [I] CP-LIGHT slot 0: ledger shell fetched 0x1969238fc40 (after 1 miss frames)
[22:40:41.851] [38804] [I] CP-LIGHT slot 1: ledger shell fetched 0x1969238f240 (after 1 miss frames)
[22:40:41.851] [38804] [I] CP-LIGHT slot 2: ledger shell fetched 0x1969238f100 (after 1 miss frames)
[22:40:50.717] [38908] [I] SCOPY BEGIN capture=1 actor=00000014 source=0x198150cac80 parent=0x19814dc1ec0 nodes=470 geoms=23 api=NiObject::Clone id=68835/70187
[22:40:50.718] [38908] [I] SCOPY CLONE-RETURN capture=1 copy=0x198b47fc580
[22:40:50.718] [38908] [I] SCOPY SOURCE-DIFF capture-diff root-same=true parent-same=true object-set-same=true local-drift=false world-tight=0 world-loose=0 bound-loose=0 objects=470 skin-bones=131
[22:40:50.718] [38908] [I] SCOPY AUDIT shared-nodes=0 shared-skins=0 shared-properties=0 shared-buffers=0 shared-passes=0 external-roots=0 external-bones=0 external-transforms=0 external-pass-geometry=0 external-fade-nodes=0 invalid-arrays=0 unbound-slots=0
[22:40:50.718] [38908] [I] SCOPY CENSUS source-nodes=470 copy-nodes=470 source-geoms=23 copy-geoms=23 source-skins=13 copy-skins=13 source-dynamic=8 copy-dynamic=8
[22:40:50.718] [38908] [I] SCOPY FRAME skinned-bound valid=true radius=74.8 center=(6371.1,1444.2,257.5) graph-bound radius=75.1 scale=0.35 pruned-nodes=0
[22:40:50.718] [38908] [I] SCOPY READY capture=1 controllers-removed=14 collisions-removed=18 draw=off actor-created=false F8=draw F3=rotate F4=release
[22:40:50.718] [38908] [I] SCOPY GEOMETRY capture=1 name='FemaleBrowsHuman01' type='BSDynamicTriShape'
[22:40:50.718] [38908] [I] SCOPY GEOMETRY capture=1 name='00CVEO_00VAN_AA_ALDDEyes_Blue_FEMALE' type='BSDynamicTriShape'
[22:40:50.718] [38908] [I] SCOPY GEOMETRY capture=1 name='0_HAIRLINE_Female_Human_Straight' type='BSDynamicTriShape'
[22:40:50.718] [38908] [I] SCOPY GEOMETRY capture=1 name='0Anto92HL' type='BSDynamicTriShape'
[22:40:50.718] [38908] [I] SCOPY GEOMETRY capture=1 name='0Anto92' type='BSDynamicTriShape'
[22:40:50.718] [38908] [I] SCOPY GEOMETRY capture=1 name='FemaleMouthHumanoidDefault' type='BSDynamicTriShape'
[22:40:50.718] [38908] [I] SCOPY GEOMETRY capture=1 name='FemaleHeadNord' type='BSDynamicTriShape'
[22:40:50.718] [38908] [I] SCOPY GEOMETRY capture=1 name='shoes' type='BSTriShape'
[22:40:50.718] [38908] [I] SCOPY GEOMETRY capture=1 name='Feet' type='BSTriShape'
[22:40:50.718] [38908] [I] SCOPY GEOMETRY capture=1 name=' (00000D6C)[1]/ (FE04CB10) [80%]' type='BSTriShape'
[22:40:50.718] [38908] [I] SCOPY GEOMETRY capture=1 name='clothes_underwear' type='BSTriShape'
[22:40:50.718] [38908] [I] SCOPY GEOMETRY capture=1 name='clothes' type='BSTriShape'
[22:40:50.718] [38908] [I] SCOPY GEOMETRY capture=1 name='CBBE' type='BSTriShape'
[22:40:50.718] [38908] [I] SCOPY GEOMETRY capture=1 name='Face [Ovl0]' type='BSDynamicTriShape'
[22:40:50.718] [38908] [I] SCOPY GEOMETRY capture=1 name='Feet [SOvl0]' type='BSTriShape'
[22:40:50.718] [38908] [I] SCOPY GEOMETRY capture=1 name='Feet [Ovl2]' type='BSTriShape'
[22:40:50.718] [38908] [I] SCOPY GEOMETRY capture=1 name='Feet [Ovl1]' type='BSTriShape'
[22:40:50.718] [38908] [I] SCOPY GEOMETRY capture=1 name='Feet [Ovl0]' type='BSTriShape'
[22:40:50.718] [38908] [I] SCOPY GEOMETRY capture=1 name='Hands [SOvl0]' type='BSTriShape'
[22:40:50.718] [38908] [I] SCOPY GEOMETRY capture=1 name='Hands [Ovl1]' type='BSTriShape'
[22:40:50.718] [38908] [I] SCOPY GEOMETRY capture=1 name='Hands [Ovl0]' type='BSTriShape'
[22:40:50.718] [38908] [I] SCOPY GEOMETRY capture=1 name='Body [SOvl0]' type='BSTriShape'
[22:40:50.718] [38908] [I] SCOPY GEOMETRY capture=1 name='Body [Ovl0]' type='BSTriShape'
[22:40:51.860] [38908] [I] SCOPY DRAW-TOGGLE enabled=true capture=1
[22:40:51.862] [38908] [I] Clone draw: passes=23 rd-null=23 lights=3 | geoms=23 skinned=23 roots=2 num-mat=331 bone-count=331 bound=331
[22:40:51.862] [38908] [I] SCOPY DRAW frame=1 passes=23 lights=true animation-driver=none physics-driver=none
[22:40:53.905] [38908] [I] SCOPY KEY rotate pressed (VK_F3 -> scan 61)
[22:40:53.908] [38908] [I] SCOPY ROTATE angle-deg=90
[22:40:54.284] [38908] [I] SCOPY KEY rotate pressed (VK_F3 -> scan 61)
[22:40:54.287] [38908] [I] SCOPY ROTATE angle-deg=180
[22:40:54.542] [38908] [I] SCOPY KEY rotate pressed (VK_F3 -> scan 61)
[22:40:54.545] [38908] [I] SCOPY ROTATE angle-deg=270
[22:40:54.869] [38908] [I] SCOPY KEY rotate pressed (VK_F3 -> scan 61)
[22:40:54.872] [38908] [I] SCOPY ROTATE angle-deg=360
[22:40:55.082] [38908] [I] Clone draw: passes=23 rd-null=23 lights=3 | geoms=23 skinned=23 roots=2 num-mat=331 bone-count=331 bound=331
[22:40:55.082] [38908] [I] SCOPY DRAW frame=121 passes=23 lights=true animation-driver=none physics-driver=none
[22:40:57.688] [38908] [I] SCOPY ANIM probe enabled: node transforms only, applied after the studio's base placement and before pass preparation; the skin matrix buffer is read-only
[22:40:57.689] [38908] [I] SCOPY ANIM target bone='NPC Pelvis [Pelv]' parent-chain='MJF NPC Pelvis [Pelv] < CME LBody [LBody] < MJF CME Body [Body] < CME Body [Body] < NPC COM [COM ] < NPC Root [Root] < NPC < skeleton_female.nif' candidates=74 subtree-nodes=219 skin='clothes' bones=31 root='skeleton_female.nif' affected-geoms=10/23 witness='NPC L Toe0 [LToe]' witness-radius=23.89 swing=world-X 0.600rad period=320f controllers=none verdict=copy-is-graph-invisible skins: [Body [Ovl0]: 30/30 direct] [Body [SOvl0]: 30/30 direct] [Hands [Ovl0]: 38/38 direct] [Hands [Ovl1]: 38/38 direct]
[22:40:57.906] [38908] [I] SCOPY T0 frame=3039 capture=1 bone='NPC Pelvis [Pelv]' skin='clothes' root='skeleton_female.nif' bone-origin=(0.9,-485.5,2.7) bone-row1=(0.058,0.990,0.125) witness='NPC L Toe0 [LToe]' witness-radius=23.89 subtree-nodes=219
[22:40:57.906] [38908] [I] SCOPY T1 frame=3039 bone-row1=(0.058,0.989,0.137) orientation-delta-deg=0.7 witness-moved=0.28 moved-range=[0.28,0.28] slot=10 buffer-pre=sampled pre-rel=captured probe-effective=true
[22:40:57.906] [38908] [I] SCOPY T2 frame=3039 pass-geometry='clothes' numMatrices=31 frameID=3308 buffer-submit=sampled changed-since-T1=false submit-rel=captured
[22:40:57.906] [38908] [I] SCOPY T3 frame=3039 drawn=23 buffer-after-draw=sampled changed-since-T2=true final-rel=captured node-row1=(0.058,0.989,0.137)
[22:40:57.906] [38908] [I] SCOPY T1c frame=3039 buffer=current slot=10 closest=bind(2.14) next=bind-T(2.14) | buffer=previous slot=10 closest=bind(2.15) next=bind-T(2.15)
[22:40:57.906] [38908] [I] SCOPY T3c frame=3039 buffer=current slot=10 closest=bind(2.14) next=bind-T(2.14) | buffer=previous slot=10 closest=bind(2.14) next=bind-T(2.14)
[22:40:58.120] [38908] [I] SCOPY T0 frame=3047 capture=1 bone='NPC Pelvis [Pelv]' skin='clothes' root='skeleton_female.nif' bone-origin=(0.9,-485.5,2.7) bone-row1=(0.058,0.990,0.125) witness='NPC L Toe0 [LToe]' witness-radius=23.89 subtree-nodes=219
[22:40:58.120] [38908] [I] SCOPY T1 frame=3047 bone-row1=(0.063,0.997,0.043) orientation-delta-deg=4.7 witness-moved=1.96 moved-range=[0.28,1.96] slot=10 buffer-pre=sampled pre-rel=swung probe-effective=true
[22:40:58.120] [38908] [I] SCOPY T2 frame=3047 pass-geometry='clothes' numMatrices=31 frameID=3316 buffer-submit=sampled changed-since-T1=false submit-rel=swung
[22:40:58.120] [38908] [I] SCOPY T3 frame=3047 drawn=23 buffer-after-draw=sampled changed-since-T2=true final-rel=swung node-row1=(0.063,0.997,0.043)
[22:40:58.120] [38908] [I] SCOPY T1c frame=3047 buffer=current slot=10 closest=bind(2.07) next=bind-T(2.07) | buffer=previous slot=10 closest=bind(2.08) next=bind-T(2.08)
[22:40:58.120] [38908] [I] SCOPY T3c frame=3047 buffer=current slot=10 closest=bind(2.06) next=bind-T(2.06) | buffer=previous slot=10 closest=bind(2.07) next=bind-T(2.07)
[22:40:58.303] [38908] [I] Clone draw: passes=23 rd-null=23 lights=3 | geoms=23 skinned=23 roots=2 num-mat=331 bone-count=331 bound=331
[22:40:58.303] [38908] [I] SCOPY DRAW frame=241 passes=23 lights=true animation-driver=none physics-driver=none
[22:40:58.334] [38908] [I] SCOPY T0 frame=3055 capture=1 bone='NPC Pelvis [Pelv]' skin='clothes' root='skeleton_female.nif' bone-origin=(0.9,-485.5,2.7) bone-row1=(0.058,0.990,0.125) witness='NPC L Toe0 [LToe]' witness-radius=23.89 subtree-nodes=219
[22:40:58.334] [38908] [I] SCOPY T1 frame=3055 bone-row1=(0.068,0.997,-0.049) orientation-delta-deg=10.0 witness-moved=4.16 moved-range=[0.28,4.16] slot=10 buffer-pre=sampled pre-rel=swung probe-effective=true
[22:40:58.334] [38908] [I] SCOPY T2 frame=3055 pass-geometry='clothes' numMatrices=31 frameID=3324 buffer-submit=sampled changed-since-T1=false submit-rel=swung
[22:40:58.334] [38908] [I] SCOPY T3 frame=3055 drawn=23 buffer-after-draw=sampled changed-since-T2=true final-rel=swung node-row1=(0.068,0.997,-0.049)
[22:40:58.334] [38908] [I] SCOPY T1c frame=3055 buffer=current slot=10 closest=bind(2.06) next=bind-T(2.06) | buffer=previous slot=10 closest=bind(2.05) next=bind-T(2.05)
[22:40:58.334] [38908] [I] SCOPY T3c frame=3055 buffer=current slot=10 closest=bind(2.07) next=bind-T(2.07) | buffer=previous slot=10 closest=bind(2.06) next=bind-T(2.06)
[22:40:58.547] [38908] [I] SCOPY T0 frame=3063 capture=1 bone='NPC Pelvis [Pelv]' skin='clothes' root='skeleton_female.nif' bone-origin=(0.9,-485.5,2.7) bone-row1=(0.058,0.990,0.125) witness='NPC L Toe0 [LToe]' witness-radius=23.89 subtree-nodes=219
[22:40:58.547] [38908] [I] SCOPY T1 frame=3063 bone-row1=(0.072,0.988,-0.136) orientation-delta-deg=15.0 witness-moved=6.24 moved-range=[0.28,6.24] slot=10 buffer-pre=sampled pre-rel=swung probe-effective=true
[22:40:58.547] [38908] [I] SCOPY T2 frame=3063 pass-geometry='clothes' numMatrices=31 frameID=3332 buffer-submit=sampled changed-since-T1=false submit-rel=swung
[22:40:58.547] [38908] [I] SCOPY T3 frame=3063 drawn=23 buffer-after-draw=sampled changed-since-T2=true final-rel=swung node-row1=(0.072,0.988,-0.136)
[22:40:58.547] [38908] [I] SCOPY T1c frame=3063 buffer=current slot=10 closest=bind(2.13) next=bind-T(2.13) | buffer=previous slot=10 closest=bind(2.12) next=bind-T(2.12)
[22:40:58.547] [38908] [I] SCOPY T3c frame=3063 buffer=current slot=10 closest=bind(2.14) next=bind-T(2.14) | buffer=previous slot=10 closest=bind(2.13) next=bind-T(2.13)
[22:40:58.769] [38908] [I] SCOPY T0 frame=3071 capture=1 bone='NPC Pelvis [Pelv]' skin='clothes' root='skeleton_female.nif' bone-origin=(0.9,-485.5,2.7) bone-row1=(0.058,0.990,0.125) witness='NPC L Toe0 [LToe]' witness-radius=23.89 subtree-nodes=219
[22:40:58.769] [38908] [I] SCOPY T1 frame=3071 bone-row1=(0.075,0.974,-0.216) orientation-delta-deg=19.7 witness-moved=8.16 moved-range=[0.28,8.16] slot=10 buffer-pre=sampled pre-rel=swung probe-effective=true
[22:40:58.769] [38908] [I] SCOPY T2 frame=3071 pass-geometry='clothes' numMatrices=31 frameID=3340 buffer-submit=sampled changed-since-T1=false submit-rel=swung
[22:40:58.769] [38908] [I] SCOPY T3 frame=3071 drawn=23 buffer-after-draw=sampled changed-since-T2=true final-rel=swung node-row1=(0.075,0.974,-0.216)
[22:40:58.769] [38908] [I] SCOPY T1c frame=3071 buffer=current slot=10 closest=bind(2.19) next=bind-T(2.19) | buffer=previous slot=10 closest=bind(2.19) next=bind-T(2.19)
[22:40:58.769] [38908] [I] SCOPY T3c frame=3071 buffer=current slot=10 closest=bind(2.20) next=bind-T(2.20) | buffer=previous slot=10 closest=bind(2.19) next=bind-T(2.19)
[22:40:58.979] [38908] [I] SCOPY T0 frame=3079 capture=1 bone='NPC Pelvis [Pelv]' skin='clothes' root='skeleton_female.nif' bone-origin=(0.9,-485.5,2.7) bone-row1=(0.058,0.990,0.125) witness='NPC L Toe0 [LToe]' witness-radius=23.89 subtree-nodes=219
[22:40:58.979] [38908] [I] SCOPY T1 frame=3079 bone-row1=(0.077,0.955,-0.286) orientation-delta-deg=23.8 witness-moved=9.87 moved-range=[0.28,9.87] slot=10 buffer-pre=sampled pre-rel=swung probe-effective=true
[22:40:58.979] [38908] [I] SCOPY T2 frame=3079 pass-geometry='clothes' numMatrices=31 frameID=3348 buffer-submit=sampled changed-since-T1=false submit-rel=swung
[22:40:58.979] [38908] [I] SCOPY T3 frame=3079 drawn=23 buffer-after-draw=sampled changed-since-T2=true final-rel=swung node-row1=(0.077,0.955,-0.286)
[22:40:58.979] [38908] [I] SCOPY T1c frame=3079 buffer=current slot=10 closest=bind(2.25) next=bind-T(2.25) | buffer=previous slot=10 closest=bind(2.25) next=bind-T(2.25)
[22:40:58.979] [38908] [I] SCOPY T3c frame=3079 buffer=current slot=10 closest=bind(2.26) next=bind-T(2.26) | buffer=previous slot=10 closest=bind(2.25) next=bind-T(2.25)
[22:40:59.202] [38908] [I] SCOPY T0 frame=3087 capture=1 bone='NPC Pelvis [Pelv]' skin='clothes' root='skeleton_female.nif' bone-origin=(0.9,-485.5,2.7) bone-row1=(0.058,0.990,0.125) witness='NPC L Toe0 [LToe]' witness-radius=23.89 subtree-nodes=219
[22:40:59.202] [38908] [I] SCOPY T1 frame=3087 bone-row1=(0.079,0.935,-0.345) orientation-delta-deg=27.4 witness-moved=11.32 moved-range=[0.28,11.32] slot=10 buffer-pre=sampled pre-rel=swung probe-effective=true
[22:40:59.202] [38908] [I] SCOPY T2 frame=3087 pass-geometry='clothes' numMatrices=31 frameID=3356 buffer-submit=sampled changed-since-T1=false submit-rel=swung
[22:40:59.202] [38908] [I] SCOPY T3 frame=3087 drawn=23 buffer-after-draw=sampled changed-since-T2=true final-rel=swung node-row1=(0.079,0.935,-0.345)
[22:40:59.202] [38908] [I] SCOPY T1c frame=3087 buffer=current slot=10 closest=bone-captured-T(2.29) next=bind(2.31) | buffer=previous slot=10 closest=bone-captured-T(2.30) next=bind(2.30)
[22:40:59.202] [38908] [I] SCOPY T3c frame=3087 buffer=current slot=10 closest=bone-captured-T(2.29) next=bind(2.32) | buffer=previous slot=10 closest=bone-captured-T(2.29) next=bind(2.31)
[22:40:59.414] [38908] [I] SCOPY T0 frame=3095 capture=1 bone='NPC Pelvis [Pelv]' skin='clothes' root='skeleton_female.nif' bone-origin=(0.9,-485.5,2.7) bone-row1=(0.058,0.990,0.125) witness='NPC L Toe0 [LToe]' witness-radius=23.89 subtree-nodes=219
[22:40:59.414] [38908] [I] SCOPY T1 frame=3095 bone-row1=(0.080,0.916,-0.392) orientation-delta-deg=30.3 witness-moved=12.50 moved-range=[0.28,12.50] slot=10 buffer-pre=sampled pre-rel=swung probe-effective=true
[22:40:59.414] [38908] [I] SCOPY T2 frame=3095 pass-geometry='clothes' numMatrices=31 frameID=3364 buffer-submit=sampled changed-since-T1=false submit-rel=swung
[22:40:59.414] [38908] [I] SCOPY T3 frame=3095 drawn=23 buffer-after-draw=sampled changed-since-T2=true final-rel=swung node-row1=(0.080,0.916,-0.392)
[22:40:59.414] [38908] [I] SCOPY T1c frame=3095 buffer=current slot=10 closest=bone-captured-T(2.32) next=bind(2.36) | buffer=previous slot=10 closest=bone-captured-T(2.32) next=bind(2.35)
[22:40:59.414] [38908] [I] SCOPY T3c frame=3095 buffer=current slot=10 closest=bone-captured-T(2.33) next=bind(2.36) | buffer=previous slot=10 closest=bone-captured-T(2.32) next=bind(2.36)
[22:40:59.626] [38908] [I] SCOPY T0 frame=3103 capture=1 bone='NPC Pelvis [Pelv]' skin='clothes' root='skeleton_female.nif' bone-origin=(0.9,-485.5,2.7) bone-row1=(0.058,0.990,0.125) witness='NPC L Toe0 [LToe]' witness-radius=23.89 subtree-nodes=219
[22:40:59.626] [38908] [I] SCOPY T1 frame=3103 bone-row1=(0.081,0.901,-0.427) orientation-delta-deg=32.5 witness-moved=13.36 moved-range=[0.28,13.36] slot=10 buffer-pre=sampled pre-rel=swung probe-effective=true
[22:40:59.626] [38908] [I] SCOPY T2 frame=3103 pass-geometry='clothes' numMatrices=31 frameID=3372 buffer-submit=sampled changed-since-T1=false submit-rel=swung
[22:40:59.626] [38908] [I] SCOPY T3 frame=3103 drawn=23 buffer-after-draw=sampled changed-since-T2=true final-rel=swung node-row1=(0.081,0.901,-0.427)
[22:40:59.626] [38908] [I] SCOPY T1c frame=3103 buffer=current slot=10 closest=bone-captured-T(2.36) next=bind(2.39) | buffer=previous slot=10 closest=bone-captured-T(2.35) next=bind(2.39)
[22:40:59.626] [38908] [I] SCOPY T3c frame=3103 buffer=current slot=10 closest=bone-captured-T(2.36) next=bind(2.40) | buffer=previous slot=10 closest=bone-captured-T(2.36) next=bind(2.39)
[22:40:59.838] [38908] [I] SCOPY T0 frame=3111 capture=1 bone='NPC Pelvis [Pelv]' skin='clothes' root='skeleton_female.nif' bone-origin=(0.9,-485.5,2.7) bone-row1=(0.058,0.990,0.125) witness='NPC L Toe0 [LToe]' witness-radius=23.89 subtree-nodes=219
[22:40:59.838] [38908] [I] SCOPY T1 frame=3111 bone-row1=(0.082,0.890,-0.448) orientation-delta-deg=33.8 witness-moved=13.91 moved-range=[0.28,13.91] slot=10 buffer-pre=sampled pre-rel=swung probe-effective=true
[22:40:59.838] [38908] [I] SCOPY T2 frame=3111 pass-geometry='clothes' numMatrices=31 frameID=3380 buffer-submit=sampled changed-since-T1=false submit-rel=swung
[22:40:59.838] [38908] [I] SCOPY T3 frame=3111 drawn=23 buffer-after-draw=sampled changed-since-T2=true final-rel=swung node-row1=(0.082,0.890,-0.448)
[22:40:59.838] [38908] [I] SCOPY T1c frame=3111 buffer=current slot=10 closest=bone-captured-T(2.38) next=bind(2.42) | buffer=previous slot=10 closest=bone-captured-T(2.38) next=bind(2.41)
[22:40:59.838] [38908] [I] SCOPY T3c frame=3111 buffer=current slot=10 closest=bone-captured-T(2.38) next=bind(2.42) | buffer=previous slot=10 closest=bone-captured-T(2.38) next=bind(2.42)
[22:41:00.048] [38908] [I] SCOPY T0 frame=3119 capture=1 bone='NPC Pelvis [Pelv]' skin='clothes' root='skeleton_female.nif' bone-origin=(0.9,-485.5,2.7) bone-row1=(0.058,0.990,0.125) witness='NPC L Toe0 [LToe]' witness-radius=23.89 subtree-nodes=219
[22:41:00.048] [38908] [I] SCOPY T1 frame=3119 bone-row1=(0.082,0.886,-0.456) orientation-delta-deg=34.4 witness-moved=14.12 moved-range=[0.28,14.12] slot=10 buffer-pre=sampled pre-rel=swung probe-effective=true
[22:41:00.048] [38908] [I] SCOPY T2 frame=3119 pass-geometry='clothes' numMatrices=31 frameID=3388 buffer-submit=sampled changed-since-T1=false submit-rel=swung
[22:41:00.048] [38908] [I] SCOPY T3 frame=3119 drawn=23 buffer-after-draw=sampled changed-since-T2=true final-rel=swung node-row1=(0.082,0.886,-0.456)
[22:41:00.048] [38908] [I] SCOPY T1c frame=3119 buffer=current slot=10 closest=bone-captured-T(2.39) next=bind(2.43) | buffer=previous slot=10 closest=bone-captured-T(2.39) next=bind(2.42)
[22:41:00.048] [38908] [I] SCOPY T3c frame=3119 buffer=current slot=10 closest=bone-captured-T(2.39) next=bind(2.43) | buffer=previous slot=10 closest=bone-captured-T(2.39) next=bind(2.43)
[22:41:00.276] [38908] [I] SCOPY T0 frame=3127 capture=1 bone='NPC Pelvis [Pelv]' skin='clothes' root='skeleton_female.nif' bone-origin=(0.9,-485.5,2.7) bone-row1=(0.058,0.990,0.125) witness='NPC L Toe0 [LToe]' witness-radius=23.89 subtree-nodes=219
[22:41:00.276] [38908] [I] SCOPY T1 frame=3127 bone-row1=(0.082,0.889,-0.451) orientation-delta-deg=34.1 witness-moved=13.99 moved-range=[0.28,14.12] slot=10 buffer-pre=sampled pre-rel=swung probe-effective=true
[22:41:00.276] [38908] [I] SCOPY T2 frame=3127 pass-geometry='clothes' numMatrices=31 frameID=3396 buffer-submit=sampled changed-since-T1=false submit-rel=swung
[22:41:00.276] [38908] [I] SCOPY T3 frame=3127 drawn=23 buffer-after-draw=sampled changed-since-T2=true final-rel=swung node-row1=(0.082,0.889,-0.451)
[22:41:00.276] [38908] [I] SCOPY T1c frame=3127 buffer=current slot=10 closest=bone-captured-T(2.39) next=bind(2.42) | buffer=previous slot=10 closest=bone-captured-T(2.39) next=bind(2.42)
[22:41:00.276] [38908] [I] SCOPY T3c frame=3127 buffer=current slot=10 closest=bone-captured-T(2.39) next=bind(2.42) | buffer=previous slot=10 closest=bone-captured-T(2.39) next=bind(2.42)
[22:41:00.498] [38908] [I] SCOPY T0 frame=3135 capture=1 bone='NPC Pelvis [Pelv]' skin='clothes' root='skeleton_female.nif' bone-origin=(0.9,-485.5,2.7) bone-row1=(0.058,0.990,0.125) witness='NPC L Toe0 [LToe]' witness-radius=23.89 subtree-nodes=219
[22:41:00.498] [38908] [I] SCOPY T1 frame=3135 bone-row1=(0.081,0.898,-0.433) orientation-delta-deg=32.9 witness-moved=13.53 moved-range=[0.28,14.12] slot=10 buffer-pre=sampled pre-rel=swung probe-effective=true
[22:41:00.498] [38908] [I] SCOPY T2 frame=3135 pass-geometry='clothes' numMatrices=31 frameID=3404 buffer-submit=sampled changed-since-T1=false submit-rel=swung
[22:41:00.498] [38908] [I] SCOPY T3 frame=3135 drawn=23 buffer-after-draw=sampled changed-since-T2=true final-rel=swung node-row1=(0.081,0.898,-0.433)
[22:41:00.498] [38908] [I] SCOPY T1c frame=3135 buffer=current slot=10 closest=bone-captured-T(2.37) next=bind(2.41) | buffer=previous slot=10 closest=bone-captured-T(2.37) next=bind(2.41)
[22:41:00.498] [38908] [I] SCOPY T3c frame=3135 buffer=current slot=10 closest=bone-captured-T(2.37) next=bind(2.40) | buffer=previous slot=10 closest=bone-captured-T(2.37) next=bind(2.41)
[22:41:00.720] [38908] [I] SCOPY T0 frame=3143 capture=1 bone='NPC Pelvis [Pelv]' skin='clothes' root='skeleton_female.nif' bone-origin=(0.9,-485.5,2.7) bone-row1=(0.058,0.990,0.125) witness='NPC L Toe0 [LToe]' witness-radius=23.89 subtree-nodes=219
[22:41:00.720] [38908] [I] SCOPY T1 frame=3143 bone-row1=(0.081,0.912,-0.402) orientation-delta-deg=30.9 witness-moved=12.74 moved-range=[0.28,14.12] slot=10 buffer-pre=sampled pre-rel=swung probe-effective=true
[22:41:00.720] [38908] [I] SCOPY T2 frame=3143 pass-geometry='clothes' numMatrices=31 frameID=3412 buffer-submit=sampled changed-since-T1=false submit-rel=swung
[22:41:00.720] [38908] [I] SCOPY T3 frame=3143 drawn=23 buffer-after-draw=sampled changed-since-T2=true final-rel=swung node-row1=(0.081,0.912,-0.402)
[22:41:00.720] [38908] [I] SCOPY T1c frame=3143 buffer=current slot=10 closest=bone-captured-T(2.34) next=bind(2.38) | buffer=previous slot=10 closest=bone-captured-T(2.35) next=bind(2.38)
[22:41:00.720] [38908] [I] SCOPY T3c frame=3143 buffer=current slot=10 closest=bone-captured-T(2.34) next=bind(2.37) | buffer=previous slot=10 closest=bone-captured-T(2.34) next=bind(2.38)
[22:41:00.932] [38908] [I] SCOPY T0 frame=3151 capture=1 bone='NPC Pelvis [Pelv]' skin='clothes' root='skeleton_female.nif' bone-origin=(0.9,-485.5,2.7) bone-row1=(0.058,0.990,0.125) witness='NPC L Toe0 [LToe]' witness-radius=23.89 subtree-nodes=219
[22:41:00.932] [38908] [I] SCOPY T1 frame=3151 bone-row1=(0.080,0.930,-0.358) orientation-delta-deg=28.2 witness-moved=11.64 moved-range=[0.28,14.12] slot=10 buffer-pre=sampled pre-rel=swung probe-effective=true
[22:41:00.932] [38908] [I] SCOPY T2 frame=3151 pass-geometry='clothes' numMatrices=31 frameID=3420 buffer-submit=sampled changed-since-T1=false submit-rel=swung
[22:41:00.932] [38908] [I] SCOPY T3 frame=3151 drawn=23 buffer-after-draw=sampled changed-since-T2=true final-rel=swung node-row1=(0.080,0.930,-0.358)
[22:41:00.932] [38908] [I] SCOPY T1c frame=3151 buffer=current slot=10 closest=bone-captured-T(2.30) next=bind(2.33) | buffer=previous slot=10 closest=bone-captured-T(2.31) next=bind(2.34)
[22:41:00.932] [38908] [I] SCOPY T3c frame=3151 buffer=current slot=10 closest=bone-captured-T(2.30) next=bind(2.33) | buffer=previous slot=10 closest=bone-captured-T(2.30) next=bind(2.33)
[22:41:01.147] [38908] [I] SCOPY T0 frame=3159 capture=1 bone='NPC Pelvis [Pelv]' skin='clothes' root='skeleton_female.nif' bone-origin=(0.9,-485.5,2.7) bone-row1=(0.058,0.990,0.125) witness='NPC L Toe0 [LToe]' witness-radius=23.89 subtree-nodes=219
[22:41:01.147] [38908] [I] SCOPY T1 frame=3159 bone-row1=(0.078,0.950,-0.302) orientation-delta-deg=24.8 witness-moved=10.25 moved-range=[0.28,14.12] slot=10 buffer-pre=sampled pre-rel=swung probe-effective=true
[22:41:01.147] [38908] [I] SCOPY T2 frame=3159 pass-geometry='clothes' numMatrices=31 frameID=3428 buffer-submit=sampled changed-since-T1=false submit-rel=swung
[22:41:01.147] [38908] [I] SCOPY T3 frame=3159 drawn=23 buffer-after-draw=sampled changed-since-T2=true final-rel=swung node-row1=(0.078,0.950,-0.302)
[22:41:01.147] [38908] [I] SCOPY T1c frame=3159 buffer=current slot=10 closest=bind(2.28) next=bind-T(2.28) | buffer=previous slot=10 closest=bind(2.29) next=bind-T(2.29)
[22:41:01.147] [38908] [I] SCOPY T3c frame=3159 buffer=current slot=10 closest=bind(2.28) next=bind-T(2.28) | buffer=previous slot=10 closest=bind(2.28) next=bind-T(2.28)
[22:41:01.359] [38908] [I] SCOPY T0 frame=3167 capture=1 bone='NPC Pelvis [Pelv]' skin='clothes' root='skeleton_female.nif' bone-origin=(0.9,-485.5,2.7) bone-row1=(0.058,0.990,0.125) witness='NPC L Toe0 [LToe]' witness-radius=23.89 subtree-nodes=219
[22:41:01.359] [38908] [I] SCOPY T1 frame=3167 bone-row1=(0.076,0.969,-0.234) orientation-delta-deg=20.7 witness-moved=8.61 moved-range=[0.28,14.12] slot=10 buffer-pre=sampled pre-rel=swung probe-effective=true
[22:41:01.359] [38908] [I] SCOPY T2 frame=3167 pass-geometry='clothes' numMatrices=31 frameID=3436 buffer-submit=sampled changed-since-T1=false submit-rel=swung
[22:41:01.359] [38908] [I] SCOPY T3 frame=3167 drawn=23 buffer-after-draw=sampled changed-since-T2=true final-rel=swung node-row1=(0.076,0.969,-0.234)
[22:41:01.359] [38908] [I] SCOPY T1c frame=3167 buffer=current slot=10 closest=bind(2.22) next=bind-T(2.22) | buffer=previous slot=10 closest=bind(2.23) next=bind-T(2.23)
[22:41:01.359] [38908] [I] SCOPY T3c frame=3167 buffer=current slot=10 closest=bind(2.22) next=bind-T(2.22) | buffer=previous slot=10 closest=bind(2.22) next=bind-T(2.22)
[22:41:01.550] [38908] [I] Clone draw: passes=23 rd-null=23 lights=3 | geoms=23 skinned=23 roots=2 num-mat=331 bone-count=331 bound=331
[22:41:01.550] [38908] [I] SCOPY DRAW frame=361 passes=23 lights=true animation-driver=none physics-driver=none
[22:41:01.576] [38908] [I] SCOPY T0 frame=3175 capture=1 bone='NPC Pelvis [Pelv]' skin='clothes' root='skeleton_female.nif' bone-origin=(0.9,-485.5,2.7) bone-row1=(0.058,0.990,0.125) witness='NPC L Toe0 [LToe]' witness-radius=23.89 subtree-nodes=219
[22:41:01.576] [38908] [I] SCOPY T1 frame=3175 bone-row1=(0.073,0.985,-0.156) orientation-delta-deg=16.2 witness-moved=6.74 moved-range=[0.28,14.12] slot=10 buffer-pre=sampled pre-rel=swung probe-effective=true
[22:41:01.576] [38908] [I] SCOPY T2 frame=3175 pass-geometry='clothes' numMatrices=31 frameID=3444 buffer-submit=sampled changed-since-T1=false submit-rel=swung
[22:41:01.576] [38908] [I] SCOPY T3 frame=3175 drawn=23 buffer-after-draw=sampled changed-since-T2=true final-rel=swung node-row1=(0.073,0.985,-0.156)
[22:41:01.576] [38908] [I] SCOPY T1c frame=3175 buffer=current slot=10 closest=bind(2.16) next=bind-T(2.16) | buffer=previous slot=10 closest=bind(2.17) next=bind-T(2.17)
[22:41:01.576] [38908] [I] SCOPY T3c frame=3175 buffer=current slot=10 closest=bind(2.15) next=bind-T(2.15) | buffer=previous slot=10 closest=bind(2.16) next=bind-T(2.16)
[22:41:01.788] [38908] [I] SCOPY T0 frame=3183 capture=1 bone='NPC Pelvis [Pelv]' skin='clothes' root='skeleton_female.nif' bone-origin=(0.9,-485.5,2.7) bone-row1=(0.058,0.990,0.125) witness='NPC L Toe0 [LToe]' witness-radius=23.89 subtree-nodes=219
[22:41:01.788] [38908] [I] SCOPY T1 frame=3183 bone-row1=(0.069,0.995,-0.071) orientation-delta-deg=11.3 witness-moved=4.69 moved-range=[0.28,14.12] slot=10 buffer-pre=sampled pre-rel=swung probe-effective=true
[22:41:01.788] [38908] [I] SCOPY T2 frame=3183 pass-geometry='clothes' numMatrices=31 frameID=3452 buffer-submit=sampled changed-since-T1=false submit-rel=swung
[22:41:01.788] [38908] [I] SCOPY T3 frame=3183 drawn=23 buffer-after-draw=sampled changed-since-T2=true final-rel=swung node-row1=(0.069,0.995,-0.071)
[22:41:01.788] [38908] [I] SCOPY T1c frame=3183 buffer=current slot=10 closest=bind(2.09) next=bind-T(2.09) | buffer=previous slot=10 closest=bind(2.10) next=bind-T(2.10)
[22:41:01.788] [38908] [I] SCOPY T3c frame=3183 buffer=current slot=10 closest=bind(2.09) next=bind-T(2.09) | buffer=previous slot=10 closest=bind(2.09) next=bind-T(2.09)
[22:41:02.004] [38908] [I] SCOPY T0 frame=3191 capture=1 bone='NPC Pelvis [Pelv]' skin='clothes' root='skeleton_female.nif' bone-origin=(0.9,-485.5,2.7) bone-row1=(0.058,0.990,0.125) witness='NPC L Toe0 [LToe]' witness-radius=23.89 subtree-nodes=219
[22:41:02.004] [38908] [I] SCOPY T1 frame=3191 bone-row1=(0.064,0.998,0.020) orientation-delta-deg=6.0 witness-moved=2.52 moved-range=[0.28,14.12] slot=10 buffer-pre=sampled pre-rel=swung probe-effective=true
[22:41:02.004] [38908] [I] SCOPY T2 frame=3191 pass-geometry='clothes' numMatrices=31 frameID=3460 buffer-submit=sampled changed-since-T1=false submit-rel=swung
[22:41:02.004] [38908] [I] SCOPY T3 frame=3191 drawn=23 buffer-after-draw=sampled changed-since-T2=true final-rel=swung node-row1=(0.064,0.998,0.020)
[22:41:02.004] [38908] [I] SCOPY T1c frame=3191 buffer=current slot=10 closest=bind(2.04) next=bind-T(2.04) | buffer=previous slot=10 closest=bind(2.04) next=bind-T(2.04)
[22:41:02.004] [38908] [I] SCOPY T3c frame=3191 buffer=current slot=10 closest=bind(2.05) next=bind-T(2.05) | buffer=previous slot=10 closest=bind(2.04) next=bind-T(2.04)
[22:41:02.220] [38908] [I] SCOPY T0 frame=3199 capture=1 bone='NPC Pelvis [Pelv]' skin='clothes' root='skeleton_female.nif' bone-origin=(0.9,-485.5,2.7) bone-row1=(0.058,0.990,0.125) witness='NPC L Toe0 [LToe]' witness-radius=23.89 subtree-nodes=219
[22:41:02.220] [38908] [I] SCOPY T1 frame=3199 bone-row1=(0.059,0.992,0.113) orientation-delta-deg=0.7 witness-moved=0.28 moved-range=[0.28,14.12] slot=10 buffer-pre=sampled pre-rel=swung probe-effective=true
[22:41:02.220] [38908] [I] SCOPY T2 frame=3199 pass-geometry='clothes' numMatrices=31 frameID=3468 buffer-submit=sampled changed-since-T1=false submit-rel=swung
[22:41:02.220] [38908] [I] SCOPY T3 frame=3199 drawn=23 buffer-after-draw=sampled changed-since-T2=true final-rel=swung node-row1=(0.059,0.992,0.113)
[22:41:02.220] [38908] [I] SCOPY T1c frame=3199 buffer=current slot=10 closest=bind(2.11) next=bind-T(2.11) | buffer=previous slot=10 closest=bind(2.10) next=bind-T(2.10)
[22:41:02.220] [38908] [I] SCOPY T3c frame=3199 buffer=current slot=10 closest=bind(2.12) next=bind-T(2.12) | buffer=previous slot=10 closest=bind(2.11) next=bind-T(2.11)
[22:41:02.440] [38908] [I] SCOPY T0 frame=3207 capture=1 bone='NPC Pelvis [Pelv]' skin='clothes' root='skeleton_female.nif' bone-origin=(0.9,-485.5,2.7) bone-row1=(0.058,0.990,0.125) witness='NPC L Toe0 [LToe]' witness-radius=23.89 subtree-nodes=219
[22:41:02.440] [38908] [I] SCOPY T1 frame=3207 bone-row1=(0.053,0.977,0.206) orientation-delta-deg=4.7 witness-moved=1.96 moved-range=[0.28,14.12] slot=10 buffer-pre=sampled pre-rel=captured probe-effective=true
[22:41:02.440] [38908] [I] SCOPY T2 frame=3207 pass-geometry='clothes' numMatrices=31 frameID=3476 buffer-submit=sampled changed-since-T1=false submit-rel=captured
[22:41:02.440] [38908] [I] SCOPY T3 frame=3207 drawn=23 buffer-after-draw=sampled changed-since-T2=true final-rel=captured node-row1=(0.053,0.977,0.206)
[22:41:02.440] [38908] [I] SCOPY T1c frame=3207 buffer=current slot=10 closest=bind(2.18) next=bind-T(2.18) | buffer=previous slot=10 closest=bind(2.17) next=bind-T(2.17)
[22:41:02.440] [38908] [I] SCOPY T3c frame=3207 buffer=current slot=10 closest=bind(2.19) next=bind-T(2.19) | buffer=previous slot=10 closest=bind(2.18) next=bind-T(2.18)
[22:41:02.654] [38908] [I] SCOPY T0 frame=3215 capture=1 bone='NPC Pelvis [Pelv]' skin='clothes' root='skeleton_female.nif' bone-origin=(0.9,-485.5,2.7) bone-row1=(0.058,0.990,0.125) witness='NPC L Toe0 [LToe]' witness-radius=23.89 subtree-nodes=219
[22:41:02.654] [38908] [I] SCOPY T1 frame=3215 bone-row1=(0.047,0.954,0.295) orientation-delta-deg=10.0 witness-moved=4.16 moved-range=[0.28,14.12] slot=10 buffer-pre=sampled pre-rel=captured probe-effective=true
[22:41:02.654] [38908] [I] SCOPY T2 frame=3215 pass-geometry='clothes' numMatrices=31 frameID=3484 buffer-submit=sampled changed-since-T1=false submit-rel=captured
[22:41:02.654] [38908] [I] SCOPY T3 frame=3215 drawn=23 buffer-after-draw=sampled changed-since-T2=true final-rel=captured node-row1=(0.047,0.954,0.295)
[22:41:02.654] [38908] [I] SCOPY T1c frame=3215 buffer=current slot=10 closest=bone-captured(2.16) next=captured-x-bind(2.16) | buffer=previous slot=10 closest=bone-captured(2.17) next=captured-x-bind(2.17)
[22:41:02.654] [38908] [I] SCOPY T3c frame=3215 buffer=current slot=10 closest=bone-captured(2.16) next=captured-x-bind(2.16) | buffer=previous slot=10 closest=bone-captured(2.16) next=captured-x-bind(2.16)
[22:41:02.873] [38908] [I] SCOPY T0 frame=3223 capture=1 bone='NPC Pelvis [Pelv]' skin='clothes' root='skeleton_female.nif' bone-origin=(0.9,-485.5,2.7) bone-row1=(0.058,0.990,0.125) witness='NPC L Toe0 [LToe]' witness-radius=23.89 subtree-nodes=219
[22:41:02.873] [38908] [I] SCOPY T1 frame=3223 bone-row1=(0.041,0.925,0.377) orientation-delta-deg=15.0 witness-moved=6.24 moved-range=[0.28,14.12] slot=10 buffer-pre=sampled pre-rel=captured probe-effective=true
[22:41:02.873] [38908] [I] SCOPY T2 frame=3223 pass-geometry='clothes' numMatrices=31 frameID=3492 buffer-submit=sampled changed-since-T1=false submit-rel=captured
[22:41:02.873] [38908] [I] SCOPY T3 frame=3223 drawn=23 buffer-after-draw=sampled changed-since-T2=true final-rel=captured node-row1=(0.041,0.925,0.377)
[22:41:02.873] [38908] [I] SCOPY T1c frame=3223 buffer=current slot=10 closest=bone-captured(2.14) next=captured-x-bind(2.14) | buffer=previous slot=10 closest=bone-captured(2.13) next=captured-x-bind(2.13)
[22:41:02.873] [38908] [I] SCOPY T3c frame=3223 buffer=current slot=10 closest=bone-captured(2.15) next=captured-x-bind(2.15) | buffer=previous slot=10 closest=bone-captured(2.14) next=captured-x-bind(2.14)
[22:41:03.086] [38908] [I] SCOPY T0 frame=3231 capture=1 bone='NPC Pelvis [Pelv]' skin='clothes' root='skeleton_female.nif' bone-origin=(0.9,-485.5,2.7) bone-row1=(0.058,0.990,0.125) witness='NPC L Toe0 [LToe]' witness-radius=23.89 subtree-nodes=219
[22:41:03.086] [38908] [I] SCOPY T1 frame=3231 bone-row1=(0.035,0.892,0.451) orientation-delta-deg=19.7 witness-moved=8.16 moved-range=[0.28,14.12] slot=10 buffer-pre=sampled pre-rel=captured probe-effective=true
[22:41:03.086] [38908] [I] SCOPY T2 frame=3231 pass-geometry='clothes' numMatrices=31 frameID=3500 buffer-submit=sampled changed-since-T1=false submit-rel=captured
[22:41:03.086] [38908] [I] SCOPY T3 frame=3231 drawn=23 buffer-after-draw=sampled changed-since-T2=true final-rel=captured node-row1=(0.035,0.892,0.451)
[22:41:03.086] [38908] [I] SCOPY T1c frame=3231 buffer=current slot=10 closest=bone-captured(2.22) next=captured-x-bind(2.22) | buffer=previous slot=10 closest=bone-captured(2.21) next=captured-x-bind(2.21)
[22:41:03.086] [38908] [I] SCOPY T3c frame=3231 buffer=current slot=10 closest=bone-captured(2.23) next=captured-x-bind(2.23) | buffer=previous slot=10 closest=bone-captured(2.22) next=captured-x-bind(2.22)
[22:41:03.295] [38908] [I] SCOPY T0 frame=3239 capture=1 bone='NPC Pelvis [Pelv]' skin='clothes' root='skeleton_female.nif' bone-origin=(0.9,-485.5,2.7) bone-row1=(0.058,0.990,0.125) witness='NPC L Toe0 [LToe]' witness-radius=23.89 subtree-nodes=219
[22:41:03.295] [38908] [I] SCOPY T1 frame=3239 bone-row1=(0.029,0.857,0.515) orientation-delta-deg=23.8 witness-moved=9.87 moved-range=[0.28,14.12] slot=10 buffer-pre=sampled pre-rel=captured probe-effective=true
[22:41:03.295] [38908] [I] SCOPY T2 frame=3239 pass-geometry='clothes' numMatrices=31 frameID=3508 buffer-submit=sampled changed-since-T1=false submit-rel=captured
[22:41:03.295] [38908] [I] SCOPY T3 frame=3239 drawn=23 buffer-after-draw=sampled changed-since-T2=true final-rel=captured node-row1=(0.029,0.857,0.515)
[22:41:03.295] [38908] [I] SCOPY T1c frame=3239 buffer=current slot=10 closest=bone-captured(2.29) next=captured-x-bind(2.29) | buffer=previous slot=10 closest=bone-captured(2.28) next=captured-x-bind(2.28)
[22:41:03.295] [38908] [I] SCOPY T3c frame=3239 buffer=current slot=10 closest=bone-captured(2.30) next=captured-x-bind(2.30) | buffer=previous slot=10 closest=bone-captured(2.29) next=captured-x-bind(2.29)
[22:41:03.510] [38908] [I] SCOPY T0 frame=3247 capture=1 bone='NPC Pelvis [Pelv]' skin='clothes' root='skeleton_female.nif' bone-origin=(0.9,-485.5,2.7) bone-row1=(0.058,0.990,0.125) witness='NPC L Toe0 [LToe]' witness-radius=23.89 subtree-nodes=219
[22:41:03.510] [38908] [I] SCOPY T1 frame=3247 bone-row1=(0.024,0.823,0.567) orientation-delta-deg=27.4 witness-moved=11.32 moved-range=[0.28,14.12] slot=10 buffer-pre=sampled pre-rel=captured probe-effective=true
[22:41:03.510] [38908] [I] SCOPY T2 frame=3247 pass-geometry='clothes' numMatrices=31 frameID=3516 buffer-submit=sampled changed-since-T1=false submit-rel=captured
[22:41:03.510] [38908] [I] SCOPY T3 frame=3247 drawn=23 buffer-after-draw=sampled changed-since-T2=true final-rel=captured node-row1=(0.024,0.823,0.567)
[22:41:03.510] [38908] [I] SCOPY T1c frame=3247 buffer=current slot=10 closest=bone-captured(2.35) next=captured-x-bind(2.35) | buffer=previous slot=10 closest=bone-captured(2.35) next=captured-x-bind(2.35)
[22:41:03.510] [38908] [I] SCOPY T3c frame=3247 buffer=current slot=10 closest=bone-captured(2.36) next=captured-x-bind(2.36) | buffer=previous slot=10 closest=bone-captured(2.35) next=captured-x-bind(2.35)
[22:41:03.726] [38908] [I] SCOPY T0 frame=3255 capture=1 bone='NPC Pelvis [Pelv]' skin='clothes' root='skeleton_female.nif' bone-origin=(0.9,-485.5,2.7) bone-row1=(0.058,0.990,0.125) witness='NPC L Toe0 [LToe]' witness-radius=23.89 subtree-nodes=219
[22:41:03.726] [38908] [I] SCOPY T1 frame=3255 bone-row1=(0.020,0.794,0.608) orientation-delta-deg=30.3 witness-moved=12.50 moved-range=[0.28,14.12] slot=10 buffer-pre=sampled pre-rel=captured probe-effective=true
[22:41:03.726] [38908] [I] SCOPY T2 frame=3255 pass-geometry='clothes' numMatrices=31 frameID=3524 buffer-submit=sampled changed-since-T1=false submit-rel=captured
[22:41:03.726] [38908] [I] SCOPY T3 frame=3255 drawn=23 buffer-after-draw=sampled changed-since-T2=true final-rel=captured node-row1=(0.020,0.794,0.608)
[22:41:03.726] [38908] [I] SCOPY T1c frame=3255 buffer=current slot=10 closest=bone-captured(2.41) next=captured-x-bind(2.41) | buffer=previous slot=10 closest=bone-captured(2.40) next=captured-x-bind(2.40)
[22:41:03.726] [38908] [I] SCOPY T3c frame=3255 buffer=current slot=10 closest=bone-captured(2.41) next=captured-x-bind(2.41) | buffer=previous slot=10 closest=bone-captured(2.41) next=captured-x-bind(2.41)
[22:41:03.947] [38908] [I] SCOPY T0 frame=3263 capture=1 bone='NPC Pelvis [Pelv]' skin='clothes' root='skeleton_female.nif' bone-origin=(0.9,-485.5,2.7) bone-row1=(0.058,0.990,0.125) witness='NPC L Toe0 [LToe]' witness-radius=23.89 subtree-nodes=219
[22:41:03.947] [38908] [I] SCOPY T1 frame=3263 bone-row1=(0.017,0.770,0.637) orientation-delta-deg=32.5 witness-moved=13.36 moved-range=[0.28,14.12] slot=10 buffer-pre=sampled pre-rel=captured probe-effective=true
[22:41:03.947] [38908] [I] SCOPY T2 frame=3263 pass-geometry='clothes' numMatrices=31 frameID=3532 buffer-submit=sampled changed-since-T1=false submit-rel=captured
[22:41:03.947] [38908] [I] SCOPY T3 frame=3263 drawn=23 buffer-after-draw=sampled changed-since-T2=true final-rel=captured node-row1=(0.017,0.770,0.637)
[22:41:03.947] [38908] [I] SCOPY T1c frame=3263 buffer=current slot=10 closest=bone-captured(2.44) next=captured-x-bind(2.44) | buffer=previous slot=10 closest=bone-captured(2.44) next=captured-x-bind(2.44)
[22:41:03.947] [38908] [I] SCOPY T3c frame=3263 buffer=current slot=10 closest=bone-captured(2.45) next=captured-x-bind(2.45) | buffer=previous slot=10 closest=bone-captured(2.44) next=captured-x-bind(2.44)
[22:41:04.165] [38908] [I] SCOPY T0 frame=3271 capture=1 bone='NPC Pelvis [Pelv]' skin='clothes' root='skeleton_female.nif' bone-origin=(0.9,-485.5,2.7) bone-row1=(0.058,0.990,0.125) witness='NPC L Toe0 [LToe]' witness-radius=23.89 subtree-nodes=219
[22:41:04.165] [38908] [I] SCOPY T1 frame=3271 bone-row1=(0.015,0.755,0.656) orientation-delta-deg=33.8 witness-moved=13.91 moved-range=[0.28,14.12] slot=10 buffer-pre=sampled pre-rel=captured probe-effective=true
[22:41:04.165] [38908] [I] SCOPY T2 frame=3271 pass-geometry='clothes' numMatrices=31 frameID=3540 buffer-submit=sampled changed-since-T1=false submit-rel=captured
[22:41:04.165] [38908] [I] SCOPY T3 frame=3271 drawn=23 buffer-after-draw=sampled changed-since-T2=true final-rel=captured node-row1=(0.015,0.755,0.656)
[22:41:04.165] [38908] [I] SCOPY T1c frame=3271 buffer=current slot=10 closest=bone-captured(2.47) next=captured-x-bind(2.47) | buffer=previous slot=10 closest=bone-captured(2.47) next=captured-x-bind(2.47)
[22:41:04.165] [38908] [I] SCOPY T3c frame=3271 buffer=current slot=10 closest=bone-captured(2.47) next=captured-x-bind(2.47) | buffer=previous slot=10 closest=bone-captured(2.47) next=captured-x-bind(2.47)
[22:41:04.377] [38908] [I] SCOPY T0 frame=3279 capture=1 bone='NPC Pelvis [Pelv]' skin='clothes' root='skeleton_female.nif' bone-origin=(0.9,-485.5,2.7) bone-row1=(0.058,0.990,0.125) witness='NPC L Toe0 [LToe]' witness-radius=23.89 subtree-nodes=219
[22:41:04.377] [38908] [I] SCOPY T1 frame=3279 bone-row1=(0.014,0.749,0.663) orientation-delta-deg=34.4 witness-moved=14.12 moved-range=[0.28,14.12] slot=10 buffer-pre=sampled pre-rel=captured probe-effective=true
[22:41:04.377] [38908] [I] SCOPY T2 frame=3279 pass-geometry='clothes' numMatrices=31 frameID=3548 buffer-submit=sampled changed-since-T1=false submit-rel=captured
[22:41:04.377] [38908] [I] SCOPY T3 frame=3279 drawn=23 buffer-after-draw=sampled changed-since-T2=true final-rel=captured node-row1=(0.014,0.749,0.663)
[22:41:04.377] [38908] [I] SCOPY T1c frame=3279 buffer=current slot=10 closest=bone-captured(2.48) next=captured-x-bind(2.48) | buffer=previous slot=10 closest=bone-captured(2.48) next=captured-x-bind(2.48)
[22:41:04.377] [38908] [I] SCOPY T3c frame=3279 buffer=current slot=10 closest=bone-captured(2.48) next=captured-x-bind(2.48) | buffer=previous slot=10 closest=bone-captured(2.48) next=captured-x-bind(2.48)
[22:41:04.589] [38908] [I] SCOPY T0 frame=3287 capture=1 bone='NPC Pelvis [Pelv]' skin='clothes' root='skeleton_female.nif' bone-origin=(0.9,-485.5,2.7) bone-row1=(0.058,0.990,0.125) witness='NPC L Toe0 [LToe]' witness-radius=23.89 subtree-nodes=219
[22:41:04.589] [38908] [I] SCOPY T1 frame=3287 bone-row1=(0.015,0.753,0.658) orientation-delta-deg=34.1 witness-moved=13.99 moved-range=[0.28,14.12] slot=10 buffer-pre=sampled pre-rel=captured probe-effective=true
[22:41:04.589] [38908] [I] SCOPY T2 frame=3287 pass-geometry='clothes' numMatrices=31 frameID=3556 buffer-submit=sampled changed-since-T1=false submit-rel=captured
[22:41:04.589] [38908] [I] SCOPY T3 frame=3287 drawn=23 buffer-after-draw=sampled changed-since-T2=true final-rel=captured node-row1=(0.015,0.753,0.658)
[22:41:04.589] [38908] [I] SCOPY T1c frame=3287 buffer=current slot=10 closest=bone-captured(2.48) next=captured-x-bind(2.48) | buffer=previous slot=10 closest=bone-captured(2.48) next=captured-x-bind(2.48)
[22:41:04.589] [38908] [I] SCOPY T3c frame=3287 buffer=current slot=10 closest=bone-captured(2.48) next=captured-x-bind(2.48) | buffer=previous slot=10 closest=bone-captured(2.48) next=captured-x-bind(2.48)
[22:41:04.776] [38908] [I] Clone draw: passes=23 rd-null=23 lights=3 | geoms=23 skinned=23 roots=2 num-mat=331 bone-count=331 bound=331
[22:41:04.776] [38908] [I] SCOPY DRAW frame=481 passes=23 lights=true animation-driver=none physics-driver=none
[22:41:04.803] [38908] [I] SCOPY T0 frame=3295 capture=1 bone='NPC Pelvis [Pelv]' skin='clothes' root='skeleton_female.nif' bone-origin=(0.9,-485.5,2.7) bone-row1=(0.058,0.990,0.125) witness='NPC L Toe0 [LToe]' witness-radius=23.89 subtree-nodes=219
[22:41:04.803] [38908] [I] SCOPY T1 frame=3295 bone-row1=(0.016,0.766,0.643) orientation-delta-deg=32.9 witness-moved=13.53 moved-range=[0.28,14.12] slot=10 buffer-pre=sampled pre-rel=captured probe-effective=true
[22:41:04.803] [38908] [I] SCOPY T2 frame=3295 pass-geometry='clothes' numMatrices=31 frameID=3564 buffer-submit=sampled changed-since-T1=false submit-rel=captured
[22:41:04.803] [38908] [I] SCOPY T3 frame=3295 drawn=23 buffer-after-draw=sampled changed-since-T2=true final-rel=captured node-row1=(0.016,0.766,0.643)
[22:41:04.803] [38908] [I] SCOPY T1c frame=3295 buffer=current slot=10 closest=bone-captured(2.46) next=captured-x-bind(2.46) | buffer=previous slot=10 closest=bone-captured(2.46) next=captured-x-bind(2.46)
[22:41:04.803] [38908] [I] SCOPY T3c frame=3295 buffer=current slot=10 closest=bone-captured(2.46) next=captured-x-bind(2.46) | buffer=previous slot=10 closest=bone-captured(2.46) next=captured-x-bind(2.46)
[22:41:05.016] [38908] [I] SCOPY T0 frame=3303 capture=1 bone='NPC Pelvis [Pelv]' skin='clothes' root='skeleton_female.nif' bone-origin=(0.9,-485.5,2.7) bone-row1=(0.058,0.990,0.125) witness='NPC L Toe0 [LToe]' witness-radius=23.89 subtree-nodes=219
[22:41:05.016] [38908] [I] SCOPY T1 frame=3303 bone-row1=(0.019,0.787,0.616) orientation-delta-deg=30.9 witness-moved=12.74 moved-range=[0.28,14.12] slot=10 buffer-pre=sampled pre-rel=captured probe-effective=true
[22:41:05.016] [38908] [I] SCOPY T2 frame=3303 pass-geometry='clothes' numMatrices=31 frameID=3572 buffer-submit=sampled changed-since-T1=false submit-rel=captured
[22:41:05.016] [38908] [I] SCOPY T3 frame=3303 drawn=23 buffer-after-draw=sampled changed-since-T2=true final-rel=captured node-row1=(0.019,0.787,0.616)
[22:41:05.016] [38908] [I] SCOPY T1c frame=3303 buffer=current slot=10 closest=bone-captured(2.43) next=captured-x-bind(2.43) | buffer=previous slot=10 closest=bone-captured(2.43) next=captured-x-bind(2.43)
[22:41:05.016] [38908] [I] SCOPY T3c frame=3303 buffer=current slot=10 closest=bone-captured(2.42) next=captured-x-bind(2.42) | buffer=previous slot=10 closest=bone-captured(2.43) next=captured-x-bind(2.43)
[22:41:05.235] [38908] [I] SCOPY T0 frame=3311 capture=1 bone='NPC Pelvis [Pelv]' skin='clothes' root='skeleton_female.nif' bone-origin=(0.9,-485.5,2.7) bone-row1=(0.058,0.990,0.125) witness='NPC L Toe0 [LToe]' witness-radius=23.89 subtree-nodes=219
[22:41:05.235] [38908] [I] SCOPY T1 frame=3311 bone-row1=(0.023,0.815,0.578) orientation-delta-deg=28.2 witness-moved=11.64 moved-range=[0.28,14.12] slot=10 buffer-pre=sampled pre-rel=captured probe-effective=true
[22:41:05.235] [38908] [I] SCOPY T2 frame=3311 pass-geometry='clothes' numMatrices=31 frameID=3580 buffer-submit=sampled changed-since-T1=false submit-rel=captured
[22:41:05.235] [38908] [I] SCOPY T3 frame=3311 drawn=23 buffer-after-draw=sampled changed-since-T2=true final-rel=captured node-row1=(0.023,0.815,0.578)
[22:41:05.235] [38908] [I] SCOPY T1c frame=3311 buffer=current slot=10 closest=bone-captured(2.38) next=captured-x-bind(2.38) | buffer=previous slot=10 closest=bone-captured(2.39) next=captured-x-bind(2.39)
[22:41:05.235] [38908] [I] SCOPY T3c frame=3311 buffer=current slot=10 closest=bone-captured(2.37) next=captured-x-bind(2.37) | buffer=previous slot=10 closest=bone-captured(2.38) next=captured-x-bind(2.38)
[22:41:05.447] [38908] [I] SCOPY T0 frame=3319 capture=1 bone='NPC Pelvis [Pelv]' skin='clothes' root='skeleton_female.nif' bone-origin=(0.9,-485.5,2.7) bone-row1=(0.058,0.990,0.125) witness='NPC L Toe0 [LToe]' witness-radius=23.89 subtree-nodes=219
[22:41:05.447] [38908] [I] SCOPY T1 frame=3319 bone-row1=(0.028,0.848,0.529) orientation-delta-deg=24.8 witness-moved=10.25 moved-range=[0.28,14.12] slot=10 buffer-pre=sampled pre-rel=captured probe-effective=true
[22:41:05.447] [38908] [I] SCOPY T2 frame=3319 pass-geometry='clothes' numMatrices=31 frameID=3588 buffer-submit=sampled changed-since-T1=false submit-rel=captured
[22:41:05.447] [38908] [I] SCOPY T3 frame=3319 drawn=23 buffer-after-draw=sampled changed-since-T2=true final-rel=captured node-row1=(0.028,0.848,0.529)
[22:41:05.447] [38908] [I] SCOPY T1c frame=3319 buffer=current slot=10 closest=bone-captured(2.32) next=captured-x-bind(2.32) | buffer=previous slot=10 closest=bone-captured(2.33) next=captured-x-bind(2.33)
[22:41:05.447] [38908] [I] SCOPY T3c frame=3319 buffer=current slot=10 closest=bone-captured(2.31) next=captured-x-bind(2.31) | buffer=previous slot=10 closest=bone-captured(2.32) next=captured-x-bind(2.32)
[22:41:05.664] [38908] [I] SCOPY T0 frame=3327 capture=1 bone='NPC Pelvis [Pelv]' skin='clothes' root='skeleton_female.nif' bone-origin=(0.9,-485.5,2.7) bone-row1=(0.058,0.990,0.125) witness='NPC L Toe0 [LToe]' witness-radius=23.89 subtree-nodes=219
[22:41:05.664] [38908] [I] SCOPY T1 frame=3327 bone-row1=(0.033,0.883,0.468) orientation-delta-deg=20.7 witness-moved=8.61 moved-range=[0.28,14.12] slot=10 buffer-pre=sampled pre-rel=captured probe-effective=true
[22:41:05.664] [38908] [I] SCOPY T2 frame=3327 pass-geometry='clothes' numMatrices=31 frameID=3596 buffer-submit=sampled changed-since-T1=false submit-rel=captured
[22:41:05.664] [38908] [I] SCOPY T3 frame=3327 drawn=23 buffer-after-draw=sampled changed-since-T2=true final-rel=captured node-row1=(0.033,0.883,0.468)
[22:41:05.664] [38908] [I] SCOPY T1c frame=3327 buffer=current slot=10 closest=bone-captured(2.26) next=captured-x-bind(2.26) | buffer=previous slot=10 closest=bone-captured(2.26) next=captured-x-bind(2.26)
[22:41:05.664] [38908] [I] SCOPY T3c frame=3327 buffer=current slot=10 closest=bone-captured(2.25) next=captured-x-bind(2.25) | buffer=previous slot=10 closest=bone-captured(2.26) next=captured-x-bind(2.26)
[22:41:05.888] [38908] [I] SCOPY T0 frame=3335 capture=1 bone='NPC Pelvis [Pelv]' skin='clothes' root='skeleton_female.nif' bone-origin=(0.9,-485.5,2.7) bone-row1=(0.058,0.990,0.125) witness='NPC L Toe0 [LToe]' witness-radius=23.89 subtree-nodes=219
[22:41:05.888] [38908] [I] SCOPY T1 frame=3335 bone-row1=(0.039,0.917,0.397) orientation-delta-deg=16.2 witness-moved=6.74 moved-range=[0.28,14.12] slot=10 buffer-pre=sampled pre-rel=captured probe-effective=true
[22:41:05.888] [38908] [I] SCOPY T2 frame=3335 pass-geometry='clothes' numMatrices=31 frameID=3604 buffer-submit=sampled changed-since-T1=false submit-rel=captured
[22:41:05.888] [38908] [I] SCOPY T3 frame=3335 drawn=23 buffer-after-draw=sampled changed-since-T2=true final-rel=captured node-row1=(0.039,0.917,0.397)
[22:41:05.888] [38908] [I] SCOPY T1c frame=3335 buffer=current slot=10 closest=bone-captured(2.18) next=captured-x-bind(2.18) | buffer=previous slot=10 closest=bone-captured(2.19) next=captured-x-bind(2.19)
[22:41:05.888] [38908] [I] SCOPY T3c frame=3335 buffer=current slot=10 closest=bone-captured(2.17) next=captured-x-bind(2.17) | buffer=previous slot=10 closest=bone-captured(2.18) next=captured-x-bind(2.18)
[22:41:06.101] [38908] [I] SCOPY T0 frame=3343 capture=1 bone='NPC Pelvis [Pelv]' skin='clothes' root='skeleton_female.nif' bone-origin=(0.9,-485.5,2.7) bone-row1=(0.058,0.990,0.125) witness='NPC L Toe0 [LToe]' witness-radius=23.89 subtree-nodes=219
[22:41:06.101] [38908] [I] SCOPY T1 frame=3343 bone-row1=(0.045,0.948,0.316) orientation-delta-deg=11.3 witness-moved=4.69 moved-range=[0.28,14.12] slot=10 buffer-pre=sampled pre-rel=captured probe-effective=true
[22:41:06.101] [38908] [I] SCOPY T2 frame=3343 pass-geometry='clothes' numMatrices=31 frameID=3612 buffer-submit=sampled changed-since-T1=false submit-rel=captured
[22:41:06.101] [38908] [I] SCOPY T3 frame=3343 drawn=23 buffer-after-draw=sampled changed-since-T2=true final-rel=captured node-row1=(0.045,0.948,0.316)
[22:41:06.101] [38908] [I] SCOPY T1c frame=3343 buffer=current slot=10 closest=bone-captured(2.14) next=captured-x-bind(2.14) | buffer=previous slot=10 closest=bone-captured(2.14) next=captured-x-bind(2.14)
[22:41:06.101] [38908] [I] SCOPY T3c frame=3343 buffer=current slot=10 closest=bone-captured(2.15) next=captured-x-bind(2.15) | buffer=previous slot=10 closest=bone-captured(2.14) next=captured-x-bind(2.14)
[22:41:06.320] [38908] [I] SCOPY T0 frame=3351 capture=1 bone='NPC Pelvis [Pelv]' skin='clothes' root='skeleton_female.nif' bone-origin=(0.9,-485.5,2.7) bone-row1=(0.058,0.990,0.125) witness='NPC L Toe0 [LToe]' witness-radius=23.89 subtree-nodes=219
[22:41:06.320] [38908] [I] SCOPY T1 frame=3351 bone-row1=(0.052,0.972,0.229) orientation-delta-deg=6.0 witness-moved=2.52 moved-range=[0.28,14.12] slot=10 buffer-pre=sampled pre-rel=captured probe-effective=true
[22:41:06.320] [38908] [I] SCOPY T2 frame=3351 pass-geometry='clothes' numMatrices=31 frameID=3620 buffer-submit=sampled changed-since-T1=false submit-rel=captured
[22:41:06.320] [38908] [I] SCOPY T3 frame=3351 drawn=23 buffer-after-draw=sampled changed-since-T2=true final-rel=captured node-row1=(0.052,0.972,0.229)
[22:41:06.320] [38908] [I] SCOPY T1c frame=3351 buffer=current slot=10 closest=bone-captured(2.18) next=captured-x-bind(2.18) | buffer=previous slot=10 closest=bone-captured(2.18) next=captured-x-bind(2.18)
[22:41:06.320] [38908] [I] SCOPY T3c frame=3351 buffer=current slot=10 closest=bone-captured(2.19) next=captured-x-bind(2.19) | buffer=previous slot=10 closest=bone-captured(2.18) next=captured-x-bind(2.18)
[22:41:06.537] [38908] [I] SCOPY T0 frame=3359 capture=1 bone='NPC Pelvis [Pelv]' skin='clothes' root='skeleton_female.nif' bone-origin=(0.9,-485.5,2.7) bone-row1=(0.058,0.990,0.125) witness='NPC L Toe0 [LToe]' witness-radius=23.89 subtree-nodes=219
[22:41:06.537] [38908] [I] SCOPY T1 frame=3359 bone-row1=(0.058,0.989,0.137) orientation-delta-deg=0.7 witness-moved=0.28 moved-range=[0.28,14.12] slot=10 buffer-pre=sampled pre-rel=captured probe-effective=true
[22:41:06.537] [38908] [I] SCOPY T2 frame=3359 pass-geometry='clothes' numMatrices=31 frameID=3628 buffer-submit=sampled changed-since-T1=false submit-rel=captured
[22:41:06.537] [38908] [I] SCOPY T3 frame=3359 drawn=23 buffer-after-draw=sampled changed-since-T2=true final-rel=captured node-row1=(0.058,0.989,0.137)
[22:41:06.537] [38908] [I] SCOPY T1c frame=3359 buffer=current slot=10 closest=bind(2.14) next=bind-T(2.14) | buffer=previous slot=10 closest=bind(2.15) next=bind-T(2.15)
[22:41:06.537] [38908] [I] SCOPY T3c frame=3359 buffer=current slot=10 closest=bind(2.14) next=bind-T(2.14) | buffer=previous slot=10 closest=bind(2.14) next=bind-T(2.14)
[22:41:06.758] [38908] [I] SCOPY T0 frame=3367 capture=1 bone='NPC Pelvis [Pelv]' skin='clothes' root='skeleton_female.nif' bone-origin=(0.9,-485.5,2.7) bone-row1=(0.058,0.990,0.125) witness='NPC L Toe0 [LToe]' witness-radius=23.89 subtree-nodes=219
[22:41:06.758] [38908] [I] SCOPY T1 frame=3367 bone-row1=(0.063,0.997,0.043) orientation-delta-deg=4.7 witness-moved=1.96 moved-range=[0.28,14.12] slot=10 buffer-pre=sampled pre-rel=swung probe-effective=true
[22:41:06.758] [38908] [I] SCOPY T2 frame=3367 pass-geometry='clothes' numMatrices=31 frameID=3636 buffer-submit=sampled changed-since-T1=false submit-rel=swung
[22:41:06.758] [38908] [I] SCOPY T3 frame=3367 drawn=23 buffer-after-draw=sampled changed-since-T2=true final-rel=swung node-row1=(0.063,0.997,0.043)
[22:41:06.758] [38908] [I] SCOPY T1c frame=3367 buffer=current slot=10 closest=bind(2.07) next=bind-T(2.07) | buffer=previous slot=10 closest=bind(2.08) next=bind-T(2.08)
[22:41:06.758] [38908] [I] SCOPY T3c frame=3367 buffer=current slot=10 closest=bind(2.06) next=bind-T(2.06) | buffer=previous slot=10 closest=bind(2.07) next=bind-T(2.07)
[22:41:06.972] [38908] [I] SCOPY T0 frame=3375 capture=1 bone='NPC Pelvis [Pelv]' skin='clothes' root='skeleton_female.nif' bone-origin=(0.9,-485.5,2.7) bone-row1=(0.058,0.990,0.125) witness='NPC L Toe0 [LToe]' witness-radius=23.89 subtree-nodes=219
[22:41:06.972] [38908] [I] SCOPY T1 frame=3375 bone-row1=(0.068,0.997,-0.049) orientation-delta-deg=10.0 witness-moved=4.16 moved-range=[0.28,14.12] slot=10 buffer-pre=sampled pre-rel=swung probe-effective=true
[22:41:06.972] [38908] [I] SCOPY T2 frame=3375 pass-geometry='clothes' numMatrices=31 frameID=3644 buffer-submit=sampled changed-since-T1=false submit-rel=swung
[22:41:06.972] [38908] [I] SCOPY T3 frame=3375 drawn=23 buffer-after-draw=sampled changed-since-T2=true final-rel=swung node-row1=(0.068,0.997,-0.049)
[22:41:06.972] [38908] [I] SCOPY T1c frame=3375 buffer=current slot=10 closest=bind(2.06) next=bind-T(2.06) | buffer=previous slot=10 closest=bind(2.05) next=bind-T(2.05)
[22:41:06.972] [38908] [I] SCOPY T3c frame=3375 buffer=current slot=10 closest=bind(2.07) next=bind-T(2.07) | buffer=previous slot=10 closest=bind(2.06) next=bind-T(2.06)
[22:41:07.184] [38908] [I] SCOPY T0 frame=3383 capture=1 bone='NPC Pelvis [Pelv]' skin='clothes' root='skeleton_female.nif' bone-origin=(0.9,-485.5,2.7) bone-row1=(0.058,0.990,0.125) witness='NPC L Toe0 [LToe]' witness-radius=23.89 subtree-nodes=219
[22:41:07.184] [38908] [I] SCOPY T1 frame=3383 bone-row1=(0.072,0.988,-0.136) orientation-delta-deg=15.0 witness-moved=6.24 moved-range=[0.28,14.12] slot=10 buffer-pre=sampled pre-rel=swung probe-effective=true
[22:41:07.184] [38908] [I] SCOPY T2 frame=3383 pass-geometry='clothes' numMatrices=31 frameID=3652 buffer-submit=sampled changed-since-T1=false submit-rel=swung
[22:41:07.184] [38908] [I] SCOPY T3 frame=3383 drawn=23 buffer-after-draw=sampled changed-since-T2=true final-rel=swung node-row1=(0.072,0.988,-0.136)
[22:41:07.184] [38908] [I] SCOPY T1c frame=3383 buffer=current slot=10 closest=bind(2.13) next=bind-T(2.13) | buffer=previous slot=10 closest=bind(2.12) next=bind-T(2.12)
[22:41:07.184] [38908] [I] SCOPY T3c frame=3383 buffer=current slot=10 closest=bind(2.14) next=bind-T(2.14) | buffer=previous slot=10 closest=bind(2.13) next=bind-T(2.13)
[22:41:07.403] [38908] [I] SCOPY T0 frame=3391 capture=1 bone='NPC Pelvis [Pelv]' skin='clothes' root='skeleton_female.nif' bone-origin=(0.9,-485.5,2.7) bone-row1=(0.058,0.990,0.125) witness='NPC L Toe0 [LToe]' witness-radius=23.89 subtree-nodes=219
[22:41:07.403] [38908] [I] SCOPY T1 frame=3391 bone-row1=(0.075,0.974,-0.216) orientation-delta-deg=19.7 witness-moved=8.16 moved-range=[0.28,14.12] slot=10 buffer-pre=sampled pre-rel=swung probe-effective=true
[22:41:07.403] [38908] [I] SCOPY T2 frame=3391 pass-geometry='clothes' numMatrices=31 frameID=3660 buffer-submit=sampled changed-since-T1=false submit-rel=swung
[22:41:07.403] [38908] [I] SCOPY T3 frame=3391 drawn=23 buffer-after-draw=sampled changed-since-T2=true final-rel=swung node-row1=(0.075,0.974,-0.216)
[22:41:07.403] [38908] [I] SCOPY T1c frame=3391 buffer=current slot=10 closest=bind(2.19) next=bind-T(2.19) | buffer=previous slot=10 closest=bind(2.19) next=bind-T(2.19)
[22:41:07.403] [38908] [I] SCOPY T3c frame=3391 buffer=current slot=10 closest=bind(2.20) next=bind-T(2.20) | buffer=previous slot=10 closest=bind(2.19) next=bind-T(2.19)
[22:41:07.622] [38908] [I] SCOPY T0 frame=3399 capture=1 bone='NPC Pelvis [Pelv]' skin='clothes' root='skeleton_female.nif' bone-origin=(0.9,-485.5,2.7) bone-row1=(0.058,0.990,0.125) witness='NPC L Toe0 [LToe]' witness-radius=23.89 subtree-nodes=219
[22:41:07.622] [38908] [I] SCOPY T1 frame=3399 bone-row1=(0.077,0.955,-0.286) orientation-delta-deg=23.8 witness-moved=9.87 moved-range=[0.28,14.12] slot=10 buffer-pre=sampled pre-rel=swung probe-effective=true
[22:41:07.622] [38908] [I] SCOPY T2 frame=3399 pass-geometry='clothes' numMatrices=31 frameID=3668 buffer-submit=sampled changed-since-T1=false submit-rel=swung
[22:41:07.622] [38908] [I] SCOPY T3 frame=3399 drawn=23 buffer-after-draw=sampled changed-since-T2=true final-rel=swung node-row1=(0.077,0.955,-0.286)
[22:41:07.622] [38908] [I] SCOPY T1c frame=3399 buffer=current slot=10 closest=bind(2.25) next=bind-T(2.25) | buffer=previous slot=10 closest=bind(2.25) next=bind-T(2.25)
[22:41:07.622] [38908] [I] SCOPY T3c frame=3399 buffer=current slot=10 closest=bind(2.26) next=bind-T(2.26) | buffer=previous slot=10 closest=bind(2.25) next=bind-T(2.25)
[22:41:07.841] [38908] [I] SCOPY T0 frame=3407 capture=1 bone='NPC Pelvis [Pelv]' skin='clothes' root='skeleton_female.nif' bone-origin=(0.9,-485.5,2.7) bone-row1=(0.058,0.990,0.125) witness='NPC L Toe0 [LToe]' witness-radius=23.89 subtree-nodes=219
[22:41:07.841] [38908] [I] SCOPY T1 frame=3407 bone-row1=(0.079,0.935,-0.345) orientation-delta-deg=27.4 witness-moved=11.32 moved-range=[0.28,14.12] slot=10 buffer-pre=sampled pre-rel=swung probe-effective=true
[22:41:07.841] [38908] [I] SCOPY T2 frame=3407 pass-geometry='clothes' numMatrices=31 frameID=3676 buffer-submit=sampled changed-since-T1=false submit-rel=swung
[22:41:07.841] [38908] [I] SCOPY T3 frame=3407 drawn=23 buffer-after-draw=sampled changed-since-T2=true final-rel=swung node-row1=(0.079,0.935,-0.345)
[22:41:07.841] [38908] [I] SCOPY T1c frame=3407 buffer=current slot=10 closest=bone-captured-T(2.29) next=bind(2.31) | buffer=previous slot=10 closest=bone-captured-T(2.30) next=bind(2.30)
[22:41:07.841] [38908] [I] SCOPY T3c frame=3407 buffer=current slot=10 closest=bone-captured-T(2.29) next=bind(2.32) | buffer=previous slot=10 closest=bone-captured-T(2.29) next=bind(2.31)
[22:41:08.030] [38908] [I] Clone draw: passes=23 rd-null=23 lights=3 | geoms=23 skinned=23 roots=2 num-mat=331 bone-count=331 bound=331
[22:41:08.030] [38908] [I] SCOPY DRAW frame=601 passes=23 lights=true animation-driver=none physics-driver=none
[22:41:08.057] [38908] [I] SCOPY T0 frame=3415 capture=1 bone='NPC Pelvis [Pelv]' skin='clothes' root='skeleton_female.nif' bone-origin=(0.9,-485.5,2.7) bone-row1=(0.058,0.990,0.125) witness='NPC L Toe0 [LToe]' witness-radius=23.89 subtree-nodes=219
[22:41:08.057] [38908] [I] SCOPY T1 frame=3415 bone-row1=(0.080,0.916,-0.392) orientation-delta-deg=30.3 witness-moved=12.50 moved-range=[0.28,14.12] slot=10 buffer-pre=sampled pre-rel=swung probe-effective=true
[22:41:08.057] [38908] [I] SCOPY T2 frame=3415 pass-geometry='clothes' numMatrices=31 frameID=3684 buffer-submit=sampled changed-since-T1=false submit-rel=swung
[22:41:08.057] [38908] [I] SCOPY T3 frame=3415 drawn=23 buffer-after-draw=sampled changed-since-T2=true final-rel=swung node-row1=(0.080,0.916,-0.392)
[22:41:08.057] [38908] [I] SCOPY T1c frame=3415 buffer=current slot=10 closest=bone-captured-T(2.32) next=bind(2.36) | buffer=previous slot=10 closest=bone-captured-T(2.32) next=bind(2.35)
[22:41:08.057] [38908] [I] SCOPY T3c frame=3415 buffer=current slot=10 closest=bone-captured-T(2.33) next=bind(2.36) | buffer=previous slot=10 closest=bone-captured-T(2.32) next=bind(2.36)
[22:41:08.277] [38908] [I] SCOPY T0 frame=3423 capture=1 bone='NPC Pelvis [Pelv]' skin='clothes' root='skeleton_female.nif' bone-origin=(0.9,-485.5,2.7) bone-row1=(0.058,0.990,0.125) witness='NPC L Toe0 [LToe]' witness-radius=23.89 subtree-nodes=219
[22:41:08.277] [38908] [I] SCOPY T1 frame=3423 bone-row1=(0.081,0.901,-0.427) orientation-delta-deg=32.5 witness-moved=13.36 moved-range=[0.28,14.12] slot=10 buffer-pre=sampled pre-rel=swung probe-effective=true
[22:41:08.277] [38908] [I] SCOPY T2 frame=3423 pass-geometry='clothes' numMatrices=31 frameID=3692 buffer-submit=sampled changed-since-T1=false submit-rel=swung
[22:41:08.277] [38908] [I] SCOPY T3 frame=3423 drawn=23 buffer-after-draw=sampled changed-since-T2=true final-rel=swung node-row1=(0.081,0.901,-0.427)
[22:41:08.277] [38908] [I] SCOPY T1c frame=3423 buffer=current slot=10 closest=bone-captured-T(2.36) next=bind(2.39) | buffer=previous slot=10 closest=bone-captured-T(2.35) next=bind(2.39)
[22:41:08.277] [38908] [I] SCOPY T3c frame=3423 buffer=current slot=10 closest=bone-captured-T(2.36) next=bind(2.40) | buffer=previous slot=10 closest=bone-captured-T(2.36) next=bind(2.39)
[22:41:08.490] [38908] [I] SCOPY T0 frame=3431 capture=1 bone='NPC Pelvis [Pelv]' skin='clothes' root='skeleton_female.nif' bone-origin=(0.9,-485.5,2.7) bone-row1=(0.058,0.990,0.125) witness='NPC L Toe0 [LToe]' witness-radius=23.89 subtree-nodes=219
[22:41:08.490] [38908] [I] SCOPY T1 frame=3431 bone-row1=(0.082,0.890,-0.448) orientation-delta-deg=33.8 witness-moved=13.91 moved-range=[0.28,14.12] slot=10 buffer-pre=sampled pre-rel=swung probe-effective=true
[22:41:08.490] [38908] [I] SCOPY T2 frame=3431 pass-geometry='clothes' numMatrices=31 frameID=3700 buffer-submit=sampled changed-since-T1=false submit-rel=swung
[22:41:08.490] [38908] [I] SCOPY T3 frame=3431 drawn=23 buffer-after-draw=sampled changed-since-T2=true final-rel=swung node-row1=(0.082,0.890,-0.448)
[22:41:08.490] [38908] [I] SCOPY T1c frame=3431 buffer=current slot=10 closest=bone-captured-T(2.38) next=bind(2.42) | buffer=previous slot=10 closest=bone-captured-T(2.38) next=bind(2.41)
[22:41:08.490] [38908] [I] SCOPY T3c frame=3431 buffer=current slot=10 closest=bone-captured-T(2.38) next=bind(2.42) | buffer=previous slot=10 closest=bone-captured-T(2.38) next=bind(2.42)
[22:41:08.704] [38908] [I] SCOPY T0 frame=3439 capture=1 bone='NPC Pelvis [Pelv]' skin='clothes' root='skeleton_female.nif' bone-origin=(0.9,-485.5,2.7) bone-row1=(0.058,0.990,0.125) witness='NPC L Toe0 [LToe]' witness-radius=23.89 subtree-nodes=219
[22:41:08.704] [38908] [I] SCOPY T1 frame=3439 bone-row1=(0.082,0.886,-0.456) orientation-delta-deg=34.4 witness-moved=14.12 moved-range=[0.28,14.12] slot=10 buffer-pre=sampled pre-rel=swung probe-effective=true
[22:41:08.704] [38908] [I] SCOPY T2 frame=3439 pass-geometry='clothes' numMatrices=31 frameID=3708 buffer-submit=sampled changed-since-T1=false submit-rel=swung
[22:41:08.704] [38908] [I] SCOPY T3 frame=3439 drawn=23 buffer-after-draw=sampled changed-since-T2=true final-rel=swung node-row1=(0.082,0.886,-0.456)
[22:41:08.704] [38908] [I] SCOPY T1c frame=3439 buffer=current slot=10 closest=bone-captured-T(2.39) next=bind(2.43) | buffer=previous slot=10 closest=bone-captured-T(2.39) next=bind(2.42)
[22:41:08.704] [38908] [I] SCOPY T3c frame=3439 buffer=current slot=10 closest=bone-captured-T(2.39) next=bind(2.43) | buffer=previous slot=10 closest=bone-captured-T(2.39) next=bind(2.43)
[22:41:08.922] [38908] [I] SCOPY T0 frame=3447 capture=1 bone='NPC Pelvis [Pelv]' skin='clothes' root='skeleton_female.nif' bone-origin=(0.9,-485.5,2.7) bone-row1=(0.058,0.990,0.125) witness='NPC L Toe0 [LToe]' witness-radius=23.89 subtree-nodes=219
[22:41:08.922] [38908] [I] SCOPY T1 frame=3447 bone-row1=(0.082,0.889,-0.451) orientation-delta-deg=34.1 witness-moved=13.99 moved-range=[0.28,14.12] slot=10 buffer-pre=sampled pre-rel=swung probe-effective=true
[22:41:08.922] [38908] [I] SCOPY T2 frame=3447 pass-geometry='clothes' numMatrices=31 frameID=3716 buffer-submit=sampled changed-since-T1=false submit-rel=swung
[22:41:08.922] [38908] [I] SCOPY T3 frame=3447 drawn=23 buffer-after-draw=sampled changed-since-T2=true final-rel=swung node-row1=(0.082,0.889,-0.451)
[22:41:08.922] [38908] [I] SCOPY T1c frame=3447 buffer=current slot=10 closest=bone-captured-T(2.39) next=bind(2.42) | buffer=previous slot=10 closest=bone-captured-T(2.39) next=bind(2.42)
[22:41:08.922] [38908] [I] SCOPY T3c frame=3447 buffer=current slot=10 closest=bone-captured-T(2.39) next=bind(2.42) | buffer=previous slot=10 closest=bone-captured-T(2.39) next=bind(2.42)
[22:41:09.137] [38908] [I] SCOPY T0 frame=3455 capture=1 bone='NPC Pelvis [Pelv]' skin='clothes' root='skeleton_female.nif' bone-origin=(0.9,-485.5,2.7) bone-row1=(0.058,0.990,0.125) witness='NPC L Toe0 [LToe]' witness-radius=23.89 subtree-nodes=219
[22:41:09.137] [38908] [I] SCOPY T1 frame=3455 bone-row1=(0.081,0.898,-0.433) orientation-delta-deg=32.9 witness-moved=13.53 moved-range=[0.28,14.12] slot=10 buffer-pre=sampled pre-rel=swung probe-effective=true
[22:41:09.137] [38908] [I] SCOPY T2 frame=3455 pass-geometry='clothes' numMatrices=31 frameID=3724 buffer-submit=sampled changed-since-T1=false submit-rel=swung
[22:41:09.137] [38908] [I] SCOPY T3 frame=3455 drawn=23 buffer-after-draw=sampled changed-since-T2=true final-rel=swung node-row1=(0.081,0.898,-0.433)
[22:41:09.137] [38908] [I] SCOPY T1c frame=3455 buffer=current slot=10 closest=bone-captured-T(2.37) next=bind(2.41) | buffer=previous slot=10 closest=bone-captured-T(2.37) next=bind(2.41)
[22:41:09.137] [38908] [I] SCOPY T3c frame=3455 buffer=current slot=10 closest=bone-captured-T(2.37) next=bind(2.40) | buffer=previous slot=10 closest=bone-captured-T(2.37) next=bind(2.41)
[22:41:09.351] [38908] [I] SCOPY T0 frame=3463 capture=1 bone='NPC Pelvis [Pelv]' skin='clothes' root='skeleton_female.nif' bone-origin=(0.9,-485.5,2.7) bone-row1=(0.058,0.990,0.125) witness='NPC L Toe0 [LToe]' witness-radius=23.89 subtree-nodes=219
[22:41:09.351] [38908] [I] SCOPY T1 frame=3463 bone-row1=(0.081,0.912,-0.402) orientation-delta-deg=30.9 witness-moved=12.74 moved-range=[0.28,14.12] slot=10 buffer-pre=sampled pre-rel=swung probe-effective=true
[22:41:09.351] [38908] [I] SCOPY T2 frame=3463 pass-geometry='clothes' numMatrices=31 frameID=3732 buffer-submit=sampled changed-since-T1=false submit-rel=swung
[22:41:09.351] [38908] [I] SCOPY T3 frame=3463 drawn=23 buffer-after-draw=sampled changed-since-T2=true final-rel=swung node-row1=(0.081,0.912,-0.402)
[22:41:09.351] [38908] [I] SCOPY T1c frame=3463 buffer=current slot=10 closest=bone-captured-T(2.34) next=bind(2.38) | buffer=previous slot=10 closest=bone-captured-T(2.35) next=bind(2.38)
[22:41:09.351] [38908] [I] SCOPY T3c frame=3463 buffer=current slot=10 closest=bone-captured-T(2.34) next=bind(2.37) | buffer=previous slot=10 closest=bone-captured-T(2.34) next=bind(2.38)
[22:41:09.571] [38908] [I] SCOPY T0 frame=3471 capture=1 bone='NPC Pelvis [Pelv]' skin='clothes' root='skeleton_female.nif' bone-origin=(0.9,-485.5,2.7) bone-row1=(0.058,0.990,0.125) witness='NPC L Toe0 [LToe]' witness-radius=23.89 subtree-nodes=219
[22:41:09.571] [38908] [I] SCOPY T1 frame=3471 bone-row1=(0.080,0.930,-0.358) orientation-delta-deg=28.2 witness-moved=11.64 moved-range=[0.28,14.12] slot=10 buffer-pre=sampled pre-rel=swung probe-effective=true
[22:41:09.571] [38908] [I] SCOPY T2 frame=3471 pass-geometry='clothes' numMatrices=31 frameID=3740 buffer-submit=sampled changed-since-T1=false submit-rel=swung
[22:41:09.571] [38908] [I] SCOPY T3 frame=3471 drawn=23 buffer-after-draw=sampled changed-since-T2=true final-rel=swung node-row1=(0.080,0.930,-0.358)
[22:41:09.571] [38908] [I] SCOPY T1c frame=3471 buffer=current slot=10 closest=bone-captured-T(2.30) next=bind(2.33) | buffer=previous slot=10 closest=bone-captured-T(2.31) next=bind(2.34)
[22:41:09.571] [38908] [I] SCOPY T3c frame=3471 buffer=current slot=10 closest=bone-captured-T(2.30) next=bind(2.33) | buffer=previous slot=10 closest=bone-captured-T(2.30) next=bind(2.33)
[22:41:09.792] [38908] [I] SCOPY T0 frame=3479 capture=1 bone='NPC Pelvis [Pelv]' skin='clothes' root='skeleton_female.nif' bone-origin=(0.9,-485.5,2.7) bone-row1=(0.058,0.990,0.125) witness='NPC L Toe0 [LToe]' witness-radius=23.89 subtree-nodes=219
[22:41:09.792] [38908] [I] SCOPY T1 frame=3479 bone-row1=(0.078,0.950,-0.302) orientation-delta-deg=24.8 witness-moved=10.25 moved-range=[0.28,14.12] slot=10 buffer-pre=sampled pre-rel=swung probe-effective=true
[22:41:09.792] [38908] [I] SCOPY T2 frame=3479 pass-geometry='clothes' numMatrices=31 frameID=3748 buffer-submit=sampled changed-since-T1=false submit-rel=swung
[22:41:09.792] [38908] [I] SCOPY T3 frame=3479 drawn=23 buffer-after-draw=sampled changed-since-T2=true final-rel=swung node-row1=(0.078,0.950,-0.302)
[22:41:09.792] [38908] [I] SCOPY T1c frame=3479 buffer=current slot=10 closest=bind(2.28) next=bind-T(2.28) | buffer=previous slot=10 closest=bind(2.29) next=bind-T(2.29)
[22:41:09.792] [38908] [I] SCOPY T3c frame=3479 buffer=current slot=10 closest=bind(2.28) next=bind-T(2.28) | buffer=previous slot=10 closest=bind(2.28) next=bind-T(2.28)
[22:41:10.006] [38908] [I] SCOPY T0 frame=3487 capture=1 bone='NPC Pelvis [Pelv]' skin='clothes' root='skeleton_female.nif' bone-origin=(0.9,-485.5,2.7) bone-row1=(0.058,0.990,0.125) witness='NPC L Toe0 [LToe]' witness-radius=23.89 subtree-nodes=219
[22:41:10.006] [38908] [I] SCOPY T1 frame=3487 bone-row1=(0.076,0.969,-0.234) orientation-delta-deg=20.7 witness-moved=8.61 moved-range=[0.28,14.12] slot=10 buffer-pre=sampled pre-rel=swung probe-effective=true
[22:41:10.006] [38908] [I] SCOPY T2 frame=3487 pass-geometry='clothes' numMatrices=31 frameID=3756 buffer-submit=sampled changed-since-T1=false submit-rel=swung
[22:41:10.006] [38908] [I] SCOPY T3 frame=3487 drawn=23 buffer-after-draw=sampled changed-since-T2=true final-rel=swung node-row1=(0.076,0.969,-0.234)
[22:41:10.006] [38908] [I] SCOPY T1c frame=3487 buffer=current slot=10 closest=bind(2.22) next=bind-T(2.22) | buffer=previous slot=10 closest=bind(2.23) next=bind-T(2.23)
[22:41:10.006] [38908] [I] SCOPY T3c frame=3487 buffer=current slot=10 closest=bind(2.22) next=bind-T(2.22) | buffer=previous slot=10 closest=bind(2.22) next=bind-T(2.22)
[22:41:10.217] [38908] [I] SCOPY T0 frame=3495 capture=1 bone='NPC Pelvis [Pelv]' skin='clothes' root='skeleton_female.nif' bone-origin=(0.9,-485.5,2.7) bone-row1=(0.058,0.990,0.125) witness='NPC L Toe0 [LToe]' witness-radius=23.89 subtree-nodes=219
[22:41:10.217] [38908] [I] SCOPY T1 frame=3495 bone-row1=(0.073,0.985,-0.156) orientation-delta-deg=16.2 witness-moved=6.74 moved-range=[0.28,14.12] slot=10 buffer-pre=sampled pre-rel=swung probe-effective=true
[22:41:10.217] [38908] [I] SCOPY T2 frame=3495 pass-geometry='clothes' numMatrices=31 frameID=3764 buffer-submit=sampled changed-since-T1=false submit-rel=swung
[22:41:10.217] [38908] [I] SCOPY T3 frame=3495 drawn=23 buffer-after-draw=sampled changed-since-T2=true final-rel=swung node-row1=(0.073,0.985,-0.156)
[22:41:10.217] [38908] [I] SCOPY T1c frame=3495 buffer=current slot=10 closest=bind(2.16) next=bind-T(2.16) | buffer=previous slot=10 closest=bind(2.17) next=bind-T(2.17)
[22:41:10.217] [38908] [I] SCOPY T3c frame=3495 buffer=current slot=10 closest=bind(2.15) next=bind-T(2.15) | buffer=previous slot=10 closest=bind(2.16) next=bind-T(2.16)
[22:41:10.444] [38908] [I] SCOPY T0 frame=3503 capture=1 bone='NPC Pelvis [Pelv]' skin='clothes' root='skeleton_female.nif' bone-origin=(0.9,-485.5,2.7) bone-row1=(0.058,0.990,0.125) witness='NPC L Toe0 [LToe]' witness-radius=23.89 subtree-nodes=219
[22:41:10.444] [38908] [I] SCOPY T1 frame=3503 bone-row1=(0.069,0.995,-0.071) orientation-delta-deg=11.3 witness-moved=4.69 moved-range=[0.28,14.12] slot=10 buffer-pre=sampled pre-rel=swung probe-effective=true
[22:41:10.444] [38908] [I] SCOPY T2 frame=3503 pass-geometry='clothes' numMatrices=31 frameID=3772 buffer-submit=sampled changed-since-T1=false submit-rel=swung
[22:41:10.444] [38908] [I] SCOPY T3 frame=3503 drawn=23 buffer-after-draw=sampled changed-since-T2=true final-rel=swung node-row1=(0.069,0.995,-0.071)
[22:41:10.444] [38908] [I] SCOPY T1c frame=3503 buffer=current slot=10 closest=bind(2.09) next=bind-T(2.09) | buffer=previous slot=10 closest=bind(2.10) next=bind-T(2.10)
[22:41:10.444] [38908] [I] SCOPY T3c frame=3503 buffer=current slot=10 closest=bind(2.09) next=bind-T(2.09) | buffer=previous slot=10 closest=bind(2.09) next=bind-T(2.09)
[22:41:10.659] [38908] [I] SCOPY T0 frame=3511 capture=1 bone='NPC Pelvis [Pelv]' skin='clothes' root='skeleton_female.nif' bone-origin=(0.9,-485.5,2.7) bone-row1=(0.058,0.990,0.125) witness='NPC L Toe0 [LToe]' witness-radius=23.89 subtree-nodes=219
[22:41:10.660] [38908] [I] SCOPY T1 frame=3511 bone-row1=(0.064,0.998,0.020) orientation-delta-deg=6.0 witness-moved=2.52 moved-range=[0.28,14.12] slot=10 buffer-pre=sampled pre-rel=swung probe-effective=true
[22:41:10.660] [38908] [I] SCOPY T2 frame=3511 pass-geometry='clothes' numMatrices=31 frameID=3780 buffer-submit=sampled changed-since-T1=false submit-rel=swung
[22:41:10.660] [38908] [I] SCOPY T3 frame=3511 drawn=23 buffer-after-draw=sampled changed-since-T2=true final-rel=swung node-row1=(0.064,0.998,0.020)
[22:41:10.660] [38908] [I] SCOPY T1c frame=3511 buffer=current slot=10 closest=bind(2.04) next=bind-T(2.04) | buffer=previous slot=10 closest=bind(2.04) next=bind-T(2.04)
[22:41:10.660] [38908] [I] SCOPY T3c frame=3511 buffer=current slot=10 closest=bind(2.05) next=bind-T(2.05) | buffer=previous slot=10 closest=bind(2.04) next=bind-T(2.04)
[22:41:10.870] [38908] [I] SCOPY T0 frame=3519 capture=1 bone='NPC Pelvis [Pelv]' skin='clothes' root='skeleton_female.nif' bone-origin=(0.9,-485.5,2.7) bone-row1=(0.058,0.990,0.125) witness='NPC L Toe0 [LToe]' witness-radius=23.89 subtree-nodes=219
[22:41:10.870] [38908] [I] SCOPY T1 frame=3519 bone-row1=(0.059,0.992,0.113) orientation-delta-deg=0.7 witness-moved=0.28 moved-range=[0.28,14.12] slot=10 buffer-pre=sampled pre-rel=swung probe-effective=true
[22:41:10.870] [38908] [I] SCOPY T2 frame=3519 pass-geometry='clothes' numMatrices=31 frameID=3788 buffer-submit=sampled changed-since-T1=false submit-rel=swung
[22:41:10.870] [38908] [I] SCOPY T3 frame=3519 drawn=23 buffer-after-draw=sampled changed-since-T2=true final-rel=swung node-row1=(0.059,0.992,0.113)
[22:41:10.870] [38908] [I] SCOPY T1c frame=3519 buffer=current slot=10 closest=bind(2.11) next=bind-T(2.11) | buffer=previous slot=10 closest=bind(2.10) next=bind-T(2.10)
[22:41:10.870] [38908] [I] SCOPY T3c frame=3519 buffer=current slot=10 closest=bind(2.12) next=bind-T(2.12) | buffer=previous slot=10 closest=bind(2.11) next=bind-T(2.11)
[22:41:11.083] [38908] [I] SCOPY T0 frame=3527 capture=1 bone='NPC Pelvis [Pelv]' skin='clothes' root='skeleton_female.nif' bone-origin=(0.9,-485.5,2.7) bone-row1=(0.058,0.990,0.125) witness='NPC L Toe0 [LToe]' witness-radius=23.89 subtree-nodes=219
[22:41:11.083] [38908] [I] SCOPY T1 frame=3527 bone-row1=(0.053,0.977,0.206) orientation-delta-deg=4.7 witness-moved=1.96 moved-range=[0.28,14.12] slot=10 buffer-pre=sampled pre-rel=captured probe-effective=true
[22:41:11.083] [38908] [I] SCOPY T2 frame=3527 pass-geometry='clothes' numMatrices=31 frameID=3796 buffer-submit=sampled changed-since-T1=false submit-rel=captured
[22:41:11.083] [38908] [I] SCOPY T3 frame=3527 drawn=23 buffer-after-draw=sampled changed-since-T2=true final-rel=captured node-row1=(0.053,0.977,0.206)
[22:41:11.083] [38908] [I] SCOPY T1c frame=3527 buffer=current slot=10 closest=bind(2.18) next=bind-T(2.18) | buffer=previous slot=10 closest=bind(2.17) next=bind-T(2.17)
[22:41:11.083] [38908] [I] SCOPY T3c frame=3527 buffer=current slot=10 closest=bind(2.19) next=bind-T(2.19) | buffer=previous slot=10 closest=bind(2.18) next=bind-T(2.18)
[22:41:11.274] [38908] [I] Clone draw: passes=23 rd-null=23 lights=3 | geoms=23 skinned=23 roots=2 num-mat=331 bone-count=331 bound=331
[22:41:11.274] [38908] [I] SCOPY DRAW frame=721 passes=23 lights=true animation-driver=none physics-driver=none
[22:41:11.301] [38908] [I] SCOPY T0 frame=3535 capture=1 bone='NPC Pelvis [Pelv]' skin='clothes' root='skeleton_female.nif' bone-origin=(0.9,-485.5,2.7) bone-row1=(0.058,0.990,0.125) witness='NPC L Toe0 [LToe]' witness-radius=23.89 subtree-nodes=219
[22:41:11.301] [38908] [I] SCOPY T1 frame=3535 bone-row1=(0.047,0.954,0.295) orientation-delta-deg=10.0 witness-moved=4.16 moved-range=[0.28,14.12] slot=10 buffer-pre=sampled pre-rel=captured probe-effective=true
[22:41:11.301] [38908] [I] SCOPY T2 frame=3535 pass-geometry='clothes' numMatrices=31 frameID=3804 buffer-submit=sampled changed-since-T1=false submit-rel=captured
[22:41:11.301] [38908] [I] SCOPY T3 frame=3535 drawn=23 buffer-after-draw=sampled changed-since-T2=true final-rel=captured node-row1=(0.047,0.954,0.295)
[22:41:11.301] [38908] [I] SCOPY T1c frame=3535 buffer=current slot=10 closest=bone-captured(2.16) next=captured-x-bind(2.16) | buffer=previous slot=10 closest=bone-captured(2.17) next=captured-x-bind(2.17)
[22:41:11.301] [38908] [I] SCOPY T3c frame=3535 buffer=current slot=10 closest=bone-captured(2.16) next=captured-x-bind(2.16) | buffer=previous slot=10 closest=bone-captured(2.16) next=captured-x-bind(2.16)
[22:41:11.515] [38908] [I] SCOPY T0 frame=3543 capture=1 bone='NPC Pelvis [Pelv]' skin='clothes' root='skeleton_female.nif' bone-origin=(0.9,-485.5,2.7) bone-row1=(0.058,0.990,0.125) witness='NPC L Toe0 [LToe]' witness-radius=23.89 subtree-nodes=219
[22:41:11.515] [38908] [I] SCOPY T1 frame=3543 bone-row1=(0.041,0.925,0.377) orientation-delta-deg=15.0 witness-moved=6.24 moved-range=[0.28,14.12] slot=10 buffer-pre=sampled pre-rel=captured probe-effective=true
[22:41:11.515] [38908] [I] SCOPY T2 frame=3543 pass-geometry='clothes' numMatrices=31 frameID=3812 buffer-submit=sampled changed-since-T1=false submit-rel=captured
[22:41:11.515] [38908] [I] SCOPY T3 frame=3543 drawn=23 buffer-after-draw=sampled changed-since-T2=true final-rel=captured node-row1=(0.041,0.925,0.377)
[22:41:11.515] [38908] [I] SCOPY T1c frame=3543 buffer=current slot=10 closest=bone-captured(2.14) next=captured-x-bind(2.14) | buffer=previous slot=10 closest=bone-captured(2.13) next=captured-x-bind(2.13)
[22:41:11.515] [38908] [I] SCOPY T3c frame=3543 buffer=current slot=10 closest=bone-captured(2.15) next=captured-x-bind(2.15) | buffer=previous slot=10 closest=bone-captured(2.14) next=captured-x-bind(2.14)
[22:41:11.728] [38908] [I] SCOPY T0 frame=3551 capture=1 bone='NPC Pelvis [Pelv]' skin='clothes' root='skeleton_female.nif' bone-origin=(0.9,-485.5,2.7) bone-row1=(0.058,0.990,0.125) witness='NPC L Toe0 [LToe]' witness-radius=23.89 subtree-nodes=219
[22:41:11.728] [38908] [I] SCOPY T1 frame=3551 bone-row1=(0.035,0.892,0.451) orientation-delta-deg=19.7 witness-moved=8.16 moved-range=[0.28,14.12] slot=10 buffer-pre=sampled pre-rel=captured probe-effective=true
[22:41:11.728] [38908] [I] SCOPY T2 frame=3551 pass-geometry='clothes' numMatrices=31 frameID=3820 buffer-submit=sampled changed-since-T1=false submit-rel=captured
[22:41:11.728] [38908] [I] SCOPY T3 frame=3551 drawn=23 buffer-after-draw=sampled changed-since-T2=true final-rel=captured node-row1=(0.035,0.892,0.451)
[22:41:11.728] [38908] [I] SCOPY T1c frame=3551 buffer=current slot=10 closest=bone-captured(2.22) next=captured-x-bind(2.22) | buffer=previous slot=10 closest=bone-captured(2.21) next=captured-x-bind(2.21)
[22:41:11.728] [38908] [I] SCOPY T3c frame=3551 buffer=current slot=10 closest=bone-captured(2.23) next=captured-x-bind(2.23) | buffer=previous slot=10 closest=bone-captured(2.22) next=captured-x-bind(2.22)
[22:41:11.944] [38908] [I] SCOPY T0 frame=3559 capture=1 bone='NPC Pelvis [Pelv]' skin='clothes' root='skeleton_female.nif' bone-origin=(0.9,-485.5,2.7) bone-row1=(0.058,0.990,0.125) witness='NPC L Toe0 [LToe]' witness-radius=23.89 subtree-nodes=219
[22:41:11.944] [38908] [I] SCOPY T1 frame=3559 bone-row1=(0.029,0.857,0.515) orientation-delta-deg=23.8 witness-moved=9.87 moved-range=[0.28,14.12] slot=10 buffer-pre=sampled pre-rel=captured probe-effective=true
[22:41:11.944] [38908] [I] SCOPY T2 frame=3559 pass-geometry='clothes' numMatrices=31 frameID=3828 buffer-submit=sampled changed-since-T1=false submit-rel=captured
[22:41:11.944] [38908] [I] SCOPY T3 frame=3559 drawn=23 buffer-after-draw=sampled changed-since-T2=true final-rel=captured node-row1=(0.029,0.857,0.515)
[22:41:11.944] [38908] [I] SCOPY T1c frame=3559 buffer=current slot=10 closest=bone-captured(2.29) next=captured-x-bind(2.29) | buffer=previous slot=10 closest=bone-captured(2.28) next=captured-x-bind(2.28)
[22:41:11.944] [38908] [I] SCOPY T3c frame=3559 buffer=current slot=10 closest=bone-captured(2.30) next=captured-x-bind(2.30) | buffer=previous slot=10 closest=bone-captured(2.29) next=captured-x-bind(2.29)
[22:41:12.154] [38908] [I] SCOPY T0 frame=3567 capture=1 bone='NPC Pelvis [Pelv]' skin='clothes' root='skeleton_female.nif' bone-origin=(0.9,-485.5,2.7) bone-row1=(0.058,0.990,0.125) witness='NPC L Toe0 [LToe]' witness-radius=23.89 subtree-nodes=219
[22:41:12.154] [38908] [I] SCOPY T1 frame=3567 bone-row1=(0.024,0.823,0.567) orientation-delta-deg=27.4 witness-moved=11.32 moved-range=[0.28,14.12] slot=10 buffer-pre=sampled pre-rel=captured probe-effective=true
[22:41:12.154] [38908] [I] SCOPY T2 frame=3567 pass-geometry='clothes' numMatrices=31 frameID=3836 buffer-submit=sampled changed-since-T1=false submit-rel=captured
[22:41:12.154] [38908] [I] SCOPY T3 frame=3567 drawn=23 buffer-after-draw=sampled changed-since-T2=true final-rel=captured node-row1=(0.024,0.823,0.567)
[22:41:12.155] [38908] [I] SCOPY T1c frame=3567 buffer=current slot=10 closest=bone-captured(2.35) next=captured-x-bind(2.35) | buffer=previous slot=10 closest=bone-captured(2.35) next=captured-x-bind(2.35)
[22:41:12.155] [38908] [I] SCOPY T3c frame=3567 buffer=current slot=10 closest=bone-captured(2.36) next=captured-x-bind(2.36) | buffer=previous slot=10 closest=bone-captured(2.35) next=captured-x-bind(2.35)
[22:41:12.366] [38908] [I] SCOPY T0 frame=3575 capture=1 bone='NPC Pelvis [Pelv]' skin='clothes' root='skeleton_female.nif' bone-origin=(0.9,-485.5,2.7) bone-row1=(0.058,0.990,0.125) witness='NPC L Toe0 [LToe]' witness-radius=23.89 subtree-nodes=219
[22:41:12.366] [38908] [I] SCOPY T1 frame=3575 bone-row1=(0.020,0.794,0.608) orientation-delta-deg=30.3 witness-moved=12.50 moved-range=[0.28,14.12] slot=10 buffer-pre=sampled pre-rel=captured probe-effective=true
[22:41:12.366] [38908] [I] SCOPY T2 frame=3575 pass-geometry='clothes' numMatrices=31 frameID=3844 buffer-submit=sampled changed-since-T1=false submit-rel=captured
[22:41:12.366] [38908] [I] SCOPY T3 frame=3575 drawn=23 buffer-after-draw=sampled changed-since-T2=true final-rel=captured node-row1=(0.020,0.794,0.608)
[22:41:12.366] [38908] [I] SCOPY T1c frame=3575 buffer=current slot=10 closest=bone-captured(2.41) next=captured-x-bind(2.41) | buffer=previous slot=10 closest=bone-captured(2.40) next=captured-x-bind(2.40)
[22:41:12.366] [38908] [I] SCOPY T3c frame=3575 buffer=current slot=10 closest=bone-captured(2.41) next=captured-x-bind(2.41) | buffer=previous slot=10 closest=bone-captured(2.41) next=captured-x-bind(2.41)
[22:41:12.579] [38908] [I] SCOPY T0 frame=3583 capture=1 bone='NPC Pelvis [Pelv]' skin='clothes' root='skeleton_female.nif' bone-origin=(0.9,-485.5,2.7) bone-row1=(0.058,0.990,0.125) witness='NPC L Toe0 [LToe]' witness-radius=23.89 subtree-nodes=219
[22:41:12.579] [38908] [I] SCOPY T1 frame=3583 bone-row1=(0.017,0.770,0.637) orientation-delta-deg=32.5 witness-moved=13.36 moved-range=[0.28,14.12] slot=10 buffer-pre=sampled pre-rel=captured probe-effective=true
[22:41:12.579] [38908] [I] SCOPY T2 frame=3583 pass-geometry='clothes' numMatrices=31 frameID=3852 buffer-submit=sampled changed-since-T1=false submit-rel=captured
[22:41:12.579] [38908] [I] SCOPY T3 frame=3583 drawn=23 buffer-after-draw=sampled changed-since-T2=true final-rel=captured node-row1=(0.017,0.770,0.637)
[22:41:12.579] [38908] [I] SCOPY T1c frame=3583 buffer=current slot=10 closest=bone-captured(2.44) next=captured-x-bind(2.44) | buffer=previous slot=10 closest=bone-captured(2.44) next=captured-x-bind(2.44)
[22:41:12.579] [38908] [I] SCOPY T3c frame=3583 buffer=current slot=10 closest=bone-captured(2.45) next=captured-x-bind(2.45) | buffer=previous slot=10 closest=bone-captured(2.44) next=captured-x-bind(2.44)
[22:41:12.793] [38908] [I] SCOPY T0 frame=3591 capture=1 bone='NPC Pelvis [Pelv]' skin='clothes' root='skeleton_female.nif' bone-origin=(0.9,-485.5,2.7) bone-row1=(0.058,0.990,0.125) witness='NPC L Toe0 [LToe]' witness-radius=23.89 subtree-nodes=219
[22:41:12.793] [38908] [I] SCOPY T1 frame=3591 bone-row1=(0.015,0.755,0.656) orientation-delta-deg=33.8 witness-moved=13.91 moved-range=[0.28,14.12] slot=10 buffer-pre=sampled pre-rel=captured probe-effective=true
[22:41:12.793] [38908] [I] SCOPY T2 frame=3591 pass-geometry='clothes' numMatrices=31 frameID=3860 buffer-submit=sampled changed-since-T1=false submit-rel=captured
[22:41:12.793] [38908] [I] SCOPY T3 frame=3591 drawn=23 buffer-after-draw=sampled changed-since-T2=true final-rel=captured node-row1=(0.015,0.755,0.656)
[22:41:12.793] [38908] [I] SCOPY T1c frame=3591 buffer=current slot=10 closest=bone-captured(2.47) next=captured-x-bind(2.47) | buffer=previous slot=10 closest=bone-captured(2.47) next=captured-x-bind(2.47)
[22:41:12.793] [38908] [I] SCOPY T3c frame=3591 buffer=current slot=10 closest=bone-captured(2.47) next=captured-x-bind(2.47) | buffer=previous slot=10 closest=bone-captured(2.47) next=captured-x-bind(2.47)
[22:41:13.011] [38908] [I] SCOPY T0 frame=3599 capture=1 bone='NPC Pelvis [Pelv]' skin='clothes' root='skeleton_female.nif' bone-origin=(0.9,-485.5,2.7) bone-row1=(0.058,0.990,0.125) witness='NPC L Toe0 [LToe]' witness-radius=23.89 subtree-nodes=219
[22:41:13.012] [38908] [I] SCOPY T1 frame=3599 bone-row1=(0.014,0.749,0.663) orientation-delta-deg=34.4 witness-moved=14.12 moved-range=[0.28,14.12] slot=10 buffer-pre=sampled pre-rel=captured probe-effective=true
[22:41:13.012] [38908] [I] SCOPY T2 frame=3599 pass-geometry='clothes' numMatrices=31 frameID=3868 buffer-submit=sampled changed-since-T1=false submit-rel=captured
[22:41:13.012] [38908] [I] SCOPY T3 frame=3599 drawn=23 buffer-after-draw=sampled changed-since-T2=true final-rel=captured node-row1=(0.014,0.749,0.663)
[22:41:13.012] [38908] [I] SCOPY T1c frame=3599 buffer=current slot=10 closest=bone-captured(2.48) next=captured-x-bind(2.48) | buffer=previous slot=10 closest=bone-captured(2.48) next=captured-x-bind(2.48)
[22:41:13.012] [38908] [I] SCOPY T3c frame=3599 buffer=current slot=10 closest=bone-captured(2.48) next=captured-x-bind(2.48) | buffer=previous slot=10 closest=bone-captured(2.48) next=captured-x-bind(2.48)
[22:41:13.234] [38908] [I] SCOPY T0 frame=3607 capture=1 bone='NPC Pelvis [Pelv]' skin='clothes' root='skeleton_female.nif' bone-origin=(0.9,-485.5,2.7) bone-row1=(0.058,0.990,0.125) witness='NPC L Toe0 [LToe]' witness-radius=23.89 subtree-nodes=219
[22:41:13.234] [38908] [I] SCOPY T1 frame=3607 bone-row1=(0.015,0.753,0.658) orientation-delta-deg=34.1 witness-moved=13.99 moved-range=[0.28,14.12] slot=10 buffer-pre=sampled pre-rel=captured probe-effective=true
[22:41:13.234] [38908] [I] SCOPY T2 frame=3607 pass-geometry='clothes' numMatrices=31 frameID=3876 buffer-submit=sampled changed-since-T1=false submit-rel=captured
[22:41:13.234] [38908] [I] SCOPY T3 frame=3607 drawn=23 buffer-after-draw=sampled changed-since-T2=true final-rel=captured node-row1=(0.015,0.753,0.658)
[22:41:13.234] [38908] [I] SCOPY T1c frame=3607 buffer=current slot=10 closest=bone-captured(2.48) next=captured-x-bind(2.48) | buffer=previous slot=10 closest=bone-captured(2.48) next=captured-x-bind(2.48)
[22:41:13.234] [38908] [I] SCOPY T3c frame=3607 buffer=current slot=10 closest=bone-captured(2.48) next=captured-x-bind(2.48) | buffer=previous slot=10 closest=bone-captured(2.48) next=captured-x-bind(2.48)
[22:41:13.443] [38908] [I] SCOPY T0 frame=3615 capture=1 bone='NPC Pelvis [Pelv]' skin='clothes' root='skeleton_female.nif' bone-origin=(0.9,-485.5,2.7) bone-row1=(0.058,0.990,0.125) witness='NPC L Toe0 [LToe]' witness-radius=23.89 subtree-nodes=219
[22:41:13.443] [38908] [I] SCOPY T1 frame=3615 bone-row1=(0.016,0.766,0.643) orientation-delta-deg=32.9 witness-moved=13.53 moved-range=[0.28,14.12] slot=10 buffer-pre=sampled pre-rel=captured probe-effective=true
[22:41:13.443] [38908] [I] SCOPY T2 frame=3615 pass-geometry='clothes' numMatrices=31 frameID=3884 buffer-submit=sampled changed-since-T1=false submit-rel=captured
[22:41:13.443] [38908] [I] SCOPY T3 frame=3615 drawn=23 buffer-after-draw=sampled changed-since-T2=true final-rel=captured node-row1=(0.016,0.766,0.643)
[22:41:13.443] [38908] [I] SCOPY T1c frame=3615 buffer=current slot=10 closest=bone-captured(2.46) next=captured-x-bind(2.46) | buffer=previous slot=10 closest=bone-captured(2.46) next=captured-x-bind(2.46)
[22:41:13.443] [38908] [I] SCOPY T3c frame=3615 buffer=current slot=10 closest=bone-captured(2.46) next=captured-x-bind(2.46) | buffer=previous slot=10 closest=bone-captured(2.46) next=captured-x-bind(2.46)
[22:41:13.660] [38908] [I] SCOPY T0 frame=3623 capture=1 bone='NPC Pelvis [Pelv]' skin='clothes' root='skeleton_female.nif' bone-origin=(0.9,-485.5,2.7) bone-row1=(0.058,0.990,0.125) witness='NPC L Toe0 [LToe]' witness-radius=23.89 subtree-nodes=219
[22:41:13.660] [38908] [I] SCOPY T1 frame=3623 bone-row1=(0.019,0.787,0.616) orientation-delta-deg=30.9 witness-moved=12.74 moved-range=[0.28,14.12] slot=10 buffer-pre=sampled pre-rel=captured probe-effective=true
[22:41:13.660] [38908] [I] SCOPY T2 frame=3623 pass-geometry='clothes' numMatrices=31 frameID=3892 buffer-submit=sampled changed-since-T1=false submit-rel=captured
[22:41:13.660] [38908] [I] SCOPY T3 frame=3623 drawn=23 buffer-after-draw=sampled changed-since-T2=true final-rel=captured node-row1=(0.019,0.787,0.616)
[22:41:13.660] [38908] [I] SCOPY T1c frame=3623 buffer=current slot=10 closest=bone-captured(2.43) next=captured-x-bind(2.43) | buffer=previous slot=10 closest=bone-captured(2.43) next=captured-x-bind(2.43)
[22:41:13.660] [38908] [I] SCOPY T3c frame=3623 buffer=current slot=10 closest=bone-captured(2.42) next=captured-x-bind(2.42) | buffer=previous slot=10 closest=bone-captured(2.43) next=captured-x-bind(2.43)
[22:41:13.876] [38908] [I] SCOPY T0 frame=3631 capture=1 bone='NPC Pelvis [Pelv]' skin='clothes' root='skeleton_female.nif' bone-origin=(0.9,-485.5,2.7) bone-row1=(0.058,0.990,0.125) witness='NPC L Toe0 [LToe]' witness-radius=23.89 subtree-nodes=219
[22:41:13.876] [38908] [I] SCOPY T1 frame=3631 bone-row1=(0.023,0.815,0.578) orientation-delta-deg=28.2 witness-moved=11.64 moved-range=[0.28,14.12] slot=10 buffer-pre=sampled pre-rel=captured probe-effective=true
[22:41:13.876] [38908] [I] SCOPY T2 frame=3631 pass-geometry='clothes' numMatrices=31 frameID=3900 buffer-submit=sampled changed-since-T1=false submit-rel=captured
[22:41:13.876] [38908] [I] SCOPY T3 frame=3631 drawn=23 buffer-after-draw=sampled changed-since-T2=true final-rel=captured node-row1=(0.023,0.815,0.578)
[22:41:13.876] [38908] [I] SCOPY T1c frame=3631 buffer=current slot=10 closest=bone-captured(2.38) next=captured-x-bind(2.38) | buffer=previous slot=10 closest=bone-captured(2.39) next=captured-x-bind(2.39)
[22:41:13.876] [38908] [I] SCOPY T3c frame=3631 buffer=current slot=10 closest=bone-captured(2.37) next=captured-x-bind(2.37) | buffer=previous slot=10 closest=bone-captured(2.38) next=captured-x-bind(2.38)
[22:41:14.082] [38908] [I] SCOPY T0 frame=3639 capture=1 bone='NPC Pelvis [Pelv]' skin='clothes' root='skeleton_female.nif' bone-origin=(0.9,-485.5,2.7) bone-row1=(0.058,0.990,0.125) witness='NPC L Toe0 [LToe]' witness-radius=23.89 subtree-nodes=219
[22:41:14.082] [38908] [I] SCOPY T1 frame=3639 bone-row1=(0.028,0.848,0.529) orientation-delta-deg=24.8 witness-moved=10.25 moved-range=[0.28,14.12] slot=10 buffer-pre=sampled pre-rel=captured probe-effective=true
[22:41:14.082] [38908] [I] SCOPY T2 frame=3639 pass-geometry='clothes' numMatrices=31 frameID=3908 buffer-submit=sampled changed-since-T1=false submit-rel=captured
[22:41:14.082] [38908] [I] SCOPY T3 frame=3639 drawn=23 buffer-after-draw=sampled changed-since-T2=true final-rel=captured node-row1=(0.028,0.848,0.529)
[22:41:14.082] [38908] [I] SCOPY T1c frame=3639 buffer=current slot=10 closest=bone-captured(2.32) next=captured-x-bind(2.32) | buffer=previous slot=10 closest=bone-captured(2.33) next=captured-x-bind(2.33)
[22:41:14.082] [38908] [I] SCOPY T3c frame=3639 buffer=current slot=10 closest=bone-captured(2.31) next=captured-x-bind(2.31) | buffer=previous slot=10 closest=bone-captured(2.32) next=captured-x-bind(2.32)
[22:41:14.305] [38908] [I] SCOPY T0 frame=3647 capture=1 bone='NPC Pelvis [Pelv]' skin='clothes' root='skeleton_female.nif' bone-origin=(0.9,-485.5,2.7) bone-row1=(0.058,0.990,0.125) witness='NPC L Toe0 [LToe]' witness-radius=23.89 subtree-nodes=219
[22:41:14.305] [38908] [I] SCOPY T1 frame=3647 bone-row1=(0.033,0.883,0.468) orientation-delta-deg=20.7 witness-moved=8.61 moved-range=[0.28,14.12] slot=10 buffer-pre=sampled pre-rel=captured probe-effective=true
[22:41:14.305] [38908] [I] SCOPY T2 frame=3647 pass-geometry='clothes' numMatrices=31 frameID=3916 buffer-submit=sampled changed-since-T1=false submit-rel=captured
[22:41:14.305] [38908] [I] SCOPY T3 frame=3647 drawn=23 buffer-after-draw=sampled changed-since-T2=true final-rel=captured node-row1=(0.033,0.883,0.468)
[22:41:14.305] [38908] [I] SCOPY T1c frame=3647 buffer=current slot=10 closest=bone-captured(2.26) next=captured-x-bind(2.26) | buffer=previous slot=10 closest=bone-captured(2.26) next=captured-x-bind(2.26)
[22:41:14.305] [38908] [I] SCOPY T3c frame=3647 buffer=current slot=10 closest=bone-captured(2.25) next=captured-x-bind(2.25) | buffer=previous slot=10 closest=bone-captured(2.26) next=captured-x-bind(2.26)
[22:41:14.489] [38908] [I] Clone draw: passes=23 rd-null=23 lights=3 | geoms=23 skinned=23 roots=2 num-mat=331 bone-count=331 bound=331
[22:41:14.489] [38908] [I] SCOPY DRAW frame=841 passes=23 lights=true animation-driver=none physics-driver=none
[22:41:14.519] [38908] [I] SCOPY T0 frame=3655 capture=1 bone='NPC Pelvis [Pelv]' skin='clothes' root='skeleton_female.nif' bone-origin=(0.9,-485.5,2.7) bone-row1=(0.058,0.990,0.125) witness='NPC L Toe0 [LToe]' witness-radius=23.89 subtree-nodes=219
[22:41:14.519] [38908] [I] SCOPY T1 frame=3655 bone-row1=(0.039,0.917,0.397) orientation-delta-deg=16.2 witness-moved=6.74 moved-range=[0.28,14.12] slot=10 buffer-pre=sampled pre-rel=captured probe-effective=true
[22:41:14.519] [38908] [I] SCOPY T2 frame=3655 pass-geometry='clothes' numMatrices=31 frameID=3924 buffer-submit=sampled changed-since-T1=false submit-rel=captured
[22:41:14.519] [38908] [I] SCOPY T3 frame=3655 drawn=23 buffer-after-draw=sampled changed-since-T2=true final-rel=captured node-row1=(0.039,0.917,0.397)
[22:41:14.519] [38908] [I] SCOPY T1c frame=3655 buffer=current slot=10 closest=bone-captured(2.18) next=captured-x-bind(2.18) | buffer=previous slot=10 closest=bone-captured(2.19) next=captured-x-bind(2.19)
[22:41:14.519] [38908] [I] SCOPY T3c frame=3655 buffer=current slot=10 closest=bone-captured(2.17) next=captured-x-bind(2.17) | buffer=previous slot=10 closest=bone-captured(2.18) next=captured-x-bind(2.18)
[22:41:14.731] [38908] [I] SCOPY T0 frame=3663 capture=1 bone='NPC Pelvis [Pelv]' skin='clothes' root='skeleton_female.nif' bone-origin=(0.9,-485.5,2.7) bone-row1=(0.058,0.990,0.125) witness='NPC L Toe0 [LToe]' witness-radius=23.89 subtree-nodes=219
[22:41:14.731] [38908] [I] SCOPY T1 frame=3663 bone-row1=(0.045,0.948,0.316) orientation-delta-deg=11.3 witness-moved=4.69 moved-range=[0.28,14.12] slot=10 buffer-pre=sampled pre-rel=captured probe-effective=true
[22:41:14.731] [38908] [I] SCOPY T2 frame=3663 pass-geometry='clothes' numMatrices=31 frameID=3932 buffer-submit=sampled changed-since-T1=false submit-rel=captured
[22:41:14.731] [38908] [I] SCOPY T3 frame=3663 drawn=23 buffer-after-draw=sampled changed-since-T2=true final-rel=captured node-row1=(0.045,0.948,0.316)
[22:41:14.731] [38908] [I] SCOPY T1c frame=3663 buffer=current slot=10 closest=bone-captured(2.14) next=captured-x-bind(2.14) | buffer=previous slot=10 closest=bone-captured(2.14) next=captured-x-bind(2.14)
[22:41:14.731] [38908] [I] SCOPY T3c frame=3663 buffer=current slot=10 closest=bone-captured(2.15) next=captured-x-bind(2.15) | buffer=previous slot=10 closest=bone-captured(2.14) next=captured-x-bind(2.14)
[22:41:14.954] [38908] [I] SCOPY T0 frame=3671 capture=1 bone='NPC Pelvis [Pelv]' skin='clothes' root='skeleton_female.nif' bone-origin=(0.9,-485.5,2.7) bone-row1=(0.058,0.990,0.125) witness='NPC L Toe0 [LToe]' witness-radius=23.89 subtree-nodes=219
[22:41:14.954] [38908] [I] SCOPY T1 frame=3671 bone-row1=(0.052,0.972,0.229) orientation-delta-deg=6.0 witness-moved=2.52 moved-range=[0.28,14.12] slot=10 buffer-pre=sampled pre-rel=captured probe-effective=true
[22:41:14.954] [38908] [I] SCOPY T2 frame=3671 pass-geometry='clothes' numMatrices=31 frameID=3940 buffer-submit=sampled changed-since-T1=false submit-rel=captured
[22:41:14.954] [38908] [I] SCOPY T3 frame=3671 drawn=23 buffer-after-draw=sampled changed-since-T2=true final-rel=captured node-row1=(0.052,0.972,0.229)
[22:41:14.954] [38908] [I] SCOPY T1c frame=3671 buffer=current slot=10 closest=bone-captured(2.18) next=captured-x-bind(2.18) | buffer=previous slot=10 closest=bone-captured(2.18) next=captured-x-bind(2.18)
[22:41:14.954] [38908] [I] SCOPY T3c frame=3671 buffer=current slot=10 closest=bone-captured(2.19) next=captured-x-bind(2.19) | buffer=previous slot=10 closest=bone-captured(2.18) next=captured-x-bind(2.18)
[22:41:15.174] [38908] [I] SCOPY T0 frame=3679 capture=1 bone='NPC Pelvis [Pelv]' skin='clothes' root='skeleton_female.nif' bone-origin=(0.9,-485.5,2.7) bone-row1=(0.058,0.990,0.125) witness='NPC L Toe0 [LToe]' witness-radius=23.89 subtree-nodes=219
[22:41:15.174] [38908] [I] SCOPY T1 frame=3679 bone-row1=(0.058,0.989,0.137) orientation-delta-deg=0.7 witness-moved=0.28 moved-range=[0.28,14.12] slot=10 buffer-pre=sampled pre-rel=captured probe-effective=true
[22:41:15.174] [38908] [I] SCOPY T2 frame=3679 pass-geometry='clothes' numMatrices=31 frameID=3948 buffer-submit=sampled changed-since-T1=false submit-rel=captured
[22:41:15.174] [38908] [I] SCOPY T3 frame=3679 drawn=23 buffer-after-draw=sampled changed-since-T2=true final-rel=captured node-row1=(0.058,0.989,0.137)
[22:41:15.174] [38908] [I] SCOPY T1c frame=3679 buffer=current slot=10 closest=bind(2.14) next=bind-T(2.14) | buffer=previous slot=10 closest=bind(2.15) next=bind-T(2.15)
[22:41:15.174] [38908] [I] SCOPY T3c frame=3679 buffer=current slot=10 closest=bind(2.14) next=bind-T(2.14) | buffer=previous slot=10 closest=bind(2.14) next=bind-T(2.14)
[22:41:15.387] [38908] [I] SCOPY T0 frame=3687 capture=1 bone='NPC Pelvis [Pelv]' skin='clothes' root='skeleton_female.nif' bone-origin=(0.9,-485.5,2.7) bone-row1=(0.058,0.990,0.125) witness='NPC L Toe0 [LToe]' witness-radius=23.89 subtree-nodes=219
[22:41:15.387] [38908] [I] SCOPY T1 frame=3687 bone-row1=(0.063,0.997,0.043) orientation-delta-deg=4.7 witness-moved=1.96 moved-range=[0.28,14.12] slot=10 buffer-pre=sampled pre-rel=swung probe-effective=true
[22:41:15.387] [38908] [I] SCOPY T2 frame=3687 pass-geometry='clothes' numMatrices=31 frameID=3956 buffer-submit=sampled changed-since-T1=false submit-rel=swung
[22:41:15.387] [38908] [I] SCOPY T3 frame=3687 drawn=23 buffer-after-draw=sampled changed-since-T2=true final-rel=swung node-row1=(0.063,0.997,0.043)
[22:41:15.387] [38908] [I] SCOPY T1c frame=3687 buffer=current slot=10 closest=bind(2.07) next=bind-T(2.07) | buffer=previous slot=10 closest=bind(2.08) next=bind-T(2.08)
[22:41:15.387] [38908] [I] SCOPY T3c frame=3687 buffer=current slot=10 closest=bind(2.06) next=bind-T(2.06) | buffer=previous slot=10 closest=bind(2.07) next=bind-T(2.07)
[22:41:15.600] [38908] [I] SCOPY T0 frame=3695 capture=1 bone='NPC Pelvis [Pelv]' skin='clothes' root='skeleton_female.nif' bone-origin=(0.9,-485.5,2.7) bone-row1=(0.058,0.990,0.125) witness='NPC L Toe0 [LToe]' witness-radius=23.89 subtree-nodes=219
[22:41:15.600] [38908] [I] SCOPY T1 frame=3695 bone-row1=(0.068,0.997,-0.049) orientation-delta-deg=10.0 witness-moved=4.16 moved-range=[0.28,14.12] slot=10 buffer-pre=sampled pre-rel=swung probe-effective=true
[22:41:15.600] [38908] [I] SCOPY T2 frame=3695 pass-geometry='clothes' numMatrices=31 frameID=3964 buffer-submit=sampled changed-since-T1=false submit-rel=swung
[22:41:15.600] [38908] [I] SCOPY T3 frame=3695 drawn=23 buffer-after-draw=sampled changed-since-T2=true final-rel=swung node-row1=(0.068,0.997,-0.049)
[22:41:15.600] [38908] [I] SCOPY T1c frame=3695 buffer=current slot=10 closest=bind(2.06) next=bind-T(2.06) | buffer=previous slot=10 closest=bind(2.05) next=bind-T(2.05)
[22:41:15.600] [38908] [I] SCOPY T3c frame=3695 buffer=current slot=10 closest=bind(2.07) next=bind-T(2.07) | buffer=previous slot=10 closest=bind(2.06) next=bind-T(2.06)
[22:41:15.812] [38908] [I] SCOPY T0 frame=3703 capture=1 bone='NPC Pelvis [Pelv]' skin='clothes' root='skeleton_female.nif' bone-origin=(0.9,-485.5,2.7) bone-row1=(0.058,0.990,0.125) witness='NPC L Toe0 [LToe]' witness-radius=23.89 subtree-nodes=219
[22:41:15.812] [38908] [I] SCOPY T1 frame=3703 bone-row1=(0.072,0.988,-0.136) orientation-delta-deg=15.0 witness-moved=6.24 moved-range=[0.28,14.12] slot=10 buffer-pre=sampled pre-rel=swung probe-effective=true
[22:41:15.812] [38908] [I] SCOPY T2 frame=3703 pass-geometry='clothes' numMatrices=31 frameID=3972 buffer-submit=sampled changed-since-T1=false submit-rel=swung
[22:41:15.812] [38908] [I] SCOPY T3 frame=3703 drawn=23 buffer-after-draw=sampled changed-since-T2=true final-rel=swung node-row1=(0.072,0.988,-0.136)
[22:41:15.812] [38908] [I] SCOPY T1c frame=3703 buffer=current slot=10 closest=bind(2.13) next=bind-T(2.13) | buffer=previous slot=10 closest=bind(2.12) next=bind-T(2.12)
[22:41:15.812] [38908] [I] SCOPY T3c frame=3703 buffer=current slot=10 closest=bind(2.14) next=bind-T(2.14) | buffer=previous slot=10 closest=bind(2.13) next=bind-T(2.13)
[22:41:16.031] [38908] [I] SCOPY T0 frame=3711 capture=1 bone='NPC Pelvis [Pelv]' skin='clothes' root='skeleton_female.nif' bone-origin=(0.9,-485.5,2.7) bone-row1=(0.058,0.990,0.125) witness='NPC L Toe0 [LToe]' witness-radius=23.89 subtree-nodes=219
[22:41:16.031] [38908] [I] SCOPY T1 frame=3711 bone-row1=(0.075,0.974,-0.216) orientation-delta-deg=19.7 witness-moved=8.16 moved-range=[0.28,14.12] slot=10 buffer-pre=sampled pre-rel=swung probe-effective=true
[22:41:16.031] [38908] [I] SCOPY T2 frame=3711 pass-geometry='clothes' numMatrices=31 frameID=3980 buffer-submit=sampled changed-since-T1=false submit-rel=swung
[22:41:16.031] [38908] [I] SCOPY T3 frame=3711 drawn=23 buffer-after-draw=sampled changed-since-T2=true final-rel=swung node-row1=(0.075,0.974,-0.216)
[22:41:16.031] [38908] [I] SCOPY T1c frame=3711 buffer=current slot=10 closest=bind(2.19) next=bind-T(2.19) | buffer=previous slot=10 closest=bind(2.19) next=bind-T(2.19)
[22:41:16.031] [38908] [I] SCOPY T3c frame=3711 buffer=current slot=10 closest=bind(2.20) next=bind-T(2.20) | buffer=previous slot=10 closest=bind(2.19) next=bind-T(2.19)
[22:41:16.247] [38908] [I] SCOPY T0 frame=3719 capture=1 bone='NPC Pelvis [Pelv]' skin='clothes' root='skeleton_female.nif' bone-origin=(0.9,-485.5,2.7) bone-row1=(0.058,0.990,0.125) witness='NPC L Toe0 [LToe]' witness-radius=23.89 subtree-nodes=219
[22:41:16.247] [38908] [I] SCOPY T1 frame=3719 bone-row1=(0.077,0.955,-0.286) orientation-delta-deg=23.8 witness-moved=9.87 moved-range=[0.28,14.12] slot=10 buffer-pre=sampled pre-rel=swung probe-effective=true
[22:41:16.247] [38908] [I] SCOPY T2 frame=3719 pass-geometry='clothes' numMatrices=31 frameID=3988 buffer-submit=sampled changed-since-T1=false submit-rel=swung
[22:41:16.247] [38908] [I] SCOPY T3 frame=3719 drawn=23 buffer-after-draw=sampled changed-since-T2=true final-rel=swung node-row1=(0.077,0.955,-0.286)
[22:41:16.247] [38908] [I] SCOPY T1c frame=3719 buffer=current slot=10 closest=bind(2.25) next=bind-T(2.25) | buffer=previous slot=10 closest=bind(2.25) next=bind-T(2.25)
[22:41:16.247] [38908] [I] SCOPY T3c frame=3719 buffer=current slot=10 closest=bind(2.26) next=bind-T(2.26) | buffer=previous slot=10 closest=bind(2.25) next=bind-T(2.25)
[22:41:16.461] [38908] [I] SCOPY T0 frame=3727 capture=1 bone='NPC Pelvis [Pelv]' skin='clothes' root='skeleton_female.nif' bone-origin=(0.9,-485.5,2.7) bone-row1=(0.058,0.990,0.125) witness='NPC L Toe0 [LToe]' witness-radius=23.89 subtree-nodes=219
[22:41:16.461] [38908] [I] SCOPY T1 frame=3727 bone-row1=(0.079,0.935,-0.345) orientation-delta-deg=27.4 witness-moved=11.32 moved-range=[0.28,14.12] slot=10 buffer-pre=sampled pre-rel=swung probe-effective=true
[22:41:16.461] [38908] [I] SCOPY T2 frame=3727 pass-geometry='clothes' numMatrices=31 frameID=3996 buffer-submit=sampled changed-since-T1=false submit-rel=swung
[22:41:16.461] [38908] [I] SCOPY T3 frame=3727 drawn=23 buffer-after-draw=sampled changed-since-T2=true final-rel=swung node-row1=(0.079,0.935,-0.345)
[22:41:16.461] [38908] [I] SCOPY T1c frame=3727 buffer=current slot=10 closest=bone-captured-T(2.29) next=bind(2.31) | buffer=previous slot=10 closest=bone-captured-T(2.30) next=bind(2.30)
[22:41:16.461] [38908] [I] SCOPY T3c frame=3727 buffer=current slot=10 closest=bone-captured-T(2.29) next=bind(2.32) | buffer=previous slot=10 closest=bone-captured-T(2.29) next=bind(2.31)
[22:41:16.678] [38908] [I] SCOPY T0 frame=3735 capture=1 bone='NPC Pelvis [Pelv]' skin='clothes' root='skeleton_female.nif' bone-origin=(0.9,-485.5,2.7) bone-row1=(0.058,0.990,0.125) witness='NPC L Toe0 [LToe]' witness-radius=23.89 subtree-nodes=219
[22:41:16.678] [38908] [I] SCOPY T1 frame=3735 bone-row1=(0.080,0.916,-0.392) orientation-delta-deg=30.3 witness-moved=12.50 moved-range=[0.28,14.12] slot=10 buffer-pre=sampled pre-rel=swung probe-effective=true
[22:41:16.678] [38908] [I] SCOPY T2 frame=3735 pass-geometry='clothes' numMatrices=31 frameID=4004 buffer-submit=sampled changed-since-T1=false submit-rel=swung
[22:41:16.678] [38908] [I] SCOPY T3 frame=3735 drawn=23 buffer-after-draw=sampled changed-since-T2=true final-rel=swung node-row1=(0.080,0.916,-0.392)
[22:41:16.678] [38908] [I] SCOPY T1c frame=3735 buffer=current slot=10 closest=bone-captured-T(2.32) next=bind(2.36) | buffer=previous slot=10 closest=bone-captured-T(2.32) next=bind(2.35)
[22:41:16.678] [38908] [I] SCOPY T3c frame=3735 buffer=current slot=10 closest=bone-captured-T(2.33) next=bind(2.36) | buffer=previous slot=10 closest=bone-captured-T(2.32) next=bind(2.36)
[22:41:16.896] [38908] [I] SCOPY T0 frame=3743 capture=1 bone='NPC Pelvis [Pelv]' skin='clothes' root='skeleton_female.nif' bone-origin=(0.9,-485.5,2.7) bone-row1=(0.058,0.990,0.125) witness='NPC L Toe0 [LToe]' witness-radius=23.89 subtree-nodes=219
[22:41:16.896] [38908] [I] SCOPY T1 frame=3743 bone-row1=(0.081,0.901,-0.427) orientation-delta-deg=32.5 witness-moved=13.36 moved-range=[0.28,14.12] slot=10 buffer-pre=sampled pre-rel=swung probe-effective=true
[22:41:16.896] [38908] [I] SCOPY T2 frame=3743 pass-geometry='clothes' numMatrices=31 frameID=4012 buffer-submit=sampled changed-since-T1=false submit-rel=swung
[22:41:16.896] [38908] [I] SCOPY T3 frame=3743 drawn=23 buffer-after-draw=sampled changed-since-T2=true final-rel=swung node-row1=(0.081,0.901,-0.427)
[22:41:16.896] [38908] [I] SCOPY T1c frame=3743 buffer=current slot=10 closest=bone-captured-T(2.36) next=bind(2.39) | buffer=previous slot=10 closest=bone-captured-T(2.35) next=bind(2.39)
[22:41:16.896] [38908] [I] SCOPY T3c frame=3743 buffer=current slot=10 closest=bone-captured-T(2.36) next=bind(2.40) | buffer=previous slot=10 closest=bone-captured-T(2.36) next=bind(2.39)
[22:41:17.112] [38908] [I] SCOPY T0 frame=3751 capture=1 bone='NPC Pelvis [Pelv]' skin='clothes' root='skeleton_female.nif' bone-origin=(0.9,-485.5,2.7) bone-row1=(0.058,0.990,0.125) witness='NPC L Toe0 [LToe]' witness-radius=23.89 subtree-nodes=219
[22:41:17.112] [38908] [I] SCOPY T1 frame=3751 bone-row1=(0.082,0.890,-0.448) orientation-delta-deg=33.8 witness-moved=13.91 moved-range=[0.28,14.12] slot=10 buffer-pre=sampled pre-rel=swung probe-effective=true
[22:41:17.112] [38908] [I] SCOPY T2 frame=3751 pass-geometry='clothes' numMatrices=31 frameID=4020 buffer-submit=sampled changed-since-T1=false submit-rel=swung
[22:41:17.112] [38908] [I] SCOPY T3 frame=3751 drawn=23 buffer-after-draw=sampled changed-since-T2=true final-rel=swung node-row1=(0.082,0.890,-0.448)
[22:41:17.112] [38908] [I] SCOPY T1c frame=3751 buffer=current slot=10 closest=bone-captured-T(2.38) next=bind(2.42) | buffer=previous slot=10 closest=bone-captured-T(2.38) next=bind(2.41)
[22:41:17.112] [38908] [I] SCOPY T3c frame=3751 buffer=current slot=10 closest=bone-captured-T(2.38) next=bind(2.42) | buffer=previous slot=10 closest=bone-captured-T(2.38) next=bind(2.42)
[22:41:17.329] [38908] [I] SCOPY T0 frame=3759 capture=1 bone='NPC Pelvis [Pelv]' skin='clothes' root='skeleton_female.nif' bone-origin=(0.9,-485.5,2.7) bone-row1=(0.058,0.990,0.125) witness='NPC L Toe0 [LToe]' witness-radius=23.89 subtree-nodes=219
[22:41:17.329] [38908] [I] SCOPY T1 frame=3759 bone-row1=(0.082,0.886,-0.456) orientation-delta-deg=34.4 witness-moved=14.12 moved-range=[0.28,14.12] slot=10 buffer-pre=sampled pre-rel=swung probe-effective=true
[22:41:17.329] [38908] [I] SCOPY T2 frame=3759 pass-geometry='clothes' numMatrices=31 frameID=4028 buffer-submit=sampled changed-since-T1=false submit-rel=swung
[22:41:17.329] [38908] [I] SCOPY T3 frame=3759 drawn=23 buffer-after-draw=sampled changed-since-T2=true final-rel=swung node-row1=(0.082,0.886,-0.456)
[22:41:17.329] [38908] [I] SCOPY T1c frame=3759 buffer=current slot=10 closest=bone-captured-T(2.39) next=bind(2.43) | buffer=previous slot=10 closest=bone-captured-T(2.39) next=bind(2.42)
[22:41:17.329] [38908] [I] SCOPY T3c frame=3759 buffer=current slot=10 closest=bone-captured-T(2.39) next=bind(2.43) | buffer=previous slot=10 closest=bone-captured-T(2.39) next=bind(2.43)
[22:41:17.540] [38908] [I] SCOPY T0 frame=3767 capture=1 bone='NPC Pelvis [Pelv]' skin='clothes' root='skeleton_female.nif' bone-origin=(0.9,-485.5,2.7) bone-row1=(0.058,0.990,0.125) witness='NPC L Toe0 [LToe]' witness-radius=23.89 subtree-nodes=219
[22:41:17.540] [38908] [I] SCOPY T1 frame=3767 bone-row1=(0.082,0.889,-0.451) orientation-delta-deg=34.1 witness-moved=13.99 moved-range=[0.28,14.12] slot=10 buffer-pre=sampled pre-rel=swung probe-effective=true
[22:41:17.540] [38908] [I] SCOPY T2 frame=3767 pass-geometry='clothes' numMatrices=31 frameID=4036 buffer-submit=sampled changed-since-T1=false submit-rel=swung
[22:41:17.540] [38908] [I] SCOPY T3 frame=3767 drawn=23 buffer-after-draw=sampled changed-since-T2=true final-rel=swung node-row1=(0.082,0.889,-0.451)
[22:41:17.540] [38908] [I] SCOPY T1c frame=3767 buffer=current slot=10 closest=bone-captured-T(2.39) next=bind(2.42) | buffer=previous slot=10 closest=bone-captured-T(2.39) next=bind(2.42)
[22:41:17.540] [38908] [I] SCOPY T3c frame=3767 buffer=current slot=10 closest=bone-captured-T(2.39) next=bind(2.42) | buffer=previous slot=10 closest=bone-captured-T(2.39) next=bind(2.42)
[22:41:17.730] [38908] [I] Clone draw: passes=23 rd-null=23 lights=3 | geoms=23 skinned=23 roots=2 num-mat=331 bone-count=331 bound=331
[22:41:17.730] [38908] [I] SCOPY DRAW frame=961 passes=23 lights=true animation-driver=none physics-driver=none
[22:41:17.753] [38908] [I] SCOPY T0 frame=3775 capture=1 bone='NPC Pelvis [Pelv]' skin='clothes' root='skeleton_female.nif' bone-origin=(0.9,-485.5,2.7) bone-row1=(0.058,0.990,0.125) witness='NPC L Toe0 [LToe]' witness-radius=23.89 subtree-nodes=219
[22:41:17.753] [38908] [I] SCOPY T1 frame=3775 bone-row1=(0.081,0.898,-0.433) orientation-delta-deg=32.9 witness-moved=13.53 moved-range=[0.28,14.12] slot=10 buffer-pre=sampled pre-rel=swung probe-effective=true
[22:41:17.753] [38908] [I] SCOPY T2 frame=3775 pass-geometry='clothes' numMatrices=31 frameID=4044 buffer-submit=sampled changed-since-T1=false submit-rel=swung
[22:41:17.753] [38908] [I] SCOPY T3 frame=3775 drawn=23 buffer-after-draw=sampled changed-since-T2=true final-rel=swung node-row1=(0.081,0.898,-0.433)
[22:41:17.753] [38908] [I] SCOPY T1c frame=3775 buffer=current slot=10 closest=bone-captured-T(2.37) next=bind(2.41) | buffer=previous slot=10 closest=bone-captured-T(2.37) next=bind(2.41)
[22:41:17.753] [38908] [I] SCOPY T3c frame=3775 buffer=current slot=10 closest=bone-captured-T(2.37) next=bind(2.40) | buffer=previous slot=10 closest=bone-captured-T(2.37) next=bind(2.41)
[22:41:17.977] [38908] [I] SCOPY T0 frame=3783 capture=1 bone='NPC Pelvis [Pelv]' skin='clothes' root='skeleton_female.nif' bone-origin=(0.9,-485.5,2.7) bone-row1=(0.058,0.990,0.125) witness='NPC L Toe0 [LToe]' witness-radius=23.89 subtree-nodes=219
[22:41:17.977] [38908] [I] SCOPY T1 frame=3783 bone-row1=(0.081,0.912,-0.402) orientation-delta-deg=30.9 witness-moved=12.74 moved-range=[0.28,14.12] slot=10 buffer-pre=sampled pre-rel=swung probe-effective=true
[22:41:17.977] [38908] [I] SCOPY T2 frame=3783 pass-geometry='clothes' numMatrices=31 frameID=4052 buffer-submit=sampled changed-since-T1=false submit-rel=swung
[22:41:17.977] [38908] [I] SCOPY T3 frame=3783 drawn=23 buffer-after-draw=sampled changed-since-T2=true final-rel=swung node-row1=(0.081,0.912,-0.402)
[22:41:17.977] [38908] [I] SCOPY T1c frame=3783 buffer=current slot=10 closest=bone-captured-T(2.34) next=bind(2.38) | buffer=previous slot=10 closest=bone-captured-T(2.35) next=bind(2.38)
[22:41:17.977] [38908] [I] SCOPY T3c frame=3783 buffer=current slot=10 closest=bone-captured-T(2.34) next=bind(2.37) | buffer=previous slot=10 closest=bone-captured-T(2.34) next=bind(2.38)
[22:41:18.193] [38908] [I] SCOPY T0 frame=3791 capture=1 bone='NPC Pelvis [Pelv]' skin='clothes' root='skeleton_female.nif' bone-origin=(0.9,-485.5,2.7) bone-row1=(0.058,0.990,0.125) witness='NPC L Toe0 [LToe]' witness-radius=23.89 subtree-nodes=219
[22:41:18.193] [38908] [I] SCOPY T1 frame=3791 bone-row1=(0.080,0.930,-0.358) orientation-delta-deg=28.2 witness-moved=11.64 moved-range=[0.28,14.12] slot=10 buffer-pre=sampled pre-rel=swung probe-effective=true
[22:41:18.193] [38908] [I] SCOPY T2 frame=3791 pass-geometry='clothes' numMatrices=31 frameID=4060 buffer-submit=sampled changed-since-T1=false submit-rel=swung
[22:41:18.193] [38908] [I] SCOPY T3 frame=3791 drawn=23 buffer-after-draw=sampled changed-since-T2=true final-rel=swung node-row1=(0.080,0.930,-0.358)
[22:41:18.193] [38908] [I] SCOPY T1c frame=3791 buffer=current slot=10 closest=bone-captured-T(2.30) next=bind(2.33) | buffer=previous slot=10 closest=bone-captured-T(2.31) next=bind(2.34)
[22:41:18.193] [38908] [I] SCOPY T3c frame=3791 buffer=current slot=10 closest=bone-captured-T(2.30) next=bind(2.33) | buffer=previous slot=10 closest=bone-captured-T(2.30) next=bind(2.33)
[22:41:18.407] [38908] [I] SCOPY T0 frame=3799 capture=1 bone='NPC Pelvis [Pelv]' skin='clothes' root='skeleton_female.nif' bone-origin=(0.9,-485.5,2.7) bone-row1=(0.058,0.990,0.125) witness='NPC L Toe0 [LToe]' witness-radius=23.89 subtree-nodes=219
[22:41:18.407] [38908] [I] SCOPY T1 frame=3799 bone-row1=(0.078,0.950,-0.302) orientation-delta-deg=24.8 witness-moved=10.25 moved-range=[0.28,14.12] slot=10 buffer-pre=sampled pre-rel=swung probe-effective=true
[22:41:18.407] [38908] [I] SCOPY T2 frame=3799 pass-geometry='clothes' numMatrices=31 frameID=4068 buffer-submit=sampled changed-since-T1=false submit-rel=swung
[22:41:18.407] [38908] [I] SCOPY T3 frame=3799 drawn=23 buffer-after-draw=sampled changed-since-T2=true final-rel=swung node-row1=(0.078,0.950,-0.302)
[22:41:18.407] [38908] [I] SCOPY T1c frame=3799 buffer=current slot=10 closest=bind(2.28) next=bind-T(2.28) | buffer=previous slot=10 closest=bind(2.29) next=bind-T(2.29)
[22:41:18.407] [38908] [I] SCOPY T3c frame=3799 buffer=current slot=10 closest=bind(2.28) next=bind-T(2.28) | buffer=previous slot=10 closest=bind(2.28) next=bind-T(2.28)
[22:41:18.629] [38908] [I] SCOPY T0 frame=3807 capture=1 bone='NPC Pelvis [Pelv]' skin='clothes' root='skeleton_female.nif' bone-origin=(0.9,-485.5,2.7) bone-row1=(0.058,0.990,0.125) witness='NPC L Toe0 [LToe]' witness-radius=23.89 subtree-nodes=219
[22:41:18.629] [38908] [I] SCOPY T1 frame=3807 bone-row1=(0.076,0.969,-0.234) orientation-delta-deg=20.7 witness-moved=8.61 moved-range=[0.28,14.12] slot=10 buffer-pre=sampled pre-rel=swung probe-effective=true
[22:41:18.629] [38908] [I] SCOPY T2 frame=3807 pass-geometry='clothes' numMatrices=31 frameID=4076 buffer-submit=sampled changed-since-T1=false submit-rel=swung
[22:41:18.629] [38908] [I] SCOPY T3 frame=3807 drawn=23 buffer-after-draw=sampled changed-since-T2=true final-rel=swung node-row1=(0.076,0.969,-0.234)
[22:41:18.629] [38908] [I] SCOPY T1c frame=3807 buffer=current slot=10 closest=bind(2.22) next=bind-T(2.22) | buffer=previous slot=10 closest=bind(2.23) next=bind-T(2.23)
[22:41:18.629] [38908] [I] SCOPY T3c frame=3807 buffer=current slot=10 closest=bind(2.22) next=bind-T(2.22) | buffer=previous slot=10 closest=bind(2.22) next=bind-T(2.22)
[22:41:18.842] [38908] [I] SCOPY T0 frame=3815 capture=1 bone='NPC Pelvis [Pelv]' skin='clothes' root='skeleton_female.nif' bone-origin=(0.9,-485.5,2.7) bone-row1=(0.058,0.990,0.125) witness='NPC L Toe0 [LToe]' witness-radius=23.89 subtree-nodes=219
[22:41:18.842] [38908] [I] SCOPY T1 frame=3815 bone-row1=(0.073,0.985,-0.156) orientation-delta-deg=16.2 witness-moved=6.74 moved-range=[0.28,14.12] slot=10 buffer-pre=sampled pre-rel=swung probe-effective=true
[22:41:18.842] [38908] [I] SCOPY T2 frame=3815 pass-geometry='clothes' numMatrices=31 frameID=4084 buffer-submit=sampled changed-since-T1=false submit-rel=swung
[22:41:18.842] [38908] [I] SCOPY T3 frame=3815 drawn=23 buffer-after-draw=sampled changed-since-T2=true final-rel=swung node-row1=(0.073,0.985,-0.156)
[22:41:18.842] [38908] [I] SCOPY T1c frame=3815 buffer=current slot=10 closest=bind(2.16) next=bind-T(2.16) | buffer=previous slot=10 closest=bind(2.17) next=bind-T(2.17)
[22:41:18.842] [38908] [I] SCOPY T3c frame=3815 buffer=current slot=10 closest=bind(2.15) next=bind-T(2.15) | buffer=previous slot=10 closest=bind(2.16) next=bind-T(2.16)
[22:41:19.056] [38908] [I] SCOPY T0 frame=3823 capture=1 bone='NPC Pelvis [Pelv]' skin='clothes' root='skeleton_female.nif' bone-origin=(0.9,-485.5,2.7) bone-row1=(0.058,0.990,0.125) witness='NPC L Toe0 [LToe]' witness-radius=23.89 subtree-nodes=219
[22:41:19.056] [38908] [I] SCOPY T1 frame=3823 bone-row1=(0.069,0.995,-0.071) orientation-delta-deg=11.3 witness-moved=4.69 moved-range=[0.28,14.12] slot=10 buffer-pre=sampled pre-rel=swung probe-effective=true
[22:41:19.056] [38908] [I] SCOPY T2 frame=3823 pass-geometry='clothes' numMatrices=31 frameID=4092 buffer-submit=sampled changed-since-T1=false submit-rel=swung
[22:41:19.056] [38908] [I] SCOPY T3 frame=3823 drawn=23 buffer-after-draw=sampled changed-since-T2=true final-rel=swung node-row1=(0.069,0.995,-0.071)
[22:41:19.057] [38908] [I] SCOPY T1c frame=3823 buffer=current slot=10 closest=bind(2.09) next=bind-T(2.09) | buffer=previous slot=10 closest=bind(2.10) next=bind-T(2.10)
[22:41:19.057] [38908] [I] SCOPY T3c frame=3823 buffer=current slot=10 closest=bind(2.09) next=bind-T(2.09) | buffer=previous slot=10 closest=bind(2.09) next=bind-T(2.09)
[22:41:19.271] [38908] [I] SCOPY T0 frame=3831 capture=1 bone='NPC Pelvis [Pelv]' skin='clothes' root='skeleton_female.nif' bone-origin=(0.9,-485.5,2.7) bone-row1=(0.058,0.990,0.125) witness='NPC L Toe0 [LToe]' witness-radius=23.89 subtree-nodes=219
[22:41:19.271] [38908] [I] SCOPY T1 frame=3831 bone-row1=(0.064,0.998,0.020) orientation-delta-deg=6.0 witness-moved=2.52 moved-range=[0.28,14.12] slot=10 buffer-pre=sampled pre-rel=swung probe-effective=true
[22:41:19.271] [38908] [I] SCOPY T2 frame=3831 pass-geometry='clothes' numMatrices=31 frameID=4100 buffer-submit=sampled changed-since-T1=false submit-rel=swung
[22:41:19.271] [38908] [I] SCOPY T3 frame=3831 drawn=23 buffer-after-draw=sampled changed-since-T2=true final-rel=swung node-row1=(0.064,0.998,0.020)
[22:41:19.271] [38908] [I] SCOPY T1c frame=3831 buffer=current slot=10 closest=bind(2.04) next=bind-T(2.04) | buffer=previous slot=10 closest=bind(2.04) next=bind-T(2.04)
[22:41:19.271] [38908] [I] SCOPY T3c frame=3831 buffer=current slot=10 closest=bind(2.05) next=bind-T(2.05) | buffer=previous slot=10 closest=bind(2.04) next=bind-T(2.04)
[22:41:19.493] [38908] [I] SCOPY T0 frame=3839 capture=1 bone='NPC Pelvis [Pelv]' skin='clothes' root='skeleton_female.nif' bone-origin=(0.9,-485.5,2.7) bone-row1=(0.058,0.990,0.125) witness='NPC L Toe0 [LToe]' witness-radius=23.89 subtree-nodes=219
[22:41:19.493] [38908] [I] SCOPY T1 frame=3839 bone-row1=(0.059,0.992,0.113) orientation-delta-deg=0.7 witness-moved=0.28 moved-range=[0.28,14.12] slot=10 buffer-pre=sampled pre-rel=swung probe-effective=true
[22:41:19.493] [38908] [I] SCOPY T2 frame=3839 pass-geometry='clothes' numMatrices=31 frameID=4108 buffer-submit=sampled changed-since-T1=false submit-rel=swung
[22:41:19.493] [38908] [I] SCOPY T3 frame=3839 drawn=23 buffer-after-draw=sampled changed-since-T2=true final-rel=swung node-row1=(0.059,0.992,0.113)
[22:41:19.493] [38908] [I] SCOPY T1c frame=3839 buffer=current slot=10 closest=bind(2.11) next=bind-T(2.11) | buffer=previous slot=10 closest=bind(2.10) next=bind-T(2.10)
[22:41:19.493] [38908] [I] SCOPY T3c frame=3839 buffer=current slot=10 closest=bind(2.12) next=bind-T(2.12) | buffer=previous slot=10 closest=bind(2.11) next=bind-T(2.11)
[22:41:19.705] [38908] [I] SCOPY T0 frame=3847 capture=1 bone='NPC Pelvis [Pelv]' skin='clothes' root='skeleton_female.nif' bone-origin=(0.9,-485.5,2.7) bone-row1=(0.058,0.990,0.125) witness='NPC L Toe0 [LToe]' witness-radius=23.89 subtree-nodes=219
[22:41:19.705] [38908] [I] SCOPY T1 frame=3847 bone-row1=(0.053,0.977,0.206) orientation-delta-deg=4.7 witness-moved=1.96 moved-range=[0.28,14.12] slot=10 buffer-pre=sampled pre-rel=captured probe-effective=true
[22:41:19.705] [38908] [I] SCOPY T2 frame=3847 pass-geometry='clothes' numMatrices=31 frameID=4116 buffer-submit=sampled changed-since-T1=false submit-rel=captured
[22:41:19.705] [38908] [I] SCOPY T3 frame=3847 drawn=23 buffer-after-draw=sampled changed-since-T2=true final-rel=captured node-row1=(0.053,0.977,0.206)
[22:41:19.705] [38908] [I] SCOPY T1c frame=3847 buffer=current slot=10 closest=bind(2.18) next=bind-T(2.18) | buffer=previous slot=10 closest=bind(2.17) next=bind-T(2.17)
[22:41:19.705] [38908] [I] SCOPY T3c frame=3847 buffer=current slot=10 closest=bind(2.19) next=bind-T(2.19) | buffer=previous slot=10 closest=bind(2.18) next=bind-T(2.18)
[22:41:19.921] [38908] [I] SCOPY T0 frame=3855 capture=1 bone='NPC Pelvis [Pelv]' skin='clothes' root='skeleton_female.nif' bone-origin=(0.9,-485.5,2.7) bone-row1=(0.058,0.990,0.125) witness='NPC L Toe0 [LToe]' witness-radius=23.89 subtree-nodes=219
[22:41:19.921] [38908] [I] SCOPY T1 frame=3855 bone-row1=(0.047,0.954,0.295) orientation-delta-deg=10.0 witness-moved=4.16 moved-range=[0.28,14.12] slot=10 buffer-pre=sampled pre-rel=captured probe-effective=true
[22:41:19.921] [38908] [I] SCOPY T2 frame=3855 pass-geometry='clothes' numMatrices=31 frameID=4124 buffer-submit=sampled changed-since-T1=false submit-rel=captured
[22:41:19.921] [38908] [I] SCOPY T3 frame=3855 drawn=23 buffer-after-draw=sampled changed-since-T2=true final-rel=captured node-row1=(0.047,0.954,0.295)
[22:41:19.921] [38908] [I] SCOPY T1c frame=3855 buffer=current slot=10 closest=bone-captured(2.16) next=captured-x-bind(2.16) | buffer=previous slot=10 closest=bone-captured(2.17) next=captured-x-bind(2.17)
[22:41:19.921] [38908] [I] SCOPY T3c frame=3855 buffer=current slot=10 closest=bone-captured(2.16) next=captured-x-bind(2.16) | buffer=previous slot=10 closest=bone-captured(2.16) next=captured-x-bind(2.16)
[22:41:20.143] [38908] [I] SCOPY T0 frame=3863 capture=1 bone='NPC Pelvis [Pelv]' skin='clothes' root='skeleton_female.nif' bone-origin=(0.9,-485.5,2.7) bone-row1=(0.058,0.990,0.125) witness='NPC L Toe0 [LToe]' witness-radius=23.89 subtree-nodes=219
[22:41:20.143] [38908] [I] SCOPY T1 frame=3863 bone-row1=(0.041,0.925,0.377) orientation-delta-deg=15.0 witness-moved=6.24 moved-range=[0.28,14.12] slot=10 buffer-pre=sampled pre-rel=captured probe-effective=true
[22:41:20.143] [38908] [I] SCOPY T2 frame=3863 pass-geometry='clothes' numMatrices=31 frameID=4132 buffer-submit=sampled changed-since-T1=false submit-rel=captured
[22:41:20.143] [38908] [I] SCOPY T3 frame=3863 drawn=23 buffer-after-draw=sampled changed-since-T2=true final-rel=captured node-row1=(0.041,0.925,0.377)
[22:41:20.143] [38908] [I] SCOPY T1c frame=3863 buffer=current slot=10 closest=bone-captured(2.14) next=captured-x-bind(2.14) | buffer=previous slot=10 closest=bone-captured(2.13) next=captured-x-bind(2.13)
[22:41:20.143] [38908] [I] SCOPY T3c frame=3863 buffer=current slot=10 closest=bone-captured(2.15) next=captured-x-bind(2.15) | buffer=previous slot=10 closest=bone-captured(2.14) next=captured-x-bind(2.14)
[22:41:20.356] [38908] [I] SCOPY T0 frame=3871 capture=1 bone='NPC Pelvis [Pelv]' skin='clothes' root='skeleton_female.nif' bone-origin=(0.9,-485.5,2.7) bone-row1=(0.058,0.990,0.125) witness='NPC L Toe0 [LToe]' witness-radius=23.89 subtree-nodes=219
[22:41:20.356] [38908] [I] SCOPY T1 frame=3871 bone-row1=(0.035,0.892,0.451) orientation-delta-deg=19.7 witness-moved=8.16 moved-range=[0.28,14.12] slot=10 buffer-pre=sampled pre-rel=captured probe-effective=true
[22:41:20.356] [38908] [I] SCOPY T2 frame=3871 pass-geometry='clothes' numMatrices=31 frameID=4140 buffer-submit=sampled changed-since-T1=false submit-rel=captured
[22:41:20.356] [38908] [I] SCOPY T3 frame=3871 drawn=23 buffer-after-draw=sampled changed-since-T2=true final-rel=captured node-row1=(0.035,0.892,0.451)
[22:41:20.357] [38908] [I] SCOPY T1c frame=3871 buffer=current slot=10 closest=bone-captured(2.22) next=captured-x-bind(2.22) | buffer=previous slot=10 closest=bone-captured(2.21) next=captured-x-bind(2.21)
[22:41:20.357] [38908] [I] SCOPY T3c frame=3871 buffer=current slot=10 closest=bone-captured(2.23) next=captured-x-bind(2.23) | buffer=previous slot=10 closest=bone-captured(2.22) next=captured-x-bind(2.22)
[22:41:20.571] [38908] [I] SCOPY T0 frame=3879 capture=1 bone='NPC Pelvis [Pelv]' skin='clothes' root='skeleton_female.nif' bone-origin=(0.9,-485.5,2.7) bone-row1=(0.058,0.990,0.125) witness='NPC L Toe0 [LToe]' witness-radius=23.89 subtree-nodes=219
[22:41:20.571] [38908] [I] SCOPY T1 frame=3879 bone-row1=(0.029,0.857,0.515) orientation-delta-deg=23.8 witness-moved=9.87 moved-range=[0.28,14.12] slot=10 buffer-pre=sampled pre-rel=captured probe-effective=true
[22:41:20.571] [38908] [I] SCOPY T2 frame=3879 pass-geometry='clothes' numMatrices=31 frameID=4148 buffer-submit=sampled changed-since-T1=false submit-rel=captured
[22:41:20.571] [38908] [I] SCOPY T3 frame=3879 drawn=23 buffer-after-draw=sampled changed-since-T2=true final-rel=captured node-row1=(0.029,0.857,0.515)
[22:41:20.571] [38908] [I] SCOPY T1c frame=3879 buffer=current slot=10 closest=bone-captured(2.29) next=captured-x-bind(2.29) | buffer=previous slot=10 closest=bone-captured(2.28) next=captured-x-bind(2.28)
[22:41:20.571] [38908] [I] SCOPY T3c frame=3879 buffer=current slot=10 closest=bone-captured(2.30) next=captured-x-bind(2.30) | buffer=previous slot=10 closest=bone-captured(2.29) next=captured-x-bind(2.29)
[22:41:20.785] [38908] [I] SCOPY T0 frame=3887 capture=1 bone='NPC Pelvis [Pelv]' skin='clothes' root='skeleton_female.nif' bone-origin=(0.9,-485.5,2.7) bone-row1=(0.058,0.990,0.125) witness='NPC L Toe0 [LToe]' witness-radius=23.89 subtree-nodes=219
[22:41:20.785] [38908] [I] SCOPY T1 frame=3887 bone-row1=(0.024,0.823,0.567) orientation-delta-deg=27.4 witness-moved=11.32 moved-range=[0.28,14.12] slot=10 buffer-pre=sampled pre-rel=captured probe-effective=true
[22:41:20.785] [38908] [I] SCOPY T2 frame=3887 pass-geometry='clothes' numMatrices=31 frameID=4156 buffer-submit=sampled changed-since-T1=false submit-rel=captured
[22:41:20.785] [38908] [I] SCOPY T3 frame=3887 drawn=23 buffer-after-draw=sampled changed-since-T2=true final-rel=captured node-row1=(0.024,0.823,0.567)
[22:41:20.785] [38908] [I] SCOPY T1c frame=3887 buffer=current slot=10 closest=bone-captured(2.35) next=captured-x-bind(2.35) | buffer=previous slot=10 closest=bone-captured(2.35) next=captured-x-bind(2.35)
[22:41:20.785] [38908] [I] SCOPY T3c frame=3887 buffer=current slot=10 closest=bone-captured(2.36) next=captured-x-bind(2.36) | buffer=previous slot=10 closest=bone-captured(2.35) next=captured-x-bind(2.35)
[22:41:20.971] [38908] [I] Clone draw: passes=23 rd-null=23 lights=3 | geoms=23 skinned=23 roots=2 num-mat=331 bone-count=331 bound=331
[22:41:20.971] [38908] [I] SCOPY DRAW frame=1081 passes=23 lights=true animation-driver=none physics-driver=none
[22:41:21.001] [38908] [I] SCOPY T0 frame=3895 capture=1 bone='NPC Pelvis [Pelv]' skin='clothes' root='skeleton_female.nif' bone-origin=(0.9,-485.5,2.7) bone-row1=(0.058,0.990,0.125) witness='NPC L Toe0 [LToe]' witness-radius=23.89 subtree-nodes=219
[22:41:21.001] [38908] [I] SCOPY T1 frame=3895 bone-row1=(0.020,0.794,0.608) orientation-delta-deg=30.3 witness-moved=12.50 moved-range=[0.28,14.12] slot=10 buffer-pre=sampled pre-rel=captured probe-effective=true
[22:41:21.001] [38908] [I] SCOPY T2 frame=3895 pass-geometry='clothes' numMatrices=31 frameID=4164 buffer-submit=sampled changed-since-T1=false submit-rel=captured
[22:41:21.001] [38908] [I] SCOPY T3 frame=3895 drawn=23 buffer-after-draw=sampled changed-since-T2=true final-rel=captured node-row1=(0.020,0.794,0.608)
[22:41:21.001] [38908] [I] SCOPY T1c frame=3895 buffer=current slot=10 closest=bone-captured(2.41) next=captured-x-bind(2.41) | buffer=previous slot=10 closest=bone-captured(2.40) next=captured-x-bind(2.40)
[22:41:21.001] [38908] [I] SCOPY T3c frame=3895 buffer=current slot=10 closest=bone-captured(2.41) next=captured-x-bind(2.41) | buffer=previous slot=10 closest=bone-captured(2.41) next=captured-x-bind(2.41)
[22:41:21.215] [38908] [I] SCOPY T0 frame=3903 capture=1 bone='NPC Pelvis [Pelv]' skin='clothes' root='skeleton_female.nif' bone-origin=(0.9,-485.5,2.7) bone-row1=(0.058,0.990,0.125) witness='NPC L Toe0 [LToe]' witness-radius=23.89 subtree-nodes=219
[22:41:21.215] [38908] [I] SCOPY T1 frame=3903 bone-row1=(0.017,0.770,0.637) orientation-delta-deg=32.5 witness-moved=13.36 moved-range=[0.28,14.12] slot=10 buffer-pre=sampled pre-rel=captured probe-effective=true
[22:41:21.215] [38908] [I] SCOPY T2 frame=3903 pass-geometry='clothes' numMatrices=31 frameID=4172 buffer-submit=sampled changed-since-T1=false submit-rel=captured
[22:41:21.215] [38908] [I] SCOPY T3 frame=3903 drawn=23 buffer-after-draw=sampled changed-since-T2=true final-rel=captured node-row1=(0.017,0.770,0.637)
[22:41:21.215] [38908] [I] SCOPY T1c frame=3903 buffer=current slot=10 closest=bone-captured(2.44) next=captured-x-bind(2.44) | buffer=previous slot=10 closest=bone-captured(2.44) next=captured-x-bind(2.44)
[22:41:21.215] [38908] [I] SCOPY T3c frame=3903 buffer=current slot=10 closest=bone-captured(2.45) next=captured-x-bind(2.45) | buffer=previous slot=10 closest=bone-captured(2.44) next=captured-x-bind(2.44)
[22:41:21.434] [38908] [I] SCOPY T0 frame=3911 capture=1 bone='NPC Pelvis [Pelv]' skin='clothes' root='skeleton_female.nif' bone-origin=(0.9,-485.5,2.7) bone-row1=(0.058,0.990,0.125) witness='NPC L Toe0 [LToe]' witness-radius=23.89 subtree-nodes=219
[22:41:21.434] [38908] [I] SCOPY T1 frame=3911 bone-row1=(0.015,0.755,0.656) orientation-delta-deg=33.8 witness-moved=13.91 moved-range=[0.28,14.12] slot=10 buffer-pre=sampled pre-rel=captured probe-effective=true
[22:41:21.434] [38908] [I] SCOPY T2 frame=3911 pass-geometry='clothes' numMatrices=31 frameID=4180 buffer-submit=sampled changed-since-T1=false submit-rel=captured
[22:41:21.434] [38908] [I] SCOPY T3 frame=3911 drawn=23 buffer-after-draw=sampled changed-since-T2=true final-rel=captured node-row1=(0.015,0.755,0.656)
[22:41:21.434] [38908] [I] SCOPY T1c frame=3911 buffer=current slot=10 closest=bone-captured(2.47) next=captured-x-bind(2.47) | buffer=previous slot=10 closest=bone-captured(2.47) next=captured-x-bind(2.47)
[22:41:21.434] [38908] [I] SCOPY T3c frame=3911 buffer=current slot=10 closest=bone-captured(2.47) next=captured-x-bind(2.47) | buffer=previous slot=10 closest=bone-captured(2.47) next=captured-x-bind(2.47)
[22:41:21.649] [38908] [I] SCOPY T0 frame=3919 capture=1 bone='NPC Pelvis [Pelv]' skin='clothes' root='skeleton_female.nif' bone-origin=(0.9,-485.5,2.7) bone-row1=(0.058,0.990,0.125) witness='NPC L Toe0 [LToe]' witness-radius=23.89 subtree-nodes=219
[22:41:21.649] [38908] [I] SCOPY T1 frame=3919 bone-row1=(0.014,0.749,0.663) orientation-delta-deg=34.4 witness-moved=14.12 moved-range=[0.28,14.12] slot=10 buffer-pre=sampled pre-rel=captured probe-effective=true
[22:41:21.649] [38908] [I] SCOPY T2 frame=3919 pass-geometry='clothes' numMatrices=31 frameID=4188 buffer-submit=sampled changed-since-T1=false submit-rel=captured
[22:41:21.649] [38908] [I] SCOPY T3 frame=3919 drawn=23 buffer-after-draw=sampled changed-since-T2=true final-rel=captured node-row1=(0.014,0.749,0.663)
[22:41:21.649] [38908] [I] SCOPY T1c frame=3919 buffer=current slot=10 closest=bone-captured(2.48) next=captured-x-bind(2.48) | buffer=previous slot=10 closest=bone-captured(2.48) next=captured-x-bind(2.48)
[22:41:21.649] [38908] [I] SCOPY T3c frame=3919 buffer=current slot=10 closest=bone-captured(2.48) next=captured-x-bind(2.48) | buffer=previous slot=10 closest=bone-captured(2.48) next=captured-x-bind(2.48)
[22:41:21.866] [38908] [I] SCOPY T0 frame=3927 capture=1 bone='NPC Pelvis [Pelv]' skin='clothes' root='skeleton_female.nif' bone-origin=(0.9,-485.5,2.7) bone-row1=(0.058,0.990,0.125) witness='NPC L Toe0 [LToe]' witness-radius=23.89 subtree-nodes=219
[22:41:21.866] [38908] [I] SCOPY T1 frame=3927 bone-row1=(0.015,0.753,0.658) orientation-delta-deg=34.1 witness-moved=13.99 moved-range=[0.28,14.12] slot=10 buffer-pre=sampled pre-rel=captured probe-effective=true
[22:41:21.866] [38908] [I] SCOPY T2 frame=3927 pass-geometry='clothes' numMatrices=31 frameID=4196 buffer-submit=sampled changed-since-T1=false submit-rel=captured
[22:41:21.866] [38908] [I] SCOPY T3 frame=3927 drawn=23 buffer-after-draw=sampled changed-since-T2=true final-rel=captured node-row1=(0.015,0.753,0.658)
[22:41:21.866] [38908] [I] SCOPY T1c frame=3927 buffer=current slot=10 closest=bone-captured(2.48) next=captured-x-bind(2.48) | buffer=previous slot=10 closest=bone-captured(2.48) next=captured-x-bind(2.48)
[22:41:21.866] [38908] [I] SCOPY T3c frame=3927 buffer=current slot=10 closest=bone-captured(2.48) next=captured-x-bind(2.48) | buffer=previous slot=10 closest=bone-captured(2.48) next=captured-x-bind(2.48)
[22:41:22.086] [38908] [I] SCOPY T0 frame=3935 capture=1 bone='NPC Pelvis [Pelv]' skin='clothes' root='skeleton_female.nif' bone-origin=(0.9,-485.5,2.7) bone-row1=(0.058,0.990,0.125) witness='NPC L Toe0 [LToe]' witness-radius=23.89 subtree-nodes=219
[22:41:22.086] [38908] [I] SCOPY T1 frame=3935 bone-row1=(0.016,0.766,0.643) orientation-delta-deg=32.9 witness-moved=13.53 moved-range=[0.28,14.12] slot=10 buffer-pre=sampled pre-rel=captured probe-effective=true
[22:41:22.086] [38908] [I] SCOPY T2 frame=3935 pass-geometry='clothes' numMatrices=31 frameID=4204 buffer-submit=sampled changed-since-T1=false submit-rel=captured
[22:41:22.086] [38908] [I] SCOPY T3 frame=3935 drawn=23 buffer-after-draw=sampled changed-since-T2=true final-rel=captured node-row1=(0.016,0.766,0.643)
[22:41:22.086] [38908] [I] SCOPY T1c frame=3935 buffer=current slot=10 closest=bone-captured(2.46) next=captured-x-bind(2.46) | buffer=previous slot=10 closest=bone-captured(2.46) next=captured-x-bind(2.46)
[22:41:22.086] [38908] [I] SCOPY T3c frame=3935 buffer=current slot=10 closest=bone-captured(2.46) next=captured-x-bind(2.46) | buffer=previous slot=10 closest=bone-captured(2.46) next=captured-x-bind(2.46)
[22:41:22.302] [38908] [I] SCOPY T0 frame=3943 capture=1 bone='NPC Pelvis [Pelv]' skin='clothes' root='skeleton_female.nif' bone-origin=(0.9,-485.5,2.7) bone-row1=(0.058,0.990,0.125) witness='NPC L Toe0 [LToe]' witness-radius=23.89 subtree-nodes=219
[22:41:22.302] [38908] [I] SCOPY T1 frame=3943 bone-row1=(0.019,0.787,0.616) orientation-delta-deg=30.9 witness-moved=12.74 moved-range=[0.28,14.12] slot=10 buffer-pre=sampled pre-rel=captured probe-effective=true
[22:41:22.302] [38908] [I] SCOPY T2 frame=3943 pass-geometry='clothes' numMatrices=31 frameID=4212 buffer-submit=sampled changed-since-T1=false submit-rel=captured
[22:41:22.302] [38908] [I] SCOPY T3 frame=3943 drawn=23 buffer-after-draw=sampled changed-since-T2=true final-rel=captured node-row1=(0.019,0.787,0.616)
[22:41:22.302] [38908] [I] SCOPY T1c frame=3943 buffer=current slot=10 closest=bone-captured(2.43) next=captured-x-bind(2.43) | buffer=previous slot=10 closest=bone-captured(2.43) next=captured-x-bind(2.43)
[22:41:22.302] [38908] [I] SCOPY T3c frame=3943 buffer=current slot=10 closest=bone-captured(2.42) next=captured-x-bind(2.42) | buffer=previous slot=10 closest=bone-captured(2.43) next=captured-x-bind(2.43)
[22:41:22.517] [38908] [I] SCOPY T0 frame=3951 capture=1 bone='NPC Pelvis [Pelv]' skin='clothes' root='skeleton_female.nif' bone-origin=(0.9,-485.5,2.7) bone-row1=(0.058,0.990,0.125) witness='NPC L Toe0 [LToe]' witness-radius=23.89 subtree-nodes=219
[22:41:22.517] [38908] [I] SCOPY T1 frame=3951 bone-row1=(0.023,0.815,0.578) orientation-delta-deg=28.2 witness-moved=11.64 moved-range=[0.28,14.12] slot=10 buffer-pre=sampled pre-rel=captured probe-effective=true
[22:41:22.517] [38908] [I] SCOPY T2 frame=3951 pass-geometry='clothes' numMatrices=31 frameID=4220 buffer-submit=sampled changed-since-T1=false submit-rel=captured
[22:41:22.517] [38908] [I] SCOPY T3 frame=3951 drawn=23 buffer-after-draw=sampled changed-since-T2=true final-rel=captured node-row1=(0.023,0.815,0.578)
[22:41:22.517] [38908] [I] SCOPY T1c frame=3951 buffer=current slot=10 closest=bone-captured(2.38) next=captured-x-bind(2.38) | buffer=previous slot=10 closest=bone-captured(2.39) next=captured-x-bind(2.39)
[22:41:22.517] [38908] [I] SCOPY T3c frame=3951 buffer=current slot=10 closest=bone-captured(2.37) next=captured-x-bind(2.37) | buffer=previous slot=10 closest=bone-captured(2.38) next=captured-x-bind(2.38)
[22:41:22.733] [38908] [I] SCOPY T0 frame=3959 capture=1 bone='NPC Pelvis [Pelv]' skin='clothes' root='skeleton_female.nif' bone-origin=(0.9,-485.5,2.7) bone-row1=(0.058,0.990,0.125) witness='NPC L Toe0 [LToe]' witness-radius=23.89 subtree-nodes=219
[22:41:22.733] [38908] [I] SCOPY T1 frame=3959 bone-row1=(0.028,0.848,0.529) orientation-delta-deg=24.8 witness-moved=10.25 moved-range=[0.28,14.12] slot=10 buffer-pre=sampled pre-rel=captured probe-effective=true
[22:41:22.733] [38908] [I] SCOPY T2 frame=3959 pass-geometry='clothes' numMatrices=31 frameID=4228 buffer-submit=sampled changed-since-T1=false submit-rel=captured
[22:41:22.733] [38908] [I] SCOPY T3 frame=3959 drawn=23 buffer-after-draw=sampled changed-since-T2=true final-rel=captured node-row1=(0.028,0.848,0.529)
[22:41:22.733] [38908] [I] SCOPY T1c frame=3959 buffer=current slot=10 closest=bone-captured(2.32) next=captured-x-bind(2.32) | buffer=previous slot=10 closest=bone-captured(2.33) next=captured-x-bind(2.33)
[22:41:22.733] [38908] [I] SCOPY T3c frame=3959 buffer=current slot=10 closest=bone-captured(2.31) next=captured-x-bind(2.31) | buffer=previous slot=10 closest=bone-captured(2.32) next=captured-x-bind(2.32)
[22:41:22.943] [38908] [I] SCOPY T0 frame=3967 capture=1 bone='NPC Pelvis [Pelv]' skin='clothes' root='skeleton_female.nif' bone-origin=(0.9,-485.5,2.7) bone-row1=(0.058,0.990,0.125) witness='NPC L Toe0 [LToe]' witness-radius=23.89 subtree-nodes=219
[22:41:22.943] [38908] [I] SCOPY T1 frame=3967 bone-row1=(0.033,0.883,0.468) orientation-delta-deg=20.7 witness-moved=8.61 moved-range=[0.28,14.12] slot=10 buffer-pre=sampled pre-rel=captured probe-effective=true
[22:41:22.943] [38908] [I] SCOPY T2 frame=3967 pass-geometry='clothes' numMatrices=31 frameID=4236 buffer-submit=sampled changed-since-T1=false submit-rel=captured
[22:41:22.943] [38908] [I] SCOPY T3 frame=3967 drawn=23 buffer-after-draw=sampled changed-since-T2=true final-rel=captured node-row1=(0.033,0.883,0.468)
[22:41:22.943] [38908] [I] SCOPY T1c frame=3967 buffer=current slot=10 closest=bone-captured(2.26) next=captured-x-bind(2.26) | buffer=previous slot=10 closest=bone-captured(2.26) next=captured-x-bind(2.26)
[22:41:22.943] [38908] [I] SCOPY T3c frame=3967 buffer=current slot=10 closest=bone-captured(2.25) next=captured-x-bind(2.25) | buffer=previous slot=10 closest=bone-captured(2.26) next=captured-x-bind(2.26)
[22:41:23.164] [38908] [I] SCOPY T0 frame=3975 capture=1 bone='NPC Pelvis [Pelv]' skin='clothes' root='skeleton_female.nif' bone-origin=(0.9,-485.5,2.7) bone-row1=(0.058,0.990,0.125) witness='NPC L Toe0 [LToe]' witness-radius=23.89 subtree-nodes=219
[22:41:23.164] [38908] [I] SCOPY T1 frame=3975 bone-row1=(0.039,0.917,0.397) orientation-delta-deg=16.2 witness-moved=6.74 moved-range=[0.28,14.12] slot=10 buffer-pre=sampled pre-rel=captured probe-effective=true
[22:41:23.164] [38908] [I] SCOPY T2 frame=3975 pass-geometry='clothes' numMatrices=31 frameID=4244 buffer-submit=sampled changed-since-T1=false submit-rel=captured
[22:41:23.164] [38908] [I] SCOPY T3 frame=3975 drawn=23 buffer-after-draw=sampled changed-since-T2=true final-rel=captured node-row1=(0.039,0.917,0.397)
[22:41:23.164] [38908] [I] SCOPY T1c frame=3975 buffer=current slot=10 closest=bone-captured(2.18) next=captured-x-bind(2.18) | buffer=previous slot=10 closest=bone-captured(2.19) next=captured-x-bind(2.19)
[22:41:23.164] [38908] [I] SCOPY T3c frame=3975 buffer=current slot=10 closest=bone-captured(2.17) next=captured-x-bind(2.17) | buffer=previous slot=10 closest=bone-captured(2.18) next=captured-x-bind(2.18)
[22:41:23.384] [38908] [I] SCOPY T0 frame=3983 capture=1 bone='NPC Pelvis [Pelv]' skin='clothes' root='skeleton_female.nif' bone-origin=(0.9,-485.5,2.7) bone-row1=(0.058,0.990,0.125) witness='NPC L Toe0 [LToe]' witness-radius=23.89 subtree-nodes=219
[22:41:23.384] [38908] [I] SCOPY T1 frame=3983 bone-row1=(0.045,0.948,0.316) orientation-delta-deg=11.3 witness-moved=4.69 moved-range=[0.28,14.12] slot=10 buffer-pre=sampled pre-rel=captured probe-effective=true
[22:41:23.384] [38908] [I] SCOPY T2 frame=3983 pass-geometry='clothes' numMatrices=31 frameID=4252 buffer-submit=sampled changed-since-T1=false submit-rel=captured
[22:41:23.384] [38908] [I] SCOPY T3 frame=3983 drawn=23 buffer-after-draw=sampled changed-since-T2=true final-rel=captured node-row1=(0.045,0.948,0.316)
[22:41:23.384] [38908] [I] SCOPY T1c frame=3983 buffer=current slot=10 closest=bone-captured(2.14) next=captured-x-bind(2.14) | buffer=previous slot=10 closest=bone-captured(2.14) next=captured-x-bind(2.14)
[22:41:23.384] [38908] [I] SCOPY T3c frame=3983 buffer=current slot=10 closest=bone-captured(2.15) next=captured-x-bind(2.15) | buffer=previous slot=10 closest=bone-captured(2.14) next=captured-x-bind(2.14)
[22:41:23.603] [38908] [I] SCOPY T0 frame=3991 capture=1 bone='NPC Pelvis [Pelv]' skin='clothes' root='skeleton_female.nif' bone-origin=(0.9,-485.5,2.7) bone-row1=(0.058,0.990,0.125) witness='NPC L Toe0 [LToe]' witness-radius=23.89 subtree-nodes=219
[22:41:23.603] [38908] [I] SCOPY T1 frame=3991 bone-row1=(0.052,0.972,0.229) orientation-delta-deg=6.0 witness-moved=2.52 moved-range=[0.28,14.12] slot=10 buffer-pre=sampled pre-rel=captured probe-effective=true
[22:41:23.603] [38908] [I] SCOPY T2 frame=3991 pass-geometry='clothes' numMatrices=31 frameID=4260 buffer-submit=sampled changed-since-T1=false submit-rel=captured
[22:41:23.603] [38908] [I] SCOPY T3 frame=3991 drawn=23 buffer-after-draw=sampled changed-since-T2=true final-rel=captured node-row1=(0.052,0.972,0.229)
[22:41:23.603] [38908] [I] SCOPY T1c frame=3991 buffer=current slot=10 closest=bone-captured(2.18) next=captured-x-bind(2.18) | buffer=previous slot=10 closest=bone-captured(2.18) next=captured-x-bind(2.18)
[22:41:23.603] [38908] [I] SCOPY T3c frame=3991 buffer=current slot=10 closest=bone-captured(2.19) next=captured-x-bind(2.19) | buffer=previous slot=10 closest=bone-captured(2.18) next=captured-x-bind(2.18)
[22:41:23.818] [38908] [I] SCOPY T0 frame=3999 capture=1 bone='NPC Pelvis [Pelv]' skin='clothes' root='skeleton_female.nif' bone-origin=(0.9,-485.5,2.7) bone-row1=(0.058,0.990,0.125) witness='NPC L Toe0 [LToe]' witness-radius=23.89 subtree-nodes=219
[22:41:23.819] [38908] [I] SCOPY T1 frame=3999 bone-row1=(0.058,0.989,0.137) orientation-delta-deg=0.7 witness-moved=0.28 moved-range=[0.28,14.12] slot=10 buffer-pre=sampled pre-rel=captured probe-effective=true
[22:41:23.819] [38908] [I] SCOPY T2 frame=3999 pass-geometry='clothes' numMatrices=31 frameID=4268 buffer-submit=sampled changed-since-T1=false submit-rel=captured
[22:41:23.819] [38908] [I] SCOPY T3 frame=3999 drawn=23 buffer-after-draw=sampled changed-since-T2=true final-rel=captured node-row1=(0.058,0.989,0.137)
[22:41:23.819] [38908] [I] SCOPY T1c frame=3999 buffer=current slot=10 closest=bind(2.14) next=bind-T(2.14) | buffer=previous slot=10 closest=bind(2.15) next=bind-T(2.15)
[22:41:23.819] [38908] [I] SCOPY T3c frame=3999 buffer=current slot=10 closest=bind(2.14) next=bind-T(2.14) | buffer=previous slot=10 closest=bind(2.14) next=bind-T(2.14)
[22:41:24.034] [38908] [I] SCOPY T0 frame=4007 capture=1 bone='NPC Pelvis [Pelv]' skin='clothes' root='skeleton_female.nif' bone-origin=(0.9,-485.5,2.7) bone-row1=(0.058,0.990,0.125) witness='NPC L Toe0 [LToe]' witness-radius=23.89 subtree-nodes=219
[22:41:24.034] [38908] [I] SCOPY T1 frame=4007 bone-row1=(0.063,0.997,0.043) orientation-delta-deg=4.7 witness-moved=1.96 moved-range=[0.28,14.12] slot=10 buffer-pre=sampled pre-rel=swung probe-effective=true
[22:41:24.034] [38908] [I] SCOPY T2 frame=4007 pass-geometry='clothes' numMatrices=31 frameID=4276 buffer-submit=sampled changed-since-T1=false submit-rel=swung
[22:41:24.034] [38908] [I] SCOPY T3 frame=4007 drawn=23 buffer-after-draw=sampled changed-since-T2=true final-rel=swung node-row1=(0.063,0.997,0.043)
[22:41:24.034] [38908] [I] SCOPY T1c frame=4007 buffer=current slot=10 closest=bind(2.07) next=bind-T(2.07) | buffer=previous slot=10 closest=bind(2.08) next=bind-T(2.08)
[22:41:24.034] [38908] [I] SCOPY T3c frame=4007 buffer=current slot=10 closest=bind(2.06) next=bind-T(2.06) | buffer=previous slot=10 closest=bind(2.07) next=bind-T(2.07)
[22:41:24.221] [38908] [I] Clone draw: passes=23 rd-null=23 lights=3 | geoms=23 skinned=23 roots=2 num-mat=331 bone-count=331 bound=331
[22:41:24.221] [38908] [I] SCOPY DRAW frame=1201 passes=23 lights=true animation-driver=none physics-driver=none
[22:41:24.250] [38908] [I] SCOPY T0 frame=4015 capture=1 bone='NPC Pelvis [Pelv]' skin='clothes' root='skeleton_female.nif' bone-origin=(0.9,-485.5,2.7) bone-row1=(0.058,0.990,0.125) witness='NPC L Toe0 [LToe]' witness-radius=23.89 subtree-nodes=219
[22:41:24.250] [38908] [I] SCOPY T1 frame=4015 bone-row1=(0.068,0.997,-0.049) orientation-delta-deg=10.0 witness-moved=4.16 moved-range=[0.28,14.12] slot=10 buffer-pre=sampled pre-rel=swung probe-effective=true
[22:41:24.250] [38908] [I] SCOPY T2 frame=4015 pass-geometry='clothes' numMatrices=31 frameID=4284 buffer-submit=sampled changed-since-T1=false submit-rel=swung
[22:41:24.250] [38908] [I] SCOPY T3 frame=4015 drawn=23 buffer-after-draw=sampled changed-since-T2=true final-rel=swung node-row1=(0.068,0.997,-0.049)
[22:41:24.250] [38908] [I] SCOPY T1c frame=4015 buffer=current slot=10 closest=bind(2.06) next=bind-T(2.06) | buffer=previous slot=10 closest=bind(2.05) next=bind-T(2.05)
[22:41:24.250] [38908] [I] SCOPY T3c frame=4015 buffer=current slot=10 closest=bind(2.07) next=bind-T(2.07) | buffer=previous slot=10 closest=bind(2.06) next=bind-T(2.06)
[22:41:24.467] [38908] [I] SCOPY T0 frame=4023 capture=1 bone='NPC Pelvis [Pelv]' skin='clothes' root='skeleton_female.nif' bone-origin=(0.9,-485.5,2.7) bone-row1=(0.058,0.990,0.125) witness='NPC L Toe0 [LToe]' witness-radius=23.89 subtree-nodes=219
[22:41:24.467] [38908] [I] SCOPY T1 frame=4023 bone-row1=(0.072,0.988,-0.136) orientation-delta-deg=15.0 witness-moved=6.24 moved-range=[0.28,14.12] slot=10 buffer-pre=sampled pre-rel=swung probe-effective=true
[22:41:24.467] [38908] [I] SCOPY T2 frame=4023 pass-geometry='clothes' numMatrices=31 frameID=4292 buffer-submit=sampled changed-since-T1=false submit-rel=swung
[22:41:24.467] [38908] [I] SCOPY T3 frame=4023 drawn=23 buffer-after-draw=sampled changed-since-T2=true final-rel=swung node-row1=(0.072,0.988,-0.136)
[22:41:24.467] [38908] [I] SCOPY T1c frame=4023 buffer=current slot=10 closest=bind(2.13) next=bind-T(2.13) | buffer=previous slot=10 closest=bind(2.12) next=bind-T(2.12)
[22:41:24.467] [38908] [I] SCOPY T3c frame=4023 buffer=current slot=10 closest=bind(2.14) next=bind-T(2.14) | buffer=previous slot=10 closest=bind(2.13) next=bind-T(2.13)
[22:41:24.687] [38908] [I] SCOPY T0 frame=4031 capture=1 bone='NPC Pelvis [Pelv]' skin='clothes' root='skeleton_female.nif' bone-origin=(0.9,-485.5,2.7) bone-row1=(0.058,0.990,0.125) witness='NPC L Toe0 [LToe]' witness-radius=23.89 subtree-nodes=219
[22:41:24.687] [38908] [I] SCOPY T1 frame=4031 bone-row1=(0.075,0.974,-0.216) orientation-delta-deg=19.7 witness-moved=8.16 moved-range=[0.28,14.12] slot=10 buffer-pre=sampled pre-rel=swung probe-effective=true
[22:41:24.687] [38908] [I] SCOPY T2 frame=4031 pass-geometry='clothes' numMatrices=31 frameID=4300 buffer-submit=sampled changed-since-T1=false submit-rel=swung
[22:41:24.687] [38908] [I] SCOPY T3 frame=4031 drawn=23 buffer-after-draw=sampled changed-since-T2=true final-rel=swung node-row1=(0.075,0.974,-0.216)
[22:41:24.687] [38908] [I] SCOPY T1c frame=4031 buffer=current slot=10 closest=bind(2.19) next=bind-T(2.19) | buffer=previous slot=10 closest=bind(2.19) next=bind-T(2.19)
[22:41:24.687] [38908] [I] SCOPY T3c frame=4031 buffer=current slot=10 closest=bind(2.20) next=bind-T(2.20) | buffer=previous slot=10 closest=bind(2.19) next=bind-T(2.19)
[22:41:24.904] [38908] [I] SCOPY T0 frame=4039 capture=1 bone='NPC Pelvis [Pelv]' skin='clothes' root='skeleton_female.nif' bone-origin=(0.9,-485.5,2.7) bone-row1=(0.058,0.990,0.125) witness='NPC L Toe0 [LToe]' witness-radius=23.89 subtree-nodes=219
[22:41:24.904] [38908] [I] SCOPY T1 frame=4039 bone-row1=(0.077,0.955,-0.286) orientation-delta-deg=23.8 witness-moved=9.87 moved-range=[0.28,14.12] slot=10 buffer-pre=sampled pre-rel=swung probe-effective=true
[22:41:24.904] [38908] [I] SCOPY T2 frame=4039 pass-geometry='clothes' numMatrices=31 frameID=4308 buffer-submit=sampled changed-since-T1=false submit-rel=swung
[22:41:24.904] [38908] [I] SCOPY T3 frame=4039 drawn=23 buffer-after-draw=sampled changed-since-T2=true final-rel=swung node-row1=(0.077,0.955,-0.286)
[22:41:24.904] [38908] [I] SCOPY T1c frame=4039 buffer=current slot=10 closest=bind(2.25) next=bind-T(2.25) | buffer=previous slot=10 closest=bind(2.25) next=bind-T(2.25)
[22:41:24.904] [38908] [I] SCOPY T3c frame=4039 buffer=current slot=10 closest=bind(2.26) next=bind-T(2.26) | buffer=previous slot=10 closest=bind(2.25) next=bind-T(2.25)
[22:41:25.126] [38908] [I] SCOPY T0 frame=4047 capture=1 bone='NPC Pelvis [Pelv]' skin='clothes' root='skeleton_female.nif' bone-origin=(0.9,-485.5,2.7) bone-row1=(0.058,0.990,0.125) witness='NPC L Toe0 [LToe]' witness-radius=23.89 subtree-nodes=219
[22:41:25.126] [38908] [I] SCOPY T1 frame=4047 bone-row1=(0.079,0.935,-0.345) orientation-delta-deg=27.4 witness-moved=11.32 moved-range=[0.28,14.12] slot=10 buffer-pre=sampled pre-rel=swung probe-effective=true
[22:41:25.126] [38908] [I] SCOPY T2 frame=4047 pass-geometry='clothes' numMatrices=31 frameID=4316 buffer-submit=sampled changed-since-T1=false submit-rel=swung
[22:41:25.126] [38908] [I] SCOPY T3 frame=4047 drawn=23 buffer-after-draw=sampled changed-since-T2=true final-rel=swung node-row1=(0.079,0.935,-0.345)
[22:41:25.126] [38908] [I] SCOPY T1c frame=4047 buffer=current slot=10 closest=bone-captured-T(2.29) next=bind(2.31) | buffer=previous slot=10 closest=bone-captured-T(2.30) next=bind(2.30)
[22:41:25.126] [38908] [I] SCOPY T3c frame=4047 buffer=current slot=10 closest=bone-captured-T(2.29) next=bind(2.32) | buffer=previous slot=10 closest=bone-captured-T(2.29) next=bind(2.31)
[22:41:25.336] [38908] [I] SCOPY T0 frame=4055 capture=1 bone='NPC Pelvis [Pelv]' skin='clothes' root='skeleton_female.nif' bone-origin=(0.9,-485.5,2.7) bone-row1=(0.058,0.990,0.125) witness='NPC L Toe0 [LToe]' witness-radius=23.89 subtree-nodes=219
[22:41:25.336] [38908] [I] SCOPY T1 frame=4055 bone-row1=(0.080,0.916,-0.392) orientation-delta-deg=30.3 witness-moved=12.50 moved-range=[0.28,14.12] slot=10 buffer-pre=sampled pre-rel=swung probe-effective=true
[22:41:25.336] [38908] [I] SCOPY T2 frame=4055 pass-geometry='clothes' numMatrices=31 frameID=4324 buffer-submit=sampled changed-since-T1=false submit-rel=swung
[22:41:25.336] [38908] [I] SCOPY T3 frame=4055 drawn=23 buffer-after-draw=sampled changed-since-T2=true final-rel=swung node-row1=(0.080,0.916,-0.392)
[22:41:25.336] [38908] [I] SCOPY T1c frame=4055 buffer=current slot=10 closest=bone-captured-T(2.32) next=bind(2.36) | buffer=previous slot=10 closest=bone-captured-T(2.32) next=bind(2.35)
[22:41:25.336] [38908] [I] SCOPY T3c frame=4055 buffer=current slot=10 closest=bone-captured-T(2.33) next=bind(2.36) | buffer=previous slot=10 closest=bone-captured-T(2.32) next=bind(2.36)
[22:41:25.558] [38908] [I] SCOPY T0 frame=4063 capture=1 bone='NPC Pelvis [Pelv]' skin='clothes' root='skeleton_female.nif' bone-origin=(0.9,-485.5,2.7) bone-row1=(0.058,0.990,0.125) witness='NPC L Toe0 [LToe]' witness-radius=23.89 subtree-nodes=219
[22:41:25.558] [38908] [I] SCOPY T1 frame=4063 bone-row1=(0.081,0.901,-0.427) orientation-delta-deg=32.5 witness-moved=13.36 moved-range=[0.28,14.12] slot=10 buffer-pre=sampled pre-rel=swung probe-effective=true
[22:41:25.558] [38908] [I] SCOPY T2 frame=4063 pass-geometry='clothes' numMatrices=31 frameID=4332 buffer-submit=sampled changed-since-T1=false submit-rel=swung
[22:41:25.558] [38908] [I] SCOPY T3 frame=4063 drawn=23 buffer-after-draw=sampled changed-since-T2=true final-rel=swung node-row1=(0.081,0.901,-0.427)
[22:41:25.558] [38908] [I] SCOPY T1c frame=4063 buffer=current slot=10 closest=bone-captured-T(2.36) next=bind(2.39) | buffer=previous slot=10 closest=bone-captured-T(2.35) next=bind(2.39)
[22:41:25.558] [38908] [I] SCOPY T3c frame=4063 buffer=current slot=10 closest=bone-captured-T(2.36) next=bind(2.40) | buffer=previous slot=10 closest=bone-captured-T(2.36) next=bind(2.39)
[22:41:25.779] [38908] [I] SCOPY T0 frame=4071 capture=1 bone='NPC Pelvis [Pelv]' skin='clothes' root='skeleton_female.nif' bone-origin=(0.9,-485.5,2.7) bone-row1=(0.058,0.990,0.125) witness='NPC L Toe0 [LToe]' witness-radius=23.89 subtree-nodes=219
[22:41:25.779] [38908] [I] SCOPY T1 frame=4071 bone-row1=(0.082,0.890,-0.448) orientation-delta-deg=33.8 witness-moved=13.91 moved-range=[0.28,14.12] slot=10 buffer-pre=sampled pre-rel=swung probe-effective=true
[22:41:25.779] [38908] [I] SCOPY T2 frame=4071 pass-geometry='clothes' numMatrices=31 frameID=4340 buffer-submit=sampled changed-since-T1=false submit-rel=swung
[22:41:25.779] [38908] [I] SCOPY T3 frame=4071 drawn=23 buffer-after-draw=sampled changed-since-T2=true final-rel=swung node-row1=(0.082,0.890,-0.448)
[22:41:25.779] [38908] [I] SCOPY T1c frame=4071 buffer=current slot=10 closest=bone-captured-T(2.38) next=bind(2.42) | buffer=previous slot=10 closest=bone-captured-T(2.38) next=bind(2.41)
[22:41:25.779] [38908] [I] SCOPY T3c frame=4071 buffer=current slot=10 closest=bone-captured-T(2.38) next=bind(2.42) | buffer=previous slot=10 closest=bone-captured-T(2.38) next=bind(2.42)
[22:41:25.994] [38908] [I] SCOPY T0 frame=4079 capture=1 bone='NPC Pelvis [Pelv]' skin='clothes' root='skeleton_female.nif' bone-origin=(0.9,-485.5,2.7) bone-row1=(0.058,0.990,0.125) witness='NPC L Toe0 [LToe]' witness-radius=23.89 subtree-nodes=219
[22:41:25.994] [38908] [I] SCOPY T1 frame=4079 bone-row1=(0.082,0.886,-0.456) orientation-delta-deg=34.4 witness-moved=14.12 moved-range=[0.28,14.12] slot=10 buffer-pre=sampled pre-rel=swung probe-effective=true
[22:41:25.994] [38908] [I] SCOPY T2 frame=4079 pass-geometry='clothes' numMatrices=31 frameID=4348 buffer-submit=sampled changed-since-T1=false submit-rel=swung
[22:41:25.994] [38908] [I] SCOPY T3 frame=4079 drawn=23 buffer-after-draw=sampled changed-since-T2=true final-rel=swung node-row1=(0.082,0.886,-0.456)
[22:41:25.994] [38908] [I] SCOPY T1c frame=4079 buffer=current slot=10 closest=bone-captured-T(2.39) next=bind(2.43) | buffer=previous slot=10 closest=bone-captured-T(2.39) next=bind(2.42)
[22:41:25.994] [38908] [I] SCOPY T3c frame=4079 buffer=current slot=10 closest=bone-captured-T(2.39) next=bind(2.43) | buffer=previous slot=10 closest=bone-captured-T(2.39) next=bind(2.43)
[22:41:26.212] [38908] [I] SCOPY T0 frame=4087 capture=1 bone='NPC Pelvis [Pelv]' skin='clothes' root='skeleton_female.nif' bone-origin=(0.9,-485.5,2.7) bone-row1=(0.058,0.990,0.125) witness='NPC L Toe0 [LToe]' witness-radius=23.89 subtree-nodes=219
[22:41:26.212] [38908] [I] SCOPY T1 frame=4087 bone-row1=(0.082,0.889,-0.451) orientation-delta-deg=34.1 witness-moved=13.99 moved-range=[0.28,14.12] slot=10 buffer-pre=sampled pre-rel=swung probe-effective=true
[22:41:26.212] [38908] [I] SCOPY T2 frame=4087 pass-geometry='clothes' numMatrices=31 frameID=4356 buffer-submit=sampled changed-since-T1=false submit-rel=swung
[22:41:26.212] [38908] [I] SCOPY T3 frame=4087 drawn=23 buffer-after-draw=sampled changed-since-T2=true final-rel=swung node-row1=(0.082,0.889,-0.451)
[22:41:26.212] [38908] [I] SCOPY T1c frame=4087 buffer=current slot=10 closest=bone-captured-T(2.39) next=bind(2.42) | buffer=previous slot=10 closest=bone-captured-T(2.39) next=bind(2.42)
[22:41:26.212] [38908] [I] SCOPY T3c frame=4087 buffer=current slot=10 closest=bone-captured-T(2.39) next=bind(2.42) | buffer=previous slot=10 closest=bone-captured-T(2.39) next=bind(2.42)
[22:41:26.433] [38908] [I] SCOPY T0 frame=4095 capture=1 bone='NPC Pelvis [Pelv]' skin='clothes' root='skeleton_female.nif' bone-origin=(0.9,-485.5,2.7) bone-row1=(0.058,0.990,0.125) witness='NPC L Toe0 [LToe]' witness-radius=23.89 subtree-nodes=219
[22:41:26.433] [38908] [I] SCOPY T1 frame=4095 bone-row1=(0.081,0.898,-0.433) orientation-delta-deg=32.9 witness-moved=13.53 moved-range=[0.28,14.12] slot=10 buffer-pre=sampled pre-rel=swung probe-effective=true
[22:41:26.433] [38908] [I] SCOPY T2 frame=4095 pass-geometry='clothes' numMatrices=31 frameID=4364 buffer-submit=sampled changed-since-T1=false submit-rel=swung
[22:41:26.433] [38908] [I] SCOPY T3 frame=4095 drawn=23 buffer-after-draw=sampled changed-since-T2=true final-rel=swung node-row1=(0.081,0.898,-0.433)
[22:41:26.433] [38908] [I] SCOPY T1c frame=4095 buffer=current slot=10 closest=bone-captured-T(2.37) next=bind(2.41) | buffer=previous slot=10 closest=bone-captured-T(2.37) next=bind(2.41)
[22:41:26.433] [38908] [I] SCOPY T3c frame=4095 buffer=current slot=10 closest=bone-captured-T(2.37) next=bind(2.40) | buffer=previous slot=10 closest=bone-captured-T(2.37) next=bind(2.41)
[22:41:26.643] [38908] [I] SCOPY T0 frame=4103 capture=1 bone='NPC Pelvis [Pelv]' skin='clothes' root='skeleton_female.nif' bone-origin=(0.9,-485.5,2.7) bone-row1=(0.058,0.990,0.125) witness='NPC L Toe0 [LToe]' witness-radius=23.89 subtree-nodes=219
[22:41:26.643] [38908] [I] SCOPY T1 frame=4103 bone-row1=(0.081,0.912,-0.402) orientation-delta-deg=30.9 witness-moved=12.74 moved-range=[0.28,14.12] slot=10 buffer-pre=sampled pre-rel=swung probe-effective=true
[22:41:26.643] [38908] [I] SCOPY T2 frame=4103 pass-geometry='clothes' numMatrices=31 frameID=4372 buffer-submit=sampled changed-since-T1=false submit-rel=swung
[22:41:26.643] [38908] [I] SCOPY T3 frame=4103 drawn=23 buffer-after-draw=sampled changed-since-T2=true final-rel=swung node-row1=(0.081,0.912,-0.402)
[22:41:26.643] [38908] [I] SCOPY T1c frame=4103 buffer=current slot=10 closest=bone-captured-T(2.34) next=bind(2.38) | buffer=previous slot=10 closest=bone-captured-T(2.35) next=bind(2.38)
[22:41:26.643] [38908] [I] SCOPY T3c frame=4103 buffer=current slot=10 closest=bone-captured-T(2.34) next=bind(2.37) | buffer=previous slot=10 closest=bone-captured-T(2.34) next=bind(2.38)
[22:41:26.854] [38908] [I] SCOPY T0 frame=4111 capture=1 bone='NPC Pelvis [Pelv]' skin='clothes' root='skeleton_female.nif' bone-origin=(0.9,-485.5,2.7) bone-row1=(0.058,0.990,0.125) witness='NPC L Toe0 [LToe]' witness-radius=23.89 subtree-nodes=219
[22:41:26.854] [38908] [I] SCOPY T1 frame=4111 bone-row1=(0.080,0.930,-0.358) orientation-delta-deg=28.2 witness-moved=11.64 moved-range=[0.28,14.12] slot=10 buffer-pre=sampled pre-rel=swung probe-effective=true
[22:41:26.854] [38908] [I] SCOPY T2 frame=4111 pass-geometry='clothes' numMatrices=31 frameID=4380 buffer-submit=sampled changed-since-T1=false submit-rel=swung
[22:41:26.854] [38908] [I] SCOPY T3 frame=4111 drawn=23 buffer-after-draw=sampled changed-since-T2=true final-rel=swung node-row1=(0.080,0.930,-0.358)
[22:41:26.854] [38908] [I] SCOPY T1c frame=4111 buffer=current slot=10 closest=bone-captured-T(2.30) next=bind(2.33) | buffer=previous slot=10 closest=bone-captured-T(2.31) next=bind(2.34)
[22:41:26.854] [38908] [I] SCOPY T3c frame=4111 buffer=current slot=10 closest=bone-captured-T(2.30) next=bind(2.33) | buffer=previous slot=10 closest=bone-captured-T(2.30) next=bind(2.33)
[22:41:27.074] [38908] [I] SCOPY T0 frame=4119 capture=1 bone='NPC Pelvis [Pelv]' skin='clothes' root='skeleton_female.nif' bone-origin=(0.9,-485.5,2.7) bone-row1=(0.058,0.990,0.125) witness='NPC L Toe0 [LToe]' witness-radius=23.89 subtree-nodes=219
[22:41:27.074] [38908] [I] SCOPY T1 frame=4119 bone-row1=(0.078,0.950,-0.302) orientation-delta-deg=24.8 witness-moved=10.25 moved-range=[0.28,14.12] slot=10 buffer-pre=sampled pre-rel=swung probe-effective=true
[22:41:27.074] [38908] [I] SCOPY T2 frame=4119 pass-geometry='clothes' numMatrices=31 frameID=4388 buffer-submit=sampled changed-since-T1=false submit-rel=swung
[22:41:27.074] [38908] [I] SCOPY T3 frame=4119 drawn=23 buffer-after-draw=sampled changed-since-T2=true final-rel=swung node-row1=(0.078,0.950,-0.302)
[22:41:27.074] [38908] [I] SCOPY T1c frame=4119 buffer=current slot=10 closest=bind(2.28) next=bind-T(2.28) | buffer=previous slot=10 closest=bind(2.29) next=bind-T(2.29)
[22:41:27.074] [38908] [I] SCOPY T3c frame=4119 buffer=current slot=10 closest=bind(2.28) next=bind-T(2.28) | buffer=previous slot=10 closest=bind(2.28) next=bind-T(2.28)
[22:41:27.288] [38908] [I] SCOPY T0 frame=4127 capture=1 bone='NPC Pelvis [Pelv]' skin='clothes' root='skeleton_female.nif' bone-origin=(0.9,-485.5,2.7) bone-row1=(0.058,0.990,0.125) witness='NPC L Toe0 [LToe]' witness-radius=23.89 subtree-nodes=219
[22:41:27.288] [38908] [I] SCOPY T1 frame=4127 bone-row1=(0.076,0.969,-0.234) orientation-delta-deg=20.7 witness-moved=8.61 moved-range=[0.28,14.12] slot=10 buffer-pre=sampled pre-rel=swung probe-effective=true
[22:41:27.288] [38908] [I] SCOPY T2 frame=4127 pass-geometry='clothes' numMatrices=31 frameID=4396 buffer-submit=sampled changed-since-T1=false submit-rel=swung
[22:41:27.288] [38908] [I] SCOPY T3 frame=4127 drawn=23 buffer-after-draw=sampled changed-since-T2=true final-rel=swung node-row1=(0.076,0.969,-0.234)
[22:41:27.288] [38908] [I] SCOPY T1c frame=4127 buffer=current slot=10 closest=bind(2.22) next=bind-T(2.22) | buffer=previous slot=10 closest=bind(2.23) next=bind-T(2.23)
[22:41:27.288] [38908] [I] SCOPY T3c frame=4127 buffer=current slot=10 closest=bind(2.22) next=bind-T(2.22) | buffer=previous slot=10 closest=bind(2.22) next=bind-T(2.22)
[22:41:27.476] [38908] [I] Clone draw: passes=23 rd-null=23 lights=3 | geoms=23 skinned=23 roots=2 num-mat=331 bone-count=331 bound=331
[22:41:27.476] [38908] [I] SCOPY DRAW frame=1321 passes=23 lights=true animation-driver=none physics-driver=none
[22:41:27.500] [38908] [I] SCOPY T0 frame=4135 capture=1 bone='NPC Pelvis [Pelv]' skin='clothes' root='skeleton_female.nif' bone-origin=(0.9,-485.5,2.7) bone-row1=(0.058,0.990,0.125) witness='NPC L Toe0 [LToe]' witness-radius=23.89 subtree-nodes=219
[22:41:27.500] [38908] [I] SCOPY T1 frame=4135 bone-row1=(0.073,0.985,-0.156) orientation-delta-deg=16.2 witness-moved=6.74 moved-range=[0.28,14.12] slot=10 buffer-pre=sampled pre-rel=swung probe-effective=true
[22:41:27.500] [38908] [I] SCOPY T2 frame=4135 pass-geometry='clothes' numMatrices=31 frameID=4404 buffer-submit=sampled changed-since-T1=false submit-rel=swung
[22:41:27.500] [38908] [I] SCOPY T3 frame=4135 drawn=23 buffer-after-draw=sampled changed-since-T2=true final-rel=swung node-row1=(0.073,0.985,-0.156)
[22:41:27.500] [38908] [I] SCOPY T1c frame=4135 buffer=current slot=10 closest=bind(2.16) next=bind-T(2.16) | buffer=previous slot=10 closest=bind(2.17) next=bind-T(2.17)
[22:41:27.500] [38908] [I] SCOPY T3c frame=4135 buffer=current slot=10 closest=bind(2.15) next=bind-T(2.15) | buffer=previous slot=10 closest=bind(2.16) next=bind-T(2.16)
[22:41:27.720] [38908] [I] SCOPY T0 frame=4143 capture=1 bone='NPC Pelvis [Pelv]' skin='clothes' root='skeleton_female.nif' bone-origin=(0.9,-485.5,2.7) bone-row1=(0.058,0.990,0.125) witness='NPC L Toe0 [LToe]' witness-radius=23.89 subtree-nodes=219
[22:41:27.721] [38908] [I] SCOPY T1 frame=4143 bone-row1=(0.069,0.995,-0.071) orientation-delta-deg=11.3 witness-moved=4.69 moved-range=[0.28,14.12] slot=10 buffer-pre=sampled pre-rel=swung probe-effective=true
[22:41:27.721] [38908] [I] SCOPY T2 frame=4143 pass-geometry='clothes' numMatrices=31 frameID=4412 buffer-submit=sampled changed-since-T1=false submit-rel=swung
[22:41:27.721] [38908] [I] SCOPY T3 frame=4143 drawn=23 buffer-after-draw=sampled changed-since-T2=true final-rel=swung node-row1=(0.069,0.995,-0.071)
[22:41:27.721] [38908] [I] SCOPY T1c frame=4143 buffer=current slot=10 closest=bind(2.09) next=bind-T(2.09) | buffer=previous slot=10 closest=bind(2.10) next=bind-T(2.10)
[22:41:27.721] [38908] [I] SCOPY T3c frame=4143 buffer=current slot=10 closest=bind(2.09) next=bind-T(2.09) | buffer=previous slot=10 closest=bind(2.09) next=bind-T(2.09)
[22:41:27.935] [38908] [I] SCOPY T0 frame=4151 capture=1 bone='NPC Pelvis [Pelv]' skin='clothes' root='skeleton_female.nif' bone-origin=(0.9,-485.5,2.7) bone-row1=(0.058,0.990,0.125) witness='NPC L Toe0 [LToe]' witness-radius=23.89 subtree-nodes=219
[22:41:27.935] [38908] [I] SCOPY T1 frame=4151 bone-row1=(0.064,0.998,0.020) orientation-delta-deg=6.0 witness-moved=2.52 moved-range=[0.28,14.12] slot=10 buffer-pre=sampled pre-rel=swung probe-effective=true
[22:41:27.935] [38908] [I] SCOPY T2 frame=4151 pass-geometry='clothes' numMatrices=31 frameID=4420 buffer-submit=sampled changed-since-T1=false submit-rel=swung
[22:41:27.935] [38908] [I] SCOPY T3 frame=4151 drawn=23 buffer-after-draw=sampled changed-since-T2=true final-rel=swung node-row1=(0.064,0.998,0.020)
[22:41:27.935] [38908] [I] SCOPY T1c frame=4151 buffer=current slot=10 closest=bind(2.04) next=bind-T(2.04) | buffer=previous slot=10 closest=bind(2.04) next=bind-T(2.04)
[22:41:27.935] [38908] [I] SCOPY T3c frame=4151 buffer=current slot=10 closest=bind(2.05) next=bind-T(2.05) | buffer=previous slot=10 closest=bind(2.04) next=bind-T(2.04)
[22:41:28.152] [38908] [I] SCOPY T0 frame=4159 capture=1 bone='NPC Pelvis [Pelv]' skin='clothes' root='skeleton_female.nif' bone-origin=(0.9,-485.5,2.7) bone-row1=(0.058,0.990,0.125) witness='NPC L Toe0 [LToe]' witness-radius=23.89 subtree-nodes=219
[22:41:28.152] [38908] [I] SCOPY T1 frame=4159 bone-row1=(0.059,0.992,0.113) orientation-delta-deg=0.7 witness-moved=0.28 moved-range=[0.28,14.12] slot=10 buffer-pre=sampled pre-rel=swung probe-effective=true
[22:41:28.152] [38908] [I] SCOPY T2 frame=4159 pass-geometry='clothes' numMatrices=31 frameID=4428 buffer-submit=sampled changed-since-T1=false submit-rel=swung
[22:41:28.152] [38908] [I] SCOPY T3 frame=4159 drawn=23 buffer-after-draw=sampled changed-since-T2=true final-rel=swung node-row1=(0.059,0.992,0.113)
[22:41:28.152] [38908] [I] SCOPY T1c frame=4159 buffer=current slot=10 closest=bind(2.11) next=bind-T(2.11) | buffer=previous slot=10 closest=bind(2.10) next=bind-T(2.10)
[22:41:28.152] [38908] [I] SCOPY T3c frame=4159 buffer=current slot=10 closest=bind(2.12) next=bind-T(2.12) | buffer=previous slot=10 closest=bind(2.11) next=bind-T(2.11)
[22:41:28.363] [38908] [I] SCOPY T0 frame=4167 capture=1 bone='NPC Pelvis [Pelv]' skin='clothes' root='skeleton_female.nif' bone-origin=(0.9,-485.5,2.7) bone-row1=(0.058,0.990,0.125) witness='NPC L Toe0 [LToe]' witness-radius=23.89 subtree-nodes=219
[22:41:28.363] [38908] [I] SCOPY T1 frame=4167 bone-row1=(0.053,0.977,0.206) orientation-delta-deg=4.7 witness-moved=1.96 moved-range=[0.28,14.12] slot=10 buffer-pre=sampled pre-rel=captured probe-effective=true
[22:41:28.363] [38908] [I] SCOPY T2 frame=4167 pass-geometry='clothes' numMatrices=31 frameID=4436 buffer-submit=sampled changed-since-T1=false submit-rel=captured
[22:41:28.363] [38908] [I] SCOPY T3 frame=4167 drawn=23 buffer-after-draw=sampled changed-since-T2=true final-rel=captured node-row1=(0.053,0.977,0.206)
[22:41:28.363] [38908] [I] SCOPY T1c frame=4167 buffer=current slot=10 closest=bind(2.18) next=bind-T(2.18) | buffer=previous slot=10 closest=bind(2.17) next=bind-T(2.17)
[22:41:28.363] [38908] [I] SCOPY T3c frame=4167 buffer=current slot=10 closest=bind(2.19) next=bind-T(2.19) | buffer=previous slot=10 closest=bind(2.18) next=bind-T(2.18)
[22:41:28.579] [38908] [I] SCOPY T0 frame=4175 capture=1 bone='NPC Pelvis [Pelv]' skin='clothes' root='skeleton_female.nif' bone-origin=(0.9,-485.5,2.7) bone-row1=(0.058,0.990,0.125) witness='NPC L Toe0 [LToe]' witness-radius=23.89 subtree-nodes=219
[22:41:28.579] [38908] [I] SCOPY T1 frame=4175 bone-row1=(0.047,0.954,0.295) orientation-delta-deg=10.0 witness-moved=4.16 moved-range=[0.28,14.12] slot=10 buffer-pre=sampled pre-rel=captured probe-effective=true
[22:41:28.579] [38908] [I] SCOPY T2 frame=4175 pass-geometry='clothes' numMatrices=31 frameID=4444 buffer-submit=sampled changed-since-T1=false submit-rel=captured
[22:41:28.579] [38908] [I] SCOPY T3 frame=4175 drawn=23 buffer-after-draw=sampled changed-since-T2=true final-rel=captured node-row1=(0.047,0.954,0.295)
[22:41:28.579] [38908] [I] SCOPY T1c frame=4175 buffer=current slot=10 closest=bone-captured(2.16) next=captured-x-bind(2.16) | buffer=previous slot=10 closest=bone-captured(2.17) next=captured-x-bind(2.17)
[22:41:28.579] [38908] [I] SCOPY T3c frame=4175 buffer=current slot=10 closest=bone-captured(2.16) next=captured-x-bind(2.16) | buffer=previous slot=10 closest=bone-captured(2.16) next=captured-x-bind(2.16)
[22:41:28.790] [38908] [I] SCOPY T0 frame=4183 capture=1 bone='NPC Pelvis [Pelv]' skin='clothes' root='skeleton_female.nif' bone-origin=(0.9,-485.5,2.7) bone-row1=(0.058,0.990,0.125) witness='NPC L Toe0 [LToe]' witness-radius=23.89 subtree-nodes=219
[22:41:28.790] [38908] [I] SCOPY T1 frame=4183 bone-row1=(0.041,0.925,0.377) orientation-delta-deg=15.0 witness-moved=6.24 moved-range=[0.28,14.12] slot=10 buffer-pre=sampled pre-rel=captured probe-effective=true
[22:41:28.790] [38908] [I] SCOPY T2 frame=4183 pass-geometry='clothes' numMatrices=31 frameID=4452 buffer-submit=sampled changed-since-T1=false submit-rel=captured
[22:41:28.790] [38908] [I] SCOPY T3 frame=4183 drawn=23 buffer-after-draw=sampled changed-since-T2=true final-rel=captured node-row1=(0.041,0.925,0.377)
[22:41:28.790] [38908] [I] SCOPY T1c frame=4183 buffer=current slot=10 closest=bone-captured(2.14) next=captured-x-bind(2.14) | buffer=previous slot=10 closest=bone-captured(2.13) next=captured-x-bind(2.13)
[22:41:28.790] [38908] [I] SCOPY T3c frame=4183 buffer=current slot=10 closest=bone-captured(2.15) next=captured-x-bind(2.15) | buffer=previous slot=10 closest=bone-captured(2.14) next=captured-x-bind(2.14)
[22:41:29.004] [38908] [I] SCOPY T0 frame=4191 capture=1 bone='NPC Pelvis [Pelv]' skin='clothes' root='skeleton_female.nif' bone-origin=(0.9,-485.5,2.7) bone-row1=(0.058,0.990,0.125) witness='NPC L Toe0 [LToe]' witness-radius=23.89 subtree-nodes=219
[22:41:29.004] [38908] [I] SCOPY T1 frame=4191 bone-row1=(0.035,0.892,0.451) orientation-delta-deg=19.7 witness-moved=8.16 moved-range=[0.28,14.12] slot=10 buffer-pre=sampled pre-rel=captured probe-effective=true
[22:41:29.004] [38908] [I] SCOPY T2 frame=4191 pass-geometry='clothes' numMatrices=31 frameID=4460 buffer-submit=sampled changed-since-T1=false submit-rel=captured
[22:41:29.004] [38908] [I] SCOPY T3 frame=4191 drawn=23 buffer-after-draw=sampled changed-since-T2=true final-rel=captured node-row1=(0.035,0.892,0.451)
[22:41:29.004] [38908] [I] SCOPY T1c frame=4191 buffer=current slot=10 closest=bone-captured(2.22) next=captured-x-bind(2.22) | buffer=previous slot=10 closest=bone-captured(2.21) next=captured-x-bind(2.21)
[22:41:29.004] [38908] [I] SCOPY T3c frame=4191 buffer=current slot=10 closest=bone-captured(2.23) next=captured-x-bind(2.23) | buffer=previous slot=10 closest=bone-captured(2.22) next=captured-x-bind(2.22)
[22:41:29.221] [38908] [I] SCOPY T0 frame=4199 capture=1 bone='NPC Pelvis [Pelv]' skin='clothes' root='skeleton_female.nif' bone-origin=(0.9,-485.5,2.7) bone-row1=(0.058,0.990,0.125) witness='NPC L Toe0 [LToe]' witness-radius=23.89 subtree-nodes=219
[22:41:29.221] [38908] [I] SCOPY T1 frame=4199 bone-row1=(0.029,0.857,0.515) orientation-delta-deg=23.8 witness-moved=9.87 moved-range=[0.28,14.12] slot=10 buffer-pre=sampled pre-rel=captured probe-effective=true
[22:41:29.221] [38908] [I] SCOPY T2 frame=4199 pass-geometry='clothes' numMatrices=31 frameID=4468 buffer-submit=sampled changed-since-T1=false submit-rel=captured
[22:41:29.221] [38908] [I] SCOPY T3 frame=4199 drawn=23 buffer-after-draw=sampled changed-since-T2=true final-rel=captured node-row1=(0.029,0.857,0.515)
[22:41:29.221] [38908] [I] SCOPY T1c frame=4199 buffer=current slot=10 closest=bone-captured(2.29) next=captured-x-bind(2.29) | buffer=previous slot=10 closest=bone-captured(2.28) next=captured-x-bind(2.28)
[22:41:29.221] [38908] [I] SCOPY T3c frame=4199 buffer=current slot=10 closest=bone-captured(2.30) next=captured-x-bind(2.30) | buffer=previous slot=10 closest=bone-captured(2.29) next=captured-x-bind(2.29)
[22:41:29.439] [38908] [I] SCOPY T0 frame=4207 capture=1 bone='NPC Pelvis [Pelv]' skin='clothes' root='skeleton_female.nif' bone-origin=(0.9,-485.5,2.7) bone-row1=(0.058,0.990,0.125) witness='NPC L Toe0 [LToe]' witness-radius=23.89 subtree-nodes=219
[22:41:29.439] [38908] [I] SCOPY T1 frame=4207 bone-row1=(0.024,0.823,0.567) orientation-delta-deg=27.4 witness-moved=11.32 moved-range=[0.28,14.12] slot=10 buffer-pre=sampled pre-rel=captured probe-effective=true
[22:41:29.439] [38908] [I] SCOPY T2 frame=4207 pass-geometry='clothes' numMatrices=31 frameID=4476 buffer-submit=sampled changed-since-T1=false submit-rel=captured
[22:41:29.439] [38908] [I] SCOPY T3 frame=4207 drawn=23 buffer-after-draw=sampled changed-since-T2=true final-rel=captured node-row1=(0.024,0.823,0.567)
[22:41:29.439] [38908] [I] SCOPY T1c frame=4207 buffer=current slot=10 closest=bone-captured(2.35) next=captured-x-bind(2.35) | buffer=previous slot=10 closest=bone-captured(2.35) next=captured-x-bind(2.35)
[22:41:29.439] [38908] [I] SCOPY T3c frame=4207 buffer=current slot=10 closest=bone-captured(2.36) next=captured-x-bind(2.36) | buffer=previous slot=10 closest=bone-captured(2.35) next=captured-x-bind(2.35)
[22:41:29.651] [38908] [I] SCOPY T0 frame=4215 capture=1 bone='NPC Pelvis [Pelv]' skin='clothes' root='skeleton_female.nif' bone-origin=(0.9,-485.5,2.7) bone-row1=(0.058,0.990,0.125) witness='NPC L Toe0 [LToe]' witness-radius=23.89 subtree-nodes=219
[22:41:29.651] [38908] [I] SCOPY T1 frame=4215 bone-row1=(0.020,0.794,0.608) orientation-delta-deg=30.3 witness-moved=12.50 moved-range=[0.28,14.12] slot=10 buffer-pre=sampled pre-rel=captured probe-effective=true
[22:41:29.651] [38908] [I] SCOPY T2 frame=4215 pass-geometry='clothes' numMatrices=31 frameID=4484 buffer-submit=sampled changed-since-T1=false submit-rel=captured
[22:41:29.651] [38908] [I] SCOPY T3 frame=4215 drawn=23 buffer-after-draw=sampled changed-since-T2=true final-rel=captured node-row1=(0.020,0.794,0.608)
[22:41:29.651] [38908] [I] SCOPY T1c frame=4215 buffer=current slot=10 closest=bone-captured(2.41) next=captured-x-bind(2.41) | buffer=previous slot=10 closest=bone-captured(2.40) next=captured-x-bind(2.40)
[22:41:29.651] [38908] [I] SCOPY T3c frame=4215 buffer=current slot=10 closest=bone-captured(2.41) next=captured-x-bind(2.41) | buffer=previous slot=10 closest=bone-captured(2.41) next=captured-x-bind(2.41)
[22:41:29.870] [38908] [I] SCOPY T0 frame=4223 capture=1 bone='NPC Pelvis [Pelv]' skin='clothes' root='skeleton_female.nif' bone-origin=(0.9,-485.5,2.7) bone-row1=(0.058,0.990,0.125) witness='NPC L Toe0 [LToe]' witness-radius=23.89 subtree-nodes=219
[22:41:29.870] [38908] [I] SCOPY T1 frame=4223 bone-row1=(0.017,0.770,0.637) orientation-delta-deg=32.5 witness-moved=13.36 moved-range=[0.28,14.12] slot=10 buffer-pre=sampled pre-rel=captured probe-effective=true
[22:41:29.870] [38908] [I] SCOPY T2 frame=4223 pass-geometry='clothes' numMatrices=31 frameID=4492 buffer-submit=sampled changed-since-T1=false submit-rel=captured
[22:41:29.870] [38908] [I] SCOPY T3 frame=4223 drawn=23 buffer-after-draw=sampled changed-since-T2=true final-rel=captured node-row1=(0.017,0.770,0.637)
[22:41:29.870] [38908] [I] SCOPY T1c frame=4223 buffer=current slot=10 closest=bone-captured(2.44) next=captured-x-bind(2.44) | buffer=previous slot=10 closest=bone-captured(2.44) next=captured-x-bind(2.44)
[22:41:29.870] [38908] [I] SCOPY T3c frame=4223 buffer=current slot=10 closest=bone-captured(2.45) next=captured-x-bind(2.45) | buffer=previous slot=10 closest=bone-captured(2.44) next=captured-x-bind(2.44)
[22:41:30.081] [38908] [I] SCOPY T0 frame=4231 capture=1 bone='NPC Pelvis [Pelv]' skin='clothes' root='skeleton_female.nif' bone-origin=(0.9,-485.5,2.7) bone-row1=(0.058,0.990,0.125) witness='NPC L Toe0 [LToe]' witness-radius=23.89 subtree-nodes=219
[22:41:30.081] [38908] [I] SCOPY T1 frame=4231 bone-row1=(0.015,0.755,0.656) orientation-delta-deg=33.8 witness-moved=13.91 moved-range=[0.28,14.12] slot=10 buffer-pre=sampled pre-rel=captured probe-effective=true
[22:41:30.081] [38908] [I] SCOPY T2 frame=4231 pass-geometry='clothes' numMatrices=31 frameID=4500 buffer-submit=sampled changed-since-T1=false submit-rel=captured
[22:41:30.081] [38908] [I] SCOPY T3 frame=4231 drawn=23 buffer-after-draw=sampled changed-since-T2=true final-rel=captured node-row1=(0.015,0.755,0.656)
[22:41:30.081] [38908] [I] SCOPY T1c frame=4231 buffer=current slot=10 closest=bone-captured(2.47) next=captured-x-bind(2.47) | buffer=previous slot=10 closest=bone-captured(2.47) next=captured-x-bind(2.47)
[22:41:30.081] [38908] [I] SCOPY T3c frame=4231 buffer=current slot=10 closest=bone-captured(2.47) next=captured-x-bind(2.47) | buffer=previous slot=10 closest=bone-captured(2.47) next=captured-x-bind(2.47)
[22:41:30.299] [38908] [I] SCOPY T0 frame=4239 capture=1 bone='NPC Pelvis [Pelv]' skin='clothes' root='skeleton_female.nif' bone-origin=(0.9,-485.5,2.7) bone-row1=(0.058,0.990,0.125) witness='NPC L Toe0 [LToe]' witness-radius=23.89 subtree-nodes=219
[22:41:30.299] [38908] [I] SCOPY T1 frame=4239 bone-row1=(0.014,0.749,0.663) orientation-delta-deg=34.4 witness-moved=14.12 moved-range=[0.28,14.12] slot=10 buffer-pre=sampled pre-rel=captured probe-effective=true
[22:41:30.299] [38908] [I] SCOPY T2 frame=4239 pass-geometry='clothes' numMatrices=31 frameID=4508 buffer-submit=sampled changed-since-T1=false submit-rel=captured
[22:41:30.299] [38908] [I] SCOPY T3 frame=4239 drawn=23 buffer-after-draw=sampled changed-since-T2=true final-rel=captured node-row1=(0.014,0.749,0.663)
[22:41:30.299] [38908] [I] SCOPY T1c frame=4239 buffer=current slot=10 closest=bone-captured(2.48) next=captured-x-bind(2.48) | buffer=previous slot=10 closest=bone-captured(2.48) next=captured-x-bind(2.48)
[22:41:30.299] [38908] [I] SCOPY T3c frame=4239 buffer=current slot=10 closest=bone-captured(2.48) next=captured-x-bind(2.48) | buffer=previous slot=10 closest=bone-captured(2.48) next=captured-x-bind(2.48)
[22:41:30.515] [38908] [I] SCOPY T0 frame=4247 capture=1 bone='NPC Pelvis [Pelv]' skin='clothes' root='skeleton_female.nif' bone-origin=(0.9,-485.5,2.7) bone-row1=(0.058,0.990,0.125) witness='NPC L Toe0 [LToe]' witness-radius=23.89 subtree-nodes=219
[22:41:30.515] [38908] [I] SCOPY T1 frame=4247 bone-row1=(0.015,0.753,0.658) orientation-delta-deg=34.1 witness-moved=13.99 moved-range=[0.28,14.12] slot=10 buffer-pre=sampled pre-rel=captured probe-effective=true
[22:41:30.515] [38908] [I] SCOPY T2 frame=4247 pass-geometry='clothes' numMatrices=31 frameID=4516 buffer-submit=sampled changed-since-T1=false submit-rel=captured
[22:41:30.515] [38908] [I] SCOPY T3 frame=4247 drawn=23 buffer-after-draw=sampled changed-since-T2=true final-rel=captured node-row1=(0.015,0.753,0.658)
[22:41:30.515] [38908] [I] SCOPY T1c frame=4247 buffer=current slot=10 closest=bone-captured(2.48) next=captured-x-bind(2.48) | buffer=previous slot=10 closest=bone-captured(2.48) next=captured-x-bind(2.48)
[22:41:30.515] [38908] [I] SCOPY T3c frame=4247 buffer=current slot=10 closest=bone-captured(2.48) next=captured-x-bind(2.48) | buffer=previous slot=10 closest=bone-captured(2.48) next=captured-x-bind(2.48)
[22:41:30.701] [38908] [I] Clone draw: passes=23 rd-null=23 lights=3 | geoms=23 skinned=23 roots=2 num-mat=331 bone-count=331 bound=331
[22:41:30.701] [38908] [I] SCOPY DRAW frame=1441 passes=23 lights=true animation-driver=none physics-driver=none
[22:41:30.724] [38908] [I] SCOPY T0 frame=4255 capture=1 bone='NPC Pelvis [Pelv]' skin='clothes' root='skeleton_female.nif' bone-origin=(0.9,-485.5,2.7) bone-row1=(0.058,0.990,0.125) witness='NPC L Toe0 [LToe]' witness-radius=23.89 subtree-nodes=219
[22:41:30.724] [38908] [I] SCOPY T1 frame=4255 bone-row1=(0.016,0.766,0.643) orientation-delta-deg=32.9 witness-moved=13.53 moved-range=[0.28,14.12] slot=10 buffer-pre=sampled pre-rel=captured probe-effective=true
[22:41:30.724] [38908] [I] SCOPY T2 frame=4255 pass-geometry='clothes' numMatrices=31 frameID=4524 buffer-submit=sampled changed-since-T1=false submit-rel=captured
[22:41:30.724] [38908] [I] SCOPY T3 frame=4255 drawn=23 buffer-after-draw=sampled changed-since-T2=true final-rel=captured node-row1=(0.016,0.766,0.643)
[22:41:30.724] [38908] [I] SCOPY T1c frame=4255 buffer=current slot=10 closest=bone-captured(2.46) next=captured-x-bind(2.46) | buffer=previous slot=10 closest=bone-captured(2.46) next=captured-x-bind(2.46)
[22:41:30.724] [38908] [I] SCOPY T3c frame=4255 buffer=current slot=10 closest=bone-captured(2.46) next=captured-x-bind(2.46) | buffer=previous slot=10 closest=bone-captured(2.46) next=captured-x-bind(2.46)
[22:41:30.944] [38908] [I] SCOPY T0 frame=4263 capture=1 bone='NPC Pelvis [Pelv]' skin='clothes' root='skeleton_female.nif' bone-origin=(0.9,-485.5,2.7) bone-row1=(0.058,0.990,0.125) witness='NPC L Toe0 [LToe]' witness-radius=23.89 subtree-nodes=219
[22:41:30.944] [38908] [I] SCOPY T1 frame=4263 bone-row1=(0.019,0.787,0.616) orientation-delta-deg=30.9 witness-moved=12.74 moved-range=[0.28,14.12] slot=10 buffer-pre=sampled pre-rel=captured probe-effective=true
[22:41:30.944] [38908] [I] SCOPY T2 frame=4263 pass-geometry='clothes' numMatrices=31 frameID=4532 buffer-submit=sampled changed-since-T1=false submit-rel=captured
[22:41:30.944] [38908] [I] SCOPY T3 frame=4263 drawn=23 buffer-after-draw=sampled changed-since-T2=true final-rel=captured node-row1=(0.019,0.787,0.616)
[22:41:30.944] [38908] [I] SCOPY T1c frame=4263 buffer=current slot=10 closest=bone-captured(2.43) next=captured-x-bind(2.43) | buffer=previous slot=10 closest=bone-captured(2.43) next=captured-x-bind(2.43)
[22:41:30.944] [38908] [I] SCOPY T3c frame=4263 buffer=current slot=10 closest=bone-captured(2.42) next=captured-x-bind(2.42) | buffer=previous slot=10 closest=bone-captured(2.43) next=captured-x-bind(2.43)
[22:41:31.162] [38908] [I] SCOPY T0 frame=4271 capture=1 bone='NPC Pelvis [Pelv]' skin='clothes' root='skeleton_female.nif' bone-origin=(0.9,-485.5,2.7) bone-row1=(0.058,0.990,0.125) witness='NPC L Toe0 [LToe]' witness-radius=23.89 subtree-nodes=219
[22:41:31.162] [38908] [I] SCOPY T1 frame=4271 bone-row1=(0.023,0.815,0.578) orientation-delta-deg=28.2 witness-moved=11.64 moved-range=[0.28,14.12] slot=10 buffer-pre=sampled pre-rel=captured probe-effective=true
[22:41:31.162] [38908] [I] SCOPY T2 frame=4271 pass-geometry='clothes' numMatrices=31 frameID=4540 buffer-submit=sampled changed-since-T1=false submit-rel=captured
[22:41:31.162] [38908] [I] SCOPY T3 frame=4271 drawn=23 buffer-after-draw=sampled changed-since-T2=true final-rel=captured node-row1=(0.023,0.815,0.578)
[22:41:31.162] [38908] [I] SCOPY T1c frame=4271 buffer=current slot=10 closest=bone-captured(2.38) next=captured-x-bind(2.38) | buffer=previous slot=10 closest=bone-captured(2.39) next=captured-x-bind(2.39)
[22:41:31.162] [38908] [I] SCOPY T3c frame=4271 buffer=current slot=10 closest=bone-captured(2.37) next=captured-x-bind(2.37) | buffer=previous slot=10 closest=bone-captured(2.38) next=captured-x-bind(2.38)
[22:41:31.378] [38908] [I] SCOPY T0 frame=4279 capture=1 bone='NPC Pelvis [Pelv]' skin='clothes' root='skeleton_female.nif' bone-origin=(0.9,-485.5,2.7) bone-row1=(0.058,0.990,0.125) witness='NPC L Toe0 [LToe]' witness-radius=23.89 subtree-nodes=219
[22:41:31.378] [38908] [I] SCOPY T1 frame=4279 bone-row1=(0.028,0.848,0.529) orientation-delta-deg=24.8 witness-moved=10.25 moved-range=[0.28,14.12] slot=10 buffer-pre=sampled pre-rel=captured probe-effective=true
[22:41:31.378] [38908] [I] SCOPY T2 frame=4279 pass-geometry='clothes' numMatrices=31 frameID=4548 buffer-submit=sampled changed-since-T1=false submit-rel=captured
[22:41:31.378] [38908] [I] SCOPY T3 frame=4279 drawn=23 buffer-after-draw=sampled changed-since-T2=true final-rel=captured node-row1=(0.028,0.848,0.529)
[22:41:31.378] [38908] [I] SCOPY T1c frame=4279 buffer=current slot=10 closest=bone-captured(2.32) next=captured-x-bind(2.32) | buffer=previous slot=10 closest=bone-captured(2.33) next=captured-x-bind(2.33)
[22:41:31.378] [38908] [I] SCOPY T3c frame=4279 buffer=current slot=10 closest=bone-captured(2.31) next=captured-x-bind(2.31) | buffer=previous slot=10 closest=bone-captured(2.32) next=captured-x-bind(2.32)
[22:41:31.587] [38908] [I] SCOPY T0 frame=4287 capture=1 bone='NPC Pelvis [Pelv]' skin='clothes' root='skeleton_female.nif' bone-origin=(0.9,-485.5,2.7) bone-row1=(0.058,0.990,0.125) witness='NPC L Toe0 [LToe]' witness-radius=23.89 subtree-nodes=219
[22:41:31.587] [38908] [I] SCOPY T1 frame=4287 bone-row1=(0.033,0.883,0.468) orientation-delta-deg=20.7 witness-moved=8.61 moved-range=[0.28,14.12] slot=10 buffer-pre=sampled pre-rel=captured probe-effective=true
[22:41:31.587] [38908] [I] SCOPY T2 frame=4287 pass-geometry='clothes' numMatrices=31 frameID=4556 buffer-submit=sampled changed-since-T1=false submit-rel=captured
[22:41:31.587] [38908] [I] SCOPY T3 frame=4287 drawn=23 buffer-after-draw=sampled changed-since-T2=true final-rel=captured node-row1=(0.033,0.883,0.468)
[22:41:31.587] [38908] [I] SCOPY T1c frame=4287 buffer=current slot=10 closest=bone-captured(2.26) next=captured-x-bind(2.26) | buffer=previous slot=10 closest=bone-captured(2.26) next=captured-x-bind(2.26)
[22:41:31.587] [38908] [I] SCOPY T3c frame=4287 buffer=current slot=10 closest=bone-captured(2.25) next=captured-x-bind(2.25) | buffer=previous slot=10 closest=bone-captured(2.26) next=captured-x-bind(2.26)
[22:41:31.804] [38908] [I] SCOPY T0 frame=4295 capture=1 bone='NPC Pelvis [Pelv]' skin='clothes' root='skeleton_female.nif' bone-origin=(0.9,-485.5,2.7) bone-row1=(0.058,0.990,0.125) witness='NPC L Toe0 [LToe]' witness-radius=23.89 subtree-nodes=219
[22:41:31.804] [38908] [I] SCOPY T1 frame=4295 bone-row1=(0.039,0.917,0.397) orientation-delta-deg=16.2 witness-moved=6.74 moved-range=[0.28,14.12] slot=10 buffer-pre=sampled pre-rel=captured probe-effective=true
[22:41:31.804] [38908] [I] SCOPY T2 frame=4295 pass-geometry='clothes' numMatrices=31 frameID=4564 buffer-submit=sampled changed-since-T1=false submit-rel=captured
[22:41:31.804] [38908] [I] SCOPY T3 frame=4295 drawn=23 buffer-after-draw=sampled changed-since-T2=true final-rel=captured node-row1=(0.039,0.917,0.397)
[22:41:31.804] [38908] [I] SCOPY T1c frame=4295 buffer=current slot=10 closest=bone-captured(2.18) next=captured-x-bind(2.18) | buffer=previous slot=10 closest=bone-captured(2.19) next=captured-x-bind(2.19)
[22:41:31.804] [38908] [I] SCOPY T3c frame=4295 buffer=current slot=10 closest=bone-captured(2.17) next=captured-x-bind(2.17) | buffer=previous slot=10 closest=bone-captured(2.18) next=captured-x-bind(2.18)
[22:41:32.021] [38908] [I] SCOPY T0 frame=4303 capture=1 bone='NPC Pelvis [Pelv]' skin='clothes' root='skeleton_female.nif' bone-origin=(0.9,-485.5,2.7) bone-row1=(0.058,0.990,0.125) witness='NPC L Toe0 [LToe]' witness-radius=23.89 subtree-nodes=219
[22:41:32.021] [38908] [I] SCOPY T1 frame=4303 bone-row1=(0.045,0.948,0.316) orientation-delta-deg=11.3 witness-moved=4.69 moved-range=[0.28,14.12] slot=10 buffer-pre=sampled pre-rel=captured probe-effective=true
[22:41:32.021] [38908] [I] SCOPY T2 frame=4303 pass-geometry='clothes' numMatrices=31 frameID=4572 buffer-submit=sampled changed-since-T1=false submit-rel=captured
[22:41:32.021] [38908] [I] SCOPY T3 frame=4303 drawn=23 buffer-after-draw=sampled changed-since-T2=true final-rel=captured node-row1=(0.045,0.948,0.316)
[22:41:32.021] [38908] [I] SCOPY T1c frame=4303 buffer=current slot=10 closest=bone-captured(2.14) next=captured-x-bind(2.14) | buffer=previous slot=10 closest=bone-captured(2.14) next=captured-x-bind(2.14)
[22:41:32.021] [38908] [I] SCOPY T3c frame=4303 buffer=current slot=10 closest=bone-captured(2.15) next=captured-x-bind(2.15) | buffer=previous slot=10 closest=bone-captured(2.14) next=captured-x-bind(2.14)
[22:41:32.245] [38908] [I] SCOPY T0 frame=4311 capture=1 bone='NPC Pelvis [Pelv]' skin='clothes' root='skeleton_female.nif' bone-origin=(0.9,-485.5,2.7) bone-row1=(0.058,0.990,0.125) witness='NPC L Toe0 [LToe]' witness-radius=23.89 subtree-nodes=219
[22:41:32.245] [38908] [I] SCOPY T1 frame=4311 bone-row1=(0.052,0.972,0.229) orientation-delta-deg=6.0 witness-moved=2.52 moved-range=[0.28,14.12] slot=10 buffer-pre=sampled pre-rel=captured probe-effective=true
[22:41:32.245] [38908] [I] SCOPY T2 frame=4311 pass-geometry='clothes' numMatrices=31 frameID=4580 buffer-submit=sampled changed-since-T1=false submit-rel=captured
[22:41:32.245] [38908] [I] SCOPY T3 frame=4311 drawn=23 buffer-after-draw=sampled changed-since-T2=true final-rel=captured node-row1=(0.052,0.972,0.229)
[22:41:32.245] [38908] [I] SCOPY T1c frame=4311 buffer=current slot=10 closest=bone-captured(2.18) next=captured-x-bind(2.18) | buffer=previous slot=10 closest=bone-captured(2.18) next=captured-x-bind(2.18)
[22:41:32.245] [38908] [I] SCOPY T3c frame=4311 buffer=current slot=10 closest=bone-captured(2.19) next=captured-x-bind(2.19) | buffer=previous slot=10 closest=bone-captured(2.18) next=captured-x-bind(2.18)
[22:41:32.455] [38908] [I] SCOPY T0 frame=4319 capture=1 bone='NPC Pelvis [Pelv]' skin='clothes' root='skeleton_female.nif' bone-origin=(0.9,-485.5,2.7) bone-row1=(0.058,0.990,0.125) witness='NPC L Toe0 [LToe]' witness-radius=23.89 subtree-nodes=219
[22:41:32.455] [38908] [I] SCOPY T1 frame=4319 bone-row1=(0.058,0.989,0.137) orientation-delta-deg=0.7 witness-moved=0.28 moved-range=[0.28,14.12] slot=10 buffer-pre=sampled pre-rel=captured probe-effective=true
[22:41:32.455] [38908] [I] SCOPY T2 frame=4319 pass-geometry='clothes' numMatrices=31 frameID=4588 buffer-submit=sampled changed-since-T1=false submit-rel=captured
[22:41:32.455] [38908] [I] SCOPY T3 frame=4319 drawn=23 buffer-after-draw=sampled changed-since-T2=true final-rel=captured node-row1=(0.058,0.989,0.137)
[22:41:32.455] [38908] [I] SCOPY T1c frame=4319 buffer=current slot=10 closest=bind(2.14) next=bind-T(2.14) | buffer=previous slot=10 closest=bind(2.15) next=bind-T(2.15)
[22:41:32.455] [38908] [I] SCOPY T3c frame=4319 buffer=current slot=10 closest=bind(2.14) next=bind-T(2.14) | buffer=previous slot=10 closest=bind(2.14) next=bind-T(2.14)
[22:41:32.671] [38908] [I] SCOPY T0 frame=4327 capture=1 bone='NPC Pelvis [Pelv]' skin='clothes' root='skeleton_female.nif' bone-origin=(0.9,-485.5,2.7) bone-row1=(0.058,0.990,0.125) witness='NPC L Toe0 [LToe]' witness-radius=23.89 subtree-nodes=219
[22:41:32.671] [38908] [I] SCOPY T1 frame=4327 bone-row1=(0.063,0.997,0.043) orientation-delta-deg=4.7 witness-moved=1.96 moved-range=[0.28,14.12] slot=10 buffer-pre=sampled pre-rel=swung probe-effective=true
[22:41:32.671] [38908] [I] SCOPY T2 frame=4327 pass-geometry='clothes' numMatrices=31 frameID=4596 buffer-submit=sampled changed-since-T1=false submit-rel=swung
[22:41:32.671] [38908] [I] SCOPY T3 frame=4327 drawn=23 buffer-after-draw=sampled changed-since-T2=true final-rel=swung node-row1=(0.063,0.997,0.043)
[22:41:32.671] [38908] [I] SCOPY T1c frame=4327 buffer=current slot=10 closest=bind(2.07) next=bind-T(2.07) | buffer=previous slot=10 closest=bind(2.08) next=bind-T(2.08)
[22:41:32.671] [38908] [I] SCOPY T3c frame=4327 buffer=current slot=10 closest=bind(2.06) next=bind-T(2.06) | buffer=previous slot=10 closest=bind(2.07) next=bind-T(2.07)
[22:41:32.890] [38908] [I] SCOPY T0 frame=4335 capture=1 bone='NPC Pelvis [Pelv]' skin='clothes' root='skeleton_female.nif' bone-origin=(0.9,-485.5,2.7) bone-row1=(0.058,0.990,0.125) witness='NPC L Toe0 [LToe]' witness-radius=23.89 subtree-nodes=219
[22:41:32.890] [38908] [I] SCOPY T1 frame=4335 bone-row1=(0.068,0.997,-0.049) orientation-delta-deg=10.0 witness-moved=4.16 moved-range=[0.28,14.12] slot=10 buffer-pre=sampled pre-rel=swung probe-effective=true
[22:41:32.890] [38908] [I] SCOPY T2 frame=4335 pass-geometry='clothes' numMatrices=31 frameID=4604 buffer-submit=sampled changed-since-T1=false submit-rel=swung
[22:41:32.890] [38908] [I] SCOPY T3 frame=4335 drawn=23 buffer-after-draw=sampled changed-since-T2=true final-rel=swung node-row1=(0.068,0.997,-0.049)
[22:41:32.890] [38908] [I] SCOPY T1c frame=4335 buffer=current slot=10 closest=bind(2.06) next=bind-T(2.06) | buffer=previous slot=10 closest=bind(2.05) next=bind-T(2.05)
[22:41:32.890] [38908] [I] SCOPY T3c frame=4335 buffer=current slot=10 closest=bind(2.07) next=bind-T(2.07) | buffer=previous slot=10 closest=bind(2.06) next=bind-T(2.06)
[22:41:33.103] [38908] [I] SCOPY T0 frame=4343 capture=1 bone='NPC Pelvis [Pelv]' skin='clothes' root='skeleton_female.nif' bone-origin=(0.9,-485.5,2.7) bone-row1=(0.058,0.990,0.125) witness='NPC L Toe0 [LToe]' witness-radius=23.89 subtree-nodes=219
[22:41:33.103] [38908] [I] SCOPY T1 frame=4343 bone-row1=(0.072,0.988,-0.136) orientation-delta-deg=15.0 witness-moved=6.24 moved-range=[0.28,14.12] slot=10 buffer-pre=sampled pre-rel=swung probe-effective=true
[22:41:33.103] [38908] [I] SCOPY T2 frame=4343 pass-geometry='clothes' numMatrices=31 frameID=4612 buffer-submit=sampled changed-since-T1=false submit-rel=swung
[22:41:33.103] [38908] [I] SCOPY T3 frame=4343 drawn=23 buffer-after-draw=sampled changed-since-T2=true final-rel=swung node-row1=(0.072,0.988,-0.136)
[22:41:33.103] [38908] [I] SCOPY T1c frame=4343 buffer=current slot=10 closest=bind(2.13) next=bind-T(2.13) | buffer=previous slot=10 closest=bind(2.12) next=bind-T(2.12)
[22:41:33.103] [38908] [I] SCOPY T3c frame=4343 buffer=current slot=10 closest=bind(2.14) next=bind-T(2.14) | buffer=previous slot=10 closest=bind(2.13) next=bind-T(2.13)
[22:41:33.318] [38908] [I] SCOPY T0 frame=4351 capture=1 bone='NPC Pelvis [Pelv]' skin='clothes' root='skeleton_female.nif' bone-origin=(0.9,-485.5,2.7) bone-row1=(0.058,0.990,0.125) witness='NPC L Toe0 [LToe]' witness-radius=23.89 subtree-nodes=219
[22:41:33.318] [38908] [I] SCOPY T1 frame=4351 bone-row1=(0.075,0.974,-0.216) orientation-delta-deg=19.7 witness-moved=8.16 moved-range=[0.28,14.12] slot=10 buffer-pre=sampled pre-rel=swung probe-effective=true
[22:41:33.318] [38908] [I] SCOPY T2 frame=4351 pass-geometry='clothes' numMatrices=31 frameID=4620 buffer-submit=sampled changed-since-T1=false submit-rel=swung
[22:41:33.318] [38908] [I] SCOPY T3 frame=4351 drawn=23 buffer-after-draw=sampled changed-since-T2=true final-rel=swung node-row1=(0.075,0.974,-0.216)
[22:41:33.318] [38908] [I] SCOPY T1c frame=4351 buffer=current slot=10 closest=bind(2.19) next=bind-T(2.19) | buffer=previous slot=10 closest=bind(2.19) next=bind-T(2.19)
[22:41:33.318] [38908] [I] SCOPY T3c frame=4351 buffer=current slot=10 closest=bind(2.20) next=bind-T(2.20) | buffer=previous slot=10 closest=bind(2.19) next=bind-T(2.19)
[22:41:33.532] [38908] [I] SCOPY T0 frame=4359 capture=1 bone='NPC Pelvis [Pelv]' skin='clothes' root='skeleton_female.nif' bone-origin=(0.9,-485.5,2.7) bone-row1=(0.058,0.990,0.125) witness='NPC L Toe0 [LToe]' witness-radius=23.89 subtree-nodes=219
[22:41:33.532] [38908] [I] SCOPY T1 frame=4359 bone-row1=(0.077,0.955,-0.286) orientation-delta-deg=23.8 witness-moved=9.87 moved-range=[0.28,14.12] slot=10 buffer-pre=sampled pre-rel=swung probe-effective=true
[22:41:33.532] [38908] [I] SCOPY T2 frame=4359 pass-geometry='clothes' numMatrices=31 frameID=4628 buffer-submit=sampled changed-since-T1=false submit-rel=swung
[22:41:33.532] [38908] [I] SCOPY T3 frame=4359 drawn=23 buffer-after-draw=sampled changed-since-T2=true final-rel=swung node-row1=(0.077,0.955,-0.286)
[22:41:33.532] [38908] [I] SCOPY T1c frame=4359 buffer=current slot=10 closest=bind(2.25) next=bind-T(2.25) | buffer=previous slot=10 closest=bind(2.25) next=bind-T(2.25)
[22:41:33.532] [38908] [I] SCOPY T3c frame=4359 buffer=current slot=10 closest=bind(2.26) next=bind-T(2.26) | buffer=previous slot=10 closest=bind(2.25) next=bind-T(2.25)
[22:41:33.747] [38908] [I] SCOPY T0 frame=4367 capture=1 bone='NPC Pelvis [Pelv]' skin='clothes' root='skeleton_female.nif' bone-origin=(0.9,-485.5,2.7) bone-row1=(0.058,0.990,0.125) witness='NPC L Toe0 [LToe]' witness-radius=23.89 subtree-nodes=219
[22:41:33.747] [38908] [I] SCOPY T1 frame=4367 bone-row1=(0.079,0.935,-0.345) orientation-delta-deg=27.4 witness-moved=11.32 moved-range=[0.28,14.12] slot=10 buffer-pre=sampled pre-rel=swung probe-effective=true
[22:41:33.747] [38908] [I] SCOPY T2 frame=4367 pass-geometry='clothes' numMatrices=31 frameID=4636 buffer-submit=sampled changed-since-T1=false submit-rel=swung
[22:41:33.747] [38908] [I] SCOPY T3 frame=4367 drawn=23 buffer-after-draw=sampled changed-since-T2=true final-rel=swung node-row1=(0.079,0.935,-0.345)
[22:41:33.747] [38908] [I] SCOPY T1c frame=4367 buffer=current slot=10 closest=bone-captured-T(2.29) next=bind(2.31) | buffer=previous slot=10 closest=bone-captured-T(2.30) next=bind(2.30)
[22:41:33.747] [38908] [I] SCOPY T3c frame=4367 buffer=current slot=10 closest=bone-captured-T(2.29) next=bind(2.32) | buffer=previous slot=10 closest=bone-captured-T(2.29) next=bind(2.31)
[22:41:33.935] [38908] [I] Clone draw: passes=23 rd-null=23 lights=3 | geoms=23 skinned=23 roots=2 num-mat=331 bone-count=331 bound=331
[22:41:33.935] [38908] [I] SCOPY DRAW frame=1561 passes=23 lights=true animation-driver=none physics-driver=none
[22:41:33.964] [38908] [I] SCOPY T0 frame=4375 capture=1 bone='NPC Pelvis [Pelv]' skin='clothes' root='skeleton_female.nif' bone-origin=(0.9,-485.5,2.7) bone-row1=(0.058,0.990,0.125) witness='NPC L Toe0 [LToe]' witness-radius=23.89 subtree-nodes=219
[22:41:33.964] [38908] [I] SCOPY T1 frame=4375 bone-row1=(0.080,0.916,-0.392) orientation-delta-deg=30.3 witness-moved=12.50 moved-range=[0.28,14.12] slot=10 buffer-pre=sampled pre-rel=swung probe-effective=true
[22:41:33.964] [38908] [I] SCOPY T2 frame=4375 pass-geometry='clothes' numMatrices=31 frameID=4644 buffer-submit=sampled changed-since-T1=false submit-rel=swung
[22:41:33.964] [38908] [I] SCOPY T3 frame=4375 drawn=23 buffer-after-draw=sampled changed-since-T2=true final-rel=swung node-row1=(0.080,0.916,-0.392)
[22:41:33.964] [38908] [I] SCOPY T1c frame=4375 buffer=current slot=10 closest=bone-captured-T(2.32) next=bind(2.36) | buffer=previous slot=10 closest=bone-captured-T(2.32) next=bind(2.35)
[22:41:33.964] [38908] [I] SCOPY T3c frame=4375 buffer=current slot=10 closest=bone-captured-T(2.33) next=bind(2.36) | buffer=previous slot=10 closest=bone-captured-T(2.32) next=bind(2.36)
[22:41:34.178] [38908] [I] SCOPY T0 frame=4383 capture=1 bone='NPC Pelvis [Pelv]' skin='clothes' root='skeleton_female.nif' bone-origin=(0.9,-485.5,2.7) bone-row1=(0.058,0.990,0.125) witness='NPC L Toe0 [LToe]' witness-radius=23.89 subtree-nodes=219
[22:41:34.178] [38908] [I] SCOPY T1 frame=4383 bone-row1=(0.081,0.901,-0.427) orientation-delta-deg=32.5 witness-moved=13.36 moved-range=[0.28,14.12] slot=10 buffer-pre=sampled pre-rel=swung probe-effective=true
[22:41:34.178] [38908] [I] SCOPY T2 frame=4383 pass-geometry='clothes' numMatrices=31 frameID=4652 buffer-submit=sampled changed-since-T1=false submit-rel=swung
[22:41:34.178] [38908] [I] SCOPY T3 frame=4383 drawn=23 buffer-after-draw=sampled changed-since-T2=true final-rel=swung node-row1=(0.081,0.901,-0.427)
[22:41:34.178] [38908] [I] SCOPY T1c frame=4383 buffer=current slot=10 closest=bone-captured-T(2.36) next=bind(2.39) | buffer=previous slot=10 closest=bone-captured-T(2.35) next=bind(2.39)
[22:41:34.178] [38908] [I] SCOPY T3c frame=4383 buffer=current slot=10 closest=bone-captured-T(2.36) next=bind(2.40) | buffer=previous slot=10 closest=bone-captured-T(2.36) next=bind(2.39)
[22:41:34.397] [38908] [I] SCOPY T0 frame=4391 capture=1 bone='NPC Pelvis [Pelv]' skin='clothes' root='skeleton_female.nif' bone-origin=(0.9,-485.5,2.7) bone-row1=(0.058,0.990,0.125) witness='NPC L Toe0 [LToe]' witness-radius=23.89 subtree-nodes=219
[22:41:34.397] [38908] [I] SCOPY T1 frame=4391 bone-row1=(0.082,0.890,-0.448) orientation-delta-deg=33.8 witness-moved=13.91 moved-range=[0.28,14.12] slot=10 buffer-pre=sampled pre-rel=swung probe-effective=true
[22:41:34.397] [38908] [I] SCOPY T2 frame=4391 pass-geometry='clothes' numMatrices=31 frameID=4660 buffer-submit=sampled changed-since-T1=false submit-rel=swung
[22:41:34.397] [38908] [I] SCOPY T3 frame=4391 drawn=23 buffer-after-draw=sampled changed-since-T2=true final-rel=swung node-row1=(0.082,0.890,-0.448)
[22:41:34.397] [38908] [I] SCOPY T1c frame=4391 buffer=current slot=10 closest=bone-captured-T(2.38) next=bind(2.42) | buffer=previous slot=10 closest=bone-captured-T(2.38) next=bind(2.41)
[22:41:34.397] [38908] [I] SCOPY T3c frame=4391 buffer=current slot=10 closest=bone-captured-T(2.38) next=bind(2.42) | buffer=previous slot=10 closest=bone-captured-T(2.38) next=bind(2.42)
[22:41:34.610] [38908] [I] SCOPY T0 frame=4399 capture=1 bone='NPC Pelvis [Pelv]' skin='clothes' root='skeleton_female.nif' bone-origin=(0.9,-485.5,2.7) bone-row1=(0.058,0.990,0.125) witness='NPC L Toe0 [LToe]' witness-radius=23.89 subtree-nodes=219
[22:41:34.610] [38908] [I] SCOPY T1 frame=4399 bone-row1=(0.082,0.886,-0.456) orientation-delta-deg=34.4 witness-moved=14.12 moved-range=[0.28,14.12] slot=10 buffer-pre=sampled pre-rel=swung probe-effective=true
[22:41:34.610] [38908] [I] SCOPY T2 frame=4399 pass-geometry='clothes' numMatrices=31 frameID=4668 buffer-submit=sampled changed-since-T1=false submit-rel=swung
[22:41:34.610] [38908] [I] SCOPY T3 frame=4399 drawn=23 buffer-after-draw=sampled changed-since-T2=true final-rel=swung node-row1=(0.082,0.886,-0.456)
[22:41:34.610] [38908] [I] SCOPY T1c frame=4399 buffer=current slot=10 closest=bone-captured-T(2.39) next=bind(2.43) | buffer=previous slot=10 closest=bone-captured-T(2.39) next=bind(2.42)
[22:41:34.610] [38908] [I] SCOPY T3c frame=4399 buffer=current slot=10 closest=bone-captured-T(2.39) next=bind(2.43) | buffer=previous slot=10 closest=bone-captured-T(2.39) next=bind(2.43)
[22:41:34.821] [38908] [I] SCOPY T0 frame=4407 capture=1 bone='NPC Pelvis [Pelv]' skin='clothes' root='skeleton_female.nif' bone-origin=(0.9,-485.5,2.7) bone-row1=(0.058,0.990,0.125) witness='NPC L Toe0 [LToe]' witness-radius=23.89 subtree-nodes=219
[22:41:34.821] [38908] [I] SCOPY T1 frame=4407 bone-row1=(0.082,0.889,-0.451) orientation-delta-deg=34.1 witness-moved=13.99 moved-range=[0.28,14.12] slot=10 buffer-pre=sampled pre-rel=swung probe-effective=true
[22:41:34.821] [38908] [I] SCOPY T2 frame=4407 pass-geometry='clothes' numMatrices=31 frameID=4676 buffer-submit=sampled changed-since-T1=false submit-rel=swung
[22:41:34.821] [38908] [I] SCOPY T3 frame=4407 drawn=23 buffer-after-draw=sampled changed-since-T2=true final-rel=swung node-row1=(0.082,0.889,-0.451)
[22:41:34.821] [38908] [I] SCOPY T1c frame=4407 buffer=current slot=10 closest=bone-captured-T(2.39) next=bind(2.42) | buffer=previous slot=10 closest=bone-captured-T(2.39) next=bind(2.42)
[22:41:34.821] [38908] [I] SCOPY T3c frame=4407 buffer=current slot=10 closest=bone-captured-T(2.39) next=bind(2.42) | buffer=previous slot=10 closest=bone-captured-T(2.39) next=bind(2.42)
[22:41:35.036] [38908] [I] SCOPY T0 frame=4415 capture=1 bone='NPC Pelvis [Pelv]' skin='clothes' root='skeleton_female.nif' bone-origin=(0.9,-485.5,2.7) bone-row1=(0.058,0.990,0.125) witness='NPC L Toe0 [LToe]' witness-radius=23.89 subtree-nodes=219
[22:41:35.036] [38908] [I] SCOPY T1 frame=4415 bone-row1=(0.081,0.898,-0.433) orientation-delta-deg=32.9 witness-moved=13.53 moved-range=[0.28,14.12] slot=10 buffer-pre=sampled pre-rel=swung probe-effective=true
[22:41:35.036] [38908] [I] SCOPY T2 frame=4415 pass-geometry='clothes' numMatrices=31 frameID=4684 buffer-submit=sampled changed-since-T1=false submit-rel=swung
[22:41:35.036] [38908] [I] SCOPY T3 frame=4415 drawn=23 buffer-after-draw=sampled changed-since-T2=true final-rel=swung node-row1=(0.081,0.898,-0.433)
[22:41:35.036] [38908] [I] SCOPY T1c frame=4415 buffer=current slot=10 closest=bone-captured-T(2.37) next=bind(2.41) | buffer=previous slot=10 closest=bone-captured-T(2.37) next=bind(2.41)
[22:41:35.036] [38908] [I] SCOPY T3c frame=4415 buffer=current slot=10 closest=bone-captured-T(2.37) next=bind(2.40) | buffer=previous slot=10 closest=bone-captured-T(2.37) next=bind(2.41)
[22:41:35.251] [38908] [I] SCOPY T0 frame=4423 capture=1 bone='NPC Pelvis [Pelv]' skin='clothes' root='skeleton_female.nif' bone-origin=(0.9,-485.5,2.7) bone-row1=(0.058,0.990,0.125) witness='NPC L Toe0 [LToe]' witness-radius=23.89 subtree-nodes=219
[22:41:35.251] [38908] [I] SCOPY T1 frame=4423 bone-row1=(0.081,0.912,-0.402) orientation-delta-deg=30.9 witness-moved=12.74 moved-range=[0.28,14.12] slot=10 buffer-pre=sampled pre-rel=swung probe-effective=true
[22:41:35.251] [38908] [I] SCOPY T2 frame=4423 pass-geometry='clothes' numMatrices=31 frameID=4692 buffer-submit=sampled changed-since-T1=false submit-rel=swung
[22:41:35.251] [38908] [I] SCOPY T3 frame=4423 drawn=23 buffer-after-draw=sampled changed-since-T2=true final-rel=swung node-row1=(0.081,0.912,-0.402)
[22:41:35.251] [38908] [I] SCOPY T1c frame=4423 buffer=current slot=10 closest=bone-captured-T(2.34) next=bind(2.38) | buffer=previous slot=10 closest=bone-captured-T(2.35) next=bind(2.38)
[22:41:35.251] [38908] [I] SCOPY T3c frame=4423 buffer=current slot=10 closest=bone-captured-T(2.34) next=bind(2.37) | buffer=previous slot=10 closest=bone-captured-T(2.34) next=bind(2.38)
[22:41:35.471] [38908] [I] SCOPY T0 frame=4431 capture=1 bone='NPC Pelvis [Pelv]' skin='clothes' root='skeleton_female.nif' bone-origin=(0.9,-485.5,2.7) bone-row1=(0.058,0.990,0.125) witness='NPC L Toe0 [LToe]' witness-radius=23.89 subtree-nodes=219
[22:41:35.471] [38908] [I] SCOPY T1 frame=4431 bone-row1=(0.080,0.930,-0.358) orientation-delta-deg=28.2 witness-moved=11.64 moved-range=[0.28,14.12] slot=10 buffer-pre=sampled pre-rel=swung probe-effective=true
[22:41:35.471] [38908] [I] SCOPY T2 frame=4431 pass-geometry='clothes' numMatrices=31 frameID=4700 buffer-submit=sampled changed-since-T1=false submit-rel=swung
[22:41:35.471] [38908] [I] SCOPY T3 frame=4431 drawn=23 buffer-after-draw=sampled changed-since-T2=true final-rel=swung node-row1=(0.080,0.930,-0.358)
[22:41:35.471] [38908] [I] SCOPY T1c frame=4431 buffer=current slot=10 closest=bone-captured-T(2.30) next=bind(2.33) | buffer=previous slot=10 closest=bone-captured-T(2.31) next=bind(2.34)
[22:41:35.471] [38908] [I] SCOPY T3c frame=4431 buffer=current slot=10 closest=bone-captured-T(2.30) next=bind(2.33) | buffer=previous slot=10 closest=bone-captured-T(2.30) next=bind(2.33)
[22:41:35.689] [38908] [I] SCOPY T0 frame=4439 capture=1 bone='NPC Pelvis [Pelv]' skin='clothes' root='skeleton_female.nif' bone-origin=(0.9,-485.5,2.7) bone-row1=(0.058,0.990,0.125) witness='NPC L Toe0 [LToe]' witness-radius=23.89 subtree-nodes=219
[22:41:35.689] [38908] [I] SCOPY T1 frame=4439 bone-row1=(0.078,0.950,-0.302) orientation-delta-deg=24.8 witness-moved=10.25 moved-range=[0.28,14.12] slot=10 buffer-pre=sampled pre-rel=swung probe-effective=true
[22:41:35.689] [38908] [I] SCOPY T2 frame=4439 pass-geometry='clothes' numMatrices=31 frameID=4708 buffer-submit=sampled changed-since-T1=false submit-rel=swung
[22:41:35.689] [38908] [I] SCOPY T3 frame=4439 drawn=23 buffer-after-draw=sampled changed-since-T2=true final-rel=swung node-row1=(0.078,0.950,-0.302)
[22:41:35.689] [38908] [I] SCOPY T1c frame=4439 buffer=current slot=10 closest=bind(2.28) next=bind-T(2.28) | buffer=previous slot=10 closest=bind(2.29) next=bind-T(2.29)
[22:41:35.689] [38908] [I] SCOPY T3c frame=4439 buffer=current slot=10 closest=bind(2.28) next=bind-T(2.28) | buffer=previous slot=10 closest=bind(2.28) next=bind-T(2.28)
[22:41:35.903] [38908] [I] SCOPY T0 frame=4447 capture=1 bone='NPC Pelvis [Pelv]' skin='clothes' root='skeleton_female.nif' bone-origin=(0.9,-485.5,2.7) bone-row1=(0.058,0.990,0.125) witness='NPC L Toe0 [LToe]' witness-radius=23.89 subtree-nodes=219
[22:41:35.903] [38908] [I] SCOPY T1 frame=4447 bone-row1=(0.076,0.969,-0.234) orientation-delta-deg=20.7 witness-moved=8.61 moved-range=[0.28,14.12] slot=10 buffer-pre=sampled pre-rel=swung probe-effective=true
[22:41:35.903] [38908] [I] SCOPY T2 frame=4447 pass-geometry='clothes' numMatrices=31 frameID=4716 buffer-submit=sampled changed-since-T1=false submit-rel=swung
[22:41:35.903] [38908] [I] SCOPY T3 frame=4447 drawn=23 buffer-after-draw=sampled changed-since-T2=true final-rel=swung node-row1=(0.076,0.969,-0.234)
[22:41:35.903] [38908] [I] SCOPY T1c frame=4447 buffer=current slot=10 closest=bind(2.22) next=bind-T(2.22) | buffer=previous slot=10 closest=bind(2.23) next=bind-T(2.23)
[22:41:35.903] [38908] [I] SCOPY T3c frame=4447 buffer=current slot=10 closest=bind(2.22) next=bind-T(2.22) | buffer=previous slot=10 closest=bind(2.22) next=bind-T(2.22)
[22:41:36.121] [38908] [I] SCOPY T0 frame=4455 capture=1 bone='NPC Pelvis [Pelv]' skin='clothes' root='skeleton_female.nif' bone-origin=(0.9,-485.5,2.7) bone-row1=(0.058,0.990,0.125) witness='NPC L Toe0 [LToe]' witness-radius=23.89 subtree-nodes=219
[22:41:36.121] [38908] [I] SCOPY T1 frame=4455 bone-row1=(0.073,0.985,-0.156) orientation-delta-deg=16.2 witness-moved=6.74 moved-range=[0.28,14.12] slot=10 buffer-pre=sampled pre-rel=swung probe-effective=true
[22:41:36.121] [38908] [I] SCOPY T2 frame=4455 pass-geometry='clothes' numMatrices=31 frameID=4724 buffer-submit=sampled changed-since-T1=false submit-rel=swung
[22:41:36.121] [38908] [I] SCOPY T3 frame=4455 drawn=23 buffer-after-draw=sampled changed-since-T2=true final-rel=swung node-row1=(0.073,0.985,-0.156)
[22:41:36.121] [38908] [I] SCOPY T1c frame=4455 buffer=current slot=10 closest=bind(2.16) next=bind-T(2.16) | buffer=previous slot=10 closest=bind(2.17) next=bind-T(2.17)
[22:41:36.121] [38908] [I] SCOPY T3c frame=4455 buffer=current slot=10 closest=bind(2.15) next=bind-T(2.15) | buffer=previous slot=10 closest=bind(2.16) next=bind-T(2.16)
[22:41:36.338] [38908] [I] SCOPY T0 frame=4463 capture=1 bone='NPC Pelvis [Pelv]' skin='clothes' root='skeleton_female.nif' bone-origin=(0.9,-485.5,2.7) bone-row1=(0.058,0.990,0.125) witness='NPC L Toe0 [LToe]' witness-radius=23.89 subtree-nodes=219
[22:41:36.338] [38908] [I] SCOPY T1 frame=4463 bone-row1=(0.069,0.995,-0.071) orientation-delta-deg=11.3 witness-moved=4.69 moved-range=[0.28,14.12] slot=10 buffer-pre=sampled pre-rel=swung probe-effective=true
[22:41:36.338] [38908] [I] SCOPY T2 frame=4463 pass-geometry='clothes' numMatrices=31 frameID=4732 buffer-submit=sampled changed-since-T1=false submit-rel=swung
[22:41:36.338] [38908] [I] SCOPY T3 frame=4463 drawn=23 buffer-after-draw=sampled changed-since-T2=true final-rel=swung node-row1=(0.069,0.995,-0.071)
[22:41:36.338] [38908] [I] SCOPY T1c frame=4463 buffer=current slot=10 closest=bind(2.09) next=bind-T(2.09) | buffer=previous slot=10 closest=bind(2.10) next=bind-T(2.10)
[22:41:36.338] [38908] [I] SCOPY T3c frame=4463 buffer=current slot=10 closest=bind(2.09) next=bind-T(2.09) | buffer=previous slot=10 closest=bind(2.09) next=bind-T(2.09)
[22:41:36.549] [38908] [I] SCOPY T0 frame=4471 capture=1 bone='NPC Pelvis [Pelv]' skin='clothes' root='skeleton_female.nif' bone-origin=(0.9,-485.5,2.7) bone-row1=(0.058,0.990,0.125) witness='NPC L Toe0 [LToe]' witness-radius=23.89 subtree-nodes=219
[22:41:36.549] [38908] [I] SCOPY T1 frame=4471 bone-row1=(0.064,0.998,0.020) orientation-delta-deg=6.0 witness-moved=2.52 moved-range=[0.28,14.12] slot=10 buffer-pre=sampled pre-rel=swung probe-effective=true
[22:41:36.549] [38908] [I] SCOPY T2 frame=4471 pass-geometry='clothes' numMatrices=31 frameID=4740 buffer-submit=sampled changed-since-T1=false submit-rel=swung
[22:41:36.549] [38908] [I] SCOPY T3 frame=4471 drawn=23 buffer-after-draw=sampled changed-since-T2=true final-rel=swung node-row1=(0.064,0.998,0.020)
[22:41:36.549] [38908] [I] SCOPY T1c frame=4471 buffer=current slot=10 closest=bind(2.04) next=bind-T(2.04) | buffer=previous slot=10 closest=bind(2.04) next=bind-T(2.04)
[22:41:36.549] [38908] [I] SCOPY T3c frame=4471 buffer=current slot=10 closest=bind(2.05) next=bind-T(2.05) | buffer=previous slot=10 closest=bind(2.04) next=bind-T(2.04)
[22:41:36.763] [38908] [I] SCOPY T0 frame=4479 capture=1 bone='NPC Pelvis [Pelv]' skin='clothes' root='skeleton_female.nif' bone-origin=(0.9,-485.5,2.7) bone-row1=(0.058,0.990,0.125) witness='NPC L Toe0 [LToe]' witness-radius=23.89 subtree-nodes=219
[22:41:36.763] [38908] [I] SCOPY T1 frame=4479 bone-row1=(0.059,0.992,0.113) orientation-delta-deg=0.7 witness-moved=0.28 moved-range=[0.28,14.12] slot=10 buffer-pre=sampled pre-rel=swung probe-effective=true
[22:41:36.763] [38908] [I] SCOPY T2 frame=4479 pass-geometry='clothes' numMatrices=31 frameID=4748 buffer-submit=sampled changed-since-T1=false submit-rel=swung
[22:41:36.763] [38908] [I] SCOPY T3 frame=4479 drawn=23 buffer-after-draw=sampled changed-since-T2=true final-rel=swung node-row1=(0.059,0.992,0.113)
[22:41:36.763] [38908] [I] SCOPY T1c frame=4479 buffer=current slot=10 closest=bind(2.11) next=bind-T(2.11) | buffer=previous slot=10 closest=bind(2.10) next=bind-T(2.10)
[22:41:36.763] [38908] [I] SCOPY T3c frame=4479 buffer=current slot=10 closest=bind(2.12) next=bind-T(2.12) | buffer=previous slot=10 closest=bind(2.11) next=bind-T(2.11)
[22:41:36.983] [38908] [I] SCOPY T0 frame=4487 capture=1 bone='NPC Pelvis [Pelv]' skin='clothes' root='skeleton_female.nif' bone-origin=(0.9,-485.5,2.7) bone-row1=(0.058,0.990,0.125) witness='NPC L Toe0 [LToe]' witness-radius=23.89 subtree-nodes=219
[22:41:36.983] [38908] [I] SCOPY T1 frame=4487 bone-row1=(0.053,0.977,0.206) orientation-delta-deg=4.7 witness-moved=1.96 moved-range=[0.28,14.12] slot=10 buffer-pre=sampled pre-rel=captured probe-effective=true
[22:41:36.983] [38908] [I] SCOPY T2 frame=4487 pass-geometry='clothes' numMatrices=31 frameID=4756 buffer-submit=sampled changed-since-T1=false submit-rel=captured
[22:41:36.983] [38908] [I] SCOPY T3 frame=4487 drawn=23 buffer-after-draw=sampled changed-since-T2=true final-rel=captured node-row1=(0.053,0.977,0.206)
[22:41:36.983] [38908] [I] SCOPY T1c frame=4487 buffer=current slot=10 closest=bind(2.18) next=bind-T(2.18) | buffer=previous slot=10 closest=bind(2.17) next=bind-T(2.17)
[22:41:36.983] [38908] [I] SCOPY T3c frame=4487 buffer=current slot=10 closest=bind(2.19) next=bind-T(2.19) | buffer=previous slot=10 closest=bind(2.18) next=bind-T(2.18)
[22:41:37.167] [38908] [I] Clone draw: passes=23 rd-null=23 lights=3 | geoms=23 skinned=23 roots=2 num-mat=331 bone-count=331 bound=331
[22:41:37.167] [38908] [I] SCOPY DRAW frame=1681 passes=23 lights=true animation-driver=none physics-driver=none
[22:41:37.195] [38908] [I] SCOPY T0 frame=4495 capture=1 bone='NPC Pelvis [Pelv]' skin='clothes' root='skeleton_female.nif' bone-origin=(0.9,-485.5,2.7) bone-row1=(0.058,0.990,0.125) witness='NPC L Toe0 [LToe]' witness-radius=23.89 subtree-nodes=219
[22:41:37.195] [38908] [I] SCOPY T1 frame=4495 bone-row1=(0.047,0.954,0.295) orientation-delta-deg=10.0 witness-moved=4.16 moved-range=[0.28,14.12] slot=10 buffer-pre=sampled pre-rel=captured probe-effective=true
[22:41:37.195] [38908] [I] SCOPY T2 frame=4495 pass-geometry='clothes' numMatrices=31 frameID=4764 buffer-submit=sampled changed-since-T1=false submit-rel=captured
[22:41:37.195] [38908] [I] SCOPY T3 frame=4495 drawn=23 buffer-after-draw=sampled changed-since-T2=true final-rel=captured node-row1=(0.047,0.954,0.295)
[22:41:37.195] [38908] [I] SCOPY T1c frame=4495 buffer=current slot=10 closest=bone-captured(2.16) next=captured-x-bind(2.16) | buffer=previous slot=10 closest=bone-captured(2.17) next=captured-x-bind(2.17)
[22:41:37.195] [38908] [I] SCOPY T3c frame=4495 buffer=current slot=10 closest=bone-captured(2.16) next=captured-x-bind(2.16) | buffer=previous slot=10 closest=bone-captured(2.16) next=captured-x-bind(2.16)
[22:41:37.410] [38908] [I] SCOPY T0 frame=4503 capture=1 bone='NPC Pelvis [Pelv]' skin='clothes' root='skeleton_female.nif' bone-origin=(0.9,-485.5,2.7) bone-row1=(0.058,0.990,0.125) witness='NPC L Toe0 [LToe]' witness-radius=23.89 subtree-nodes=219
[22:41:37.410] [38908] [I] SCOPY T1 frame=4503 bone-row1=(0.041,0.925,0.377) orientation-delta-deg=15.0 witness-moved=6.24 moved-range=[0.28,14.12] slot=10 buffer-pre=sampled pre-rel=captured probe-effective=true
[22:41:37.410] [38908] [I] SCOPY T2 frame=4503 pass-geometry='clothes' numMatrices=31 frameID=4772 buffer-submit=sampled changed-since-T1=false submit-rel=captured
[22:41:37.410] [38908] [I] SCOPY T3 frame=4503 drawn=23 buffer-after-draw=sampled changed-since-T2=true final-rel=captured node-row1=(0.041,0.925,0.377)
[22:41:37.410] [38908] [I] SCOPY T1c frame=4503 buffer=current slot=10 closest=bone-captured(2.14) next=captured-x-bind(2.14) | buffer=previous slot=10 closest=bone-captured(2.13) next=captured-x-bind(2.13)
[22:41:37.410] [38908] [I] SCOPY T3c frame=4503 buffer=current slot=10 closest=bone-captured(2.15) next=captured-x-bind(2.15) | buffer=previous slot=10 closest=bone-captured(2.14) next=captured-x-bind(2.14)
[22:41:37.624] [38908] [I] SCOPY T0 frame=4511 capture=1 bone='NPC Pelvis [Pelv]' skin='clothes' root='skeleton_female.nif' bone-origin=(0.9,-485.5,2.7) bone-row1=(0.058,0.990,0.125) witness='NPC L Toe0 [LToe]' witness-radius=23.89 subtree-nodes=219
[22:41:37.624] [38908] [I] SCOPY T1 frame=4511 bone-row1=(0.035,0.892,0.451) orientation-delta-deg=19.7 witness-moved=8.16 moved-range=[0.28,14.12] slot=10 buffer-pre=sampled pre-rel=captured probe-effective=true
[22:41:37.624] [38908] [I] SCOPY T2 frame=4511 pass-geometry='clothes' numMatrices=31 frameID=4780 buffer-submit=sampled changed-since-T1=false submit-rel=captured
[22:41:37.624] [38908] [I] SCOPY T3 frame=4511 drawn=23 buffer-after-draw=sampled changed-since-T2=true final-rel=captured node-row1=(0.035,0.892,0.451)
[22:41:37.624] [38908] [I] SCOPY T1c frame=4511 buffer=current slot=10 closest=bone-captured(2.22) next=captured-x-bind(2.22) | buffer=previous slot=10 closest=bone-captured(2.21) next=captured-x-bind(2.21)
[22:41:37.624] [38908] [I] SCOPY T3c frame=4511 buffer=current slot=10 closest=bone-captured(2.23) next=captured-x-bind(2.23) | buffer=previous slot=10 closest=bone-captured(2.22) next=captured-x-bind(2.22)
[22:41:37.833] [38908] [I] SCOPY T0 frame=4519 capture=1 bone='NPC Pelvis [Pelv]' skin='clothes' root='skeleton_female.nif' bone-origin=(0.9,-485.5,2.7) bone-row1=(0.058,0.990,0.125) witness='NPC L Toe0 [LToe]' witness-radius=23.89 subtree-nodes=219
[22:41:37.833] [38908] [I] SCOPY T1 frame=4519 bone-row1=(0.029,0.857,0.515) orientation-delta-deg=23.8 witness-moved=9.87 moved-range=[0.28,14.12] slot=10 buffer-pre=sampled pre-rel=captured probe-effective=true
[22:41:37.833] [38908] [I] SCOPY T2 frame=4519 pass-geometry='clothes' numMatrices=31 frameID=4788 buffer-submit=sampled changed-since-T1=false submit-rel=captured
[22:41:37.833] [38908] [I] SCOPY T3 frame=4519 drawn=23 buffer-after-draw=sampled changed-since-T2=true final-rel=captured node-row1=(0.029,0.857,0.515)
[22:41:37.833] [38908] [I] SCOPY T1c frame=4519 buffer=current slot=10 closest=bone-captured(2.29) next=captured-x-bind(2.29) | buffer=previous slot=10 closest=bone-captured(2.28) next=captured-x-bind(2.28)
[22:41:37.833] [38908] [I] SCOPY T3c frame=4519 buffer=current slot=10 closest=bone-captured(2.30) next=captured-x-bind(2.30) | buffer=previous slot=10 closest=bone-captured(2.29) next=captured-x-bind(2.29)
[22:41:38.051] [38908] [I] SCOPY T0 frame=4527 capture=1 bone='NPC Pelvis [Pelv]' skin='clothes' root='skeleton_female.nif' bone-origin=(0.9,-485.5,2.7) bone-row1=(0.058,0.990,0.125) witness='NPC L Toe0 [LToe]' witness-radius=23.89 subtree-nodes=219
[22:41:38.051] [38908] [I] SCOPY T1 frame=4527 bone-row1=(0.024,0.823,0.567) orientation-delta-deg=27.4 witness-moved=11.32 moved-range=[0.28,14.12] slot=10 buffer-pre=sampled pre-rel=captured probe-effective=true
[22:41:38.051] [38908] [I] SCOPY T2 frame=4527 pass-geometry='clothes' numMatrices=31 frameID=4796 buffer-submit=sampled changed-since-T1=false submit-rel=captured
[22:41:38.051] [38908] [I] SCOPY T3 frame=4527 drawn=23 buffer-after-draw=sampled changed-since-T2=true final-rel=captured node-row1=(0.024,0.823,0.567)
[22:41:38.051] [38908] [I] SCOPY T1c frame=4527 buffer=current slot=10 closest=bone-captured(2.35) next=captured-x-bind(2.35) | buffer=previous slot=10 closest=bone-captured(2.35) next=captured-x-bind(2.35)
[22:41:38.051] [38908] [I] SCOPY T3c frame=4527 buffer=current slot=10 closest=bone-captured(2.36) next=captured-x-bind(2.36) | buffer=previous slot=10 closest=bone-captured(2.35) next=captured-x-bind(2.35)
[22:41:38.266] [38908] [I] SCOPY T0 frame=4535 capture=1 bone='NPC Pelvis [Pelv]' skin='clothes' root='skeleton_female.nif' bone-origin=(0.9,-485.5,2.7) bone-row1=(0.058,0.990,0.125) witness='NPC L Toe0 [LToe]' witness-radius=23.89 subtree-nodes=219
[22:41:38.266] [38908] [I] SCOPY T1 frame=4535 bone-row1=(0.020,0.794,0.608) orientation-delta-deg=30.3 witness-moved=12.50 moved-range=[0.28,14.12] slot=10 buffer-pre=sampled pre-rel=captured probe-effective=true
[22:41:38.266] [38908] [I] SCOPY T2 frame=4535 pass-geometry='clothes' numMatrices=31 frameID=4804 buffer-submit=sampled changed-since-T1=false submit-rel=captured
[22:41:38.266] [38908] [I] SCOPY T3 frame=4535 drawn=23 buffer-after-draw=sampled changed-since-T2=true final-rel=captured node-row1=(0.020,0.794,0.608)
[22:41:38.266] [38908] [I] SCOPY T1c frame=4535 buffer=current slot=10 closest=bone-captured(2.41) next=captured-x-bind(2.41) | buffer=previous slot=10 closest=bone-captured(2.40) next=captured-x-bind(2.40)
[22:41:38.266] [38908] [I] SCOPY T3c frame=4535 buffer=current slot=10 closest=bone-captured(2.41) next=captured-x-bind(2.41) | buffer=previous slot=10 closest=bone-captured(2.41) next=captured-x-bind(2.41)
[22:41:38.474] [38908] [I] SCOPY T0 frame=4543 capture=1 bone='NPC Pelvis [Pelv]' skin='clothes' root='skeleton_female.nif' bone-origin=(0.9,-485.5,2.7) bone-row1=(0.058,0.990,0.125) witness='NPC L Toe0 [LToe]' witness-radius=23.89 subtree-nodes=219
[22:41:38.475] [38908] [I] SCOPY T1 frame=4543 bone-row1=(0.017,0.770,0.637) orientation-delta-deg=32.5 witness-moved=13.36 moved-range=[0.28,14.12] slot=10 buffer-pre=sampled pre-rel=captured probe-effective=true
[22:41:38.475] [38908] [I] SCOPY T2 frame=4543 pass-geometry='clothes' numMatrices=31 frameID=4812 buffer-submit=sampled changed-since-T1=false submit-rel=captured
[22:41:38.475] [38908] [I] SCOPY T3 frame=4543 drawn=23 buffer-after-draw=sampled changed-since-T2=true final-rel=captured node-row1=(0.017,0.770,0.637)
[22:41:38.475] [38908] [I] SCOPY T1c frame=4543 buffer=current slot=10 closest=bone-captured(2.44) next=captured-x-bind(2.44) | buffer=previous slot=10 closest=bone-captured(2.44) next=captured-x-bind(2.44)
[22:41:38.475] [38908] [I] SCOPY T3c frame=4543 buffer=current slot=10 closest=bone-captured(2.45) next=captured-x-bind(2.45) | buffer=previous slot=10 closest=bone-captured(2.44) next=captured-x-bind(2.44)
[22:41:38.688] [38908] [I] SCOPY T0 frame=4551 capture=1 bone='NPC Pelvis [Pelv]' skin='clothes' root='skeleton_female.nif' bone-origin=(0.9,-485.5,2.7) bone-row1=(0.058,0.990,0.125) witness='NPC L Toe0 [LToe]' witness-radius=23.89 subtree-nodes=219
[22:41:38.688] [38908] [I] SCOPY T1 frame=4551 bone-row1=(0.015,0.755,0.656) orientation-delta-deg=33.8 witness-moved=13.91 moved-range=[0.28,14.12] slot=10 buffer-pre=sampled pre-rel=captured probe-effective=true
[22:41:38.688] [38908] [I] SCOPY T2 frame=4551 pass-geometry='clothes' numMatrices=31 frameID=4820 buffer-submit=sampled changed-since-T1=false submit-rel=captured
[22:41:38.688] [38908] [I] SCOPY T3 frame=4551 drawn=23 buffer-after-draw=sampled changed-since-T2=true final-rel=captured node-row1=(0.015,0.755,0.656)
[22:41:38.688] [38908] [I] SCOPY T1c frame=4551 buffer=current slot=10 closest=bone-captured(2.47) next=captured-x-bind(2.47) | buffer=previous slot=10 closest=bone-captured(2.47) next=captured-x-bind(2.47)
[22:41:38.688] [38908] [I] SCOPY T3c frame=4551 buffer=current slot=10 closest=bone-captured(2.47) next=captured-x-bind(2.47) | buffer=previous slot=10 closest=bone-captured(2.47) next=captured-x-bind(2.47)
[22:41:38.905] [38908] [I] SCOPY T0 frame=4559 capture=1 bone='NPC Pelvis [Pelv]' skin='clothes' root='skeleton_female.nif' bone-origin=(0.9,-485.5,2.7) bone-row1=(0.058,0.990,0.125) witness='NPC L Toe0 [LToe]' witness-radius=23.89 subtree-nodes=219
[22:41:38.905] [38908] [I] SCOPY T1 frame=4559 bone-row1=(0.014,0.749,0.663) orientation-delta-deg=34.4 witness-moved=14.12 moved-range=[0.28,14.12] slot=10 buffer-pre=sampled pre-rel=captured probe-effective=true
[22:41:38.905] [38908] [I] SCOPY T2 frame=4559 pass-geometry='clothes' numMatrices=31 frameID=4828 buffer-submit=sampled changed-since-T1=false submit-rel=captured
[22:41:38.905] [38908] [I] SCOPY T3 frame=4559 drawn=23 buffer-after-draw=sampled changed-since-T2=true final-rel=captured node-row1=(0.014,0.749,0.663)
[22:41:38.905] [38908] [I] SCOPY T1c frame=4559 buffer=current slot=10 closest=bone-captured(2.48) next=captured-x-bind(2.48) | buffer=previous slot=10 closest=bone-captured(2.48) next=captured-x-bind(2.48)
[22:41:38.905] [38908] [I] SCOPY T3c frame=4559 buffer=current slot=10 closest=bone-captured(2.48) next=captured-x-bind(2.48) | buffer=previous slot=10 closest=bone-captured(2.48) next=captured-x-bind(2.48)
[22:41:39.117] [38908] [I] SCOPY T0 frame=4567 capture=1 bone='NPC Pelvis [Pelv]' skin='clothes' root='skeleton_female.nif' bone-origin=(0.9,-485.5,2.7) bone-row1=(0.058,0.990,0.125) witness='NPC L Toe0 [LToe]' witness-radius=23.89 subtree-nodes=219
[22:41:39.117] [38908] [I] SCOPY T1 frame=4567 bone-row1=(0.015,0.753,0.658) orientation-delta-deg=34.1 witness-moved=13.99 moved-range=[0.28,14.12] slot=10 buffer-pre=sampled pre-rel=captured probe-effective=true
[22:41:39.117] [38908] [I] SCOPY T2 frame=4567 pass-geometry='clothes' numMatrices=31 frameID=4836 buffer-submit=sampled changed-since-T1=false submit-rel=captured
[22:41:39.117] [38908] [I] SCOPY T3 frame=4567 drawn=23 buffer-after-draw=sampled changed-since-T2=true final-rel=captured node-row1=(0.015,0.753,0.658)
[22:41:39.117] [38908] [I] SCOPY T1c frame=4567 buffer=current slot=10 closest=bone-captured(2.48) next=captured-x-bind(2.48) | buffer=previous slot=10 closest=bone-captured(2.48) next=captured-x-bind(2.48)
[22:41:39.117] [38908] [I] SCOPY T3c frame=4567 buffer=current slot=10 closest=bone-captured(2.48) next=captured-x-bind(2.48) | buffer=previous slot=10 closest=bone-captured(2.48) next=captured-x-bind(2.48)
[22:41:39.333] [38908] [I] SCOPY T0 frame=4575 capture=1 bone='NPC Pelvis [Pelv]' skin='clothes' root='skeleton_female.nif' bone-origin=(0.9,-485.5,2.7) bone-row1=(0.058,0.990,0.125) witness='NPC L Toe0 [LToe]' witness-radius=23.89 subtree-nodes=219
[22:41:39.333] [38908] [I] SCOPY T1 frame=4575 bone-row1=(0.016,0.766,0.643) orientation-delta-deg=32.9 witness-moved=13.53 moved-range=[0.28,14.12] slot=10 buffer-pre=sampled pre-rel=captured probe-effective=true
[22:41:39.333] [38908] [I] SCOPY T2 frame=4575 pass-geometry='clothes' numMatrices=31 frameID=4844 buffer-submit=sampled changed-since-T1=false submit-rel=captured
[22:41:39.333] [38908] [I] SCOPY T3 frame=4575 drawn=23 buffer-after-draw=sampled changed-since-T2=true final-rel=captured node-row1=(0.016,0.766,0.643)
[22:41:39.333] [38908] [I] SCOPY T1c frame=4575 buffer=current slot=10 closest=bone-captured(2.46) next=captured-x-bind(2.46) | buffer=previous slot=10 closest=bone-captured(2.46) next=captured-x-bind(2.46)
[22:41:39.333] [38908] [I] SCOPY T3c frame=4575 buffer=current slot=10 closest=bone-captured(2.46) next=captured-x-bind(2.46) | buffer=previous slot=10 closest=bone-captured(2.46) next=captured-x-bind(2.46)
[22:41:39.550] [38908] [I] SCOPY T0 frame=4583 capture=1 bone='NPC Pelvis [Pelv]' skin='clothes' root='skeleton_female.nif' bone-origin=(0.9,-485.5,2.7) bone-row1=(0.058,0.990,0.125) witness='NPC L Toe0 [LToe]' witness-radius=23.89 subtree-nodes=219
[22:41:39.550] [38908] [I] SCOPY T1 frame=4583 bone-row1=(0.019,0.787,0.616) orientation-delta-deg=30.9 witness-moved=12.74 moved-range=[0.28,14.12] slot=10 buffer-pre=sampled pre-rel=captured probe-effective=true
[22:41:39.550] [38908] [I] SCOPY T2 frame=4583 pass-geometry='clothes' numMatrices=31 frameID=4852 buffer-submit=sampled changed-since-T1=false submit-rel=captured
[22:41:39.550] [38908] [I] SCOPY T3 frame=4583 drawn=23 buffer-after-draw=sampled changed-since-T2=true final-rel=captured node-row1=(0.019,0.787,0.616)
[22:41:39.550] [38908] [I] SCOPY T1c frame=4583 buffer=current slot=10 closest=bone-captured(2.43) next=captured-x-bind(2.43) | buffer=previous slot=10 closest=bone-captured(2.43) next=captured-x-bind(2.43)
[22:41:39.550] [38908] [I] SCOPY T3c frame=4583 buffer=current slot=10 closest=bone-captured(2.42) next=captured-x-bind(2.42) | buffer=previous slot=10 closest=bone-captured(2.43) next=captured-x-bind(2.43)
[22:41:39.756] [38908] [I] SCOPY T0 frame=4591 capture=1 bone='NPC Pelvis [Pelv]' skin='clothes' root='skeleton_female.nif' bone-origin=(0.9,-485.5,2.7) bone-row1=(0.058,0.990,0.125) witness='NPC L Toe0 [LToe]' witness-radius=23.89 subtree-nodes=219
[22:41:39.756] [38908] [I] SCOPY T1 frame=4591 bone-row1=(0.023,0.815,0.578) orientation-delta-deg=28.2 witness-moved=11.64 moved-range=[0.28,14.12] slot=10 buffer-pre=sampled pre-rel=captured probe-effective=true
[22:41:39.756] [38908] [I] SCOPY T2 frame=4591 pass-geometry='clothes' numMatrices=31 frameID=4860 buffer-submit=sampled changed-since-T1=false submit-rel=captured
[22:41:39.756] [38908] [I] SCOPY T3 frame=4591 drawn=23 buffer-after-draw=sampled changed-since-T2=true final-rel=captured node-row1=(0.023,0.815,0.578)
[22:41:39.756] [38908] [I] SCOPY T1c frame=4591 buffer=current slot=10 closest=bone-captured(2.38) next=captured-x-bind(2.38) | buffer=previous slot=10 closest=bone-captured(2.39) next=captured-x-bind(2.39)
[22:41:39.756] [38908] [I] SCOPY T3c frame=4591 buffer=current slot=10 closest=bone-captured(2.37) next=captured-x-bind(2.37) | buffer=previous slot=10 closest=bone-captured(2.38) next=captured-x-bind(2.38)
[22:41:39.972] [38908] [I] SCOPY T0 frame=4599 capture=1 bone='NPC Pelvis [Pelv]' skin='clothes' root='skeleton_female.nif' bone-origin=(0.9,-485.5,2.7) bone-row1=(0.058,0.990,0.125) witness='NPC L Toe0 [LToe]' witness-radius=23.89 subtree-nodes=219
[22:41:39.972] [38908] [I] SCOPY T1 frame=4599 bone-row1=(0.028,0.848,0.529) orientation-delta-deg=24.8 witness-moved=10.25 moved-range=[0.28,14.12] slot=10 buffer-pre=sampled pre-rel=captured probe-effective=true
[22:41:39.972] [38908] [I] SCOPY T2 frame=4599 pass-geometry='clothes' numMatrices=31 frameID=4868 buffer-submit=sampled changed-since-T1=false submit-rel=captured
[22:41:39.972] [38908] [I] SCOPY T3 frame=4599 drawn=23 buffer-after-draw=sampled changed-since-T2=true final-rel=captured node-row1=(0.028,0.848,0.529)
[22:41:39.972] [38908] [I] SCOPY T1c frame=4599 buffer=current slot=10 closest=bone-captured(2.32) next=captured-x-bind(2.32) | buffer=previous slot=10 closest=bone-captured(2.33) next=captured-x-bind(2.33)
[22:41:39.972] [38908] [I] SCOPY T3c frame=4599 buffer=current slot=10 closest=bone-captured(2.31) next=captured-x-bind(2.31) | buffer=previous slot=10 closest=bone-captured(2.32) next=captured-x-bind(2.32)
[22:41:40.188] [38908] [I] SCOPY T0 frame=4607 capture=1 bone='NPC Pelvis [Pelv]' skin='clothes' root='skeleton_female.nif' bone-origin=(0.9,-485.5,2.7) bone-row1=(0.058,0.990,0.125) witness='NPC L Toe0 [LToe]' witness-radius=23.89 subtree-nodes=219
[22:41:40.188] [38908] [I] SCOPY T1 frame=4607 bone-row1=(0.033,0.883,0.468) orientation-delta-deg=20.7 witness-moved=8.61 moved-range=[0.28,14.12] slot=10 buffer-pre=sampled pre-rel=captured probe-effective=true
[22:41:40.188] [38908] [I] SCOPY T2 frame=4607 pass-geometry='clothes' numMatrices=31 frameID=4876 buffer-submit=sampled changed-since-T1=false submit-rel=captured
[22:41:40.188] [38908] [I] SCOPY T3 frame=4607 drawn=23 buffer-after-draw=sampled changed-since-T2=true final-rel=captured node-row1=(0.033,0.883,0.468)
[22:41:40.188] [38908] [I] SCOPY T1c frame=4607 buffer=current slot=10 closest=bone-captured(2.26) next=captured-x-bind(2.26) | buffer=previous slot=10 closest=bone-captured(2.26) next=captured-x-bind(2.26)
[22:41:40.188] [38908] [I] SCOPY T3c frame=4607 buffer=current slot=10 closest=bone-captured(2.25) next=captured-x-bind(2.25) | buffer=previous slot=10 closest=bone-captured(2.26) next=captured-x-bind(2.26)
[22:41:40.383] [38908] [I] Clone draw: passes=23 rd-null=23 lights=3 | geoms=23 skinned=23 roots=2 num-mat=331 bone-count=331 bound=331
[22:41:40.383] [38908] [I] SCOPY DRAW frame=1801 passes=23 lights=true animation-driver=none physics-driver=none
[22:41:40.407] [38908] [I] SCOPY T0 frame=4615 capture=1 bone='NPC Pelvis [Pelv]' skin='clothes' root='skeleton_female.nif' bone-origin=(0.9,-485.5,2.7) bone-row1=(0.058,0.990,0.125) witness='NPC L Toe0 [LToe]' witness-radius=23.89 subtree-nodes=219
[22:41:40.407] [38908] [I] SCOPY T1 frame=4615 bone-row1=(0.039,0.917,0.397) orientation-delta-deg=16.2 witness-moved=6.74 moved-range=[0.28,14.12] slot=10 buffer-pre=sampled pre-rel=captured probe-effective=true
[22:41:40.407] [38908] [I] SCOPY T2 frame=4615 pass-geometry='clothes' numMatrices=31 frameID=4884 buffer-submit=sampled changed-since-T1=false submit-rel=captured
[22:41:40.407] [38908] [I] SCOPY T3 frame=4615 drawn=23 buffer-after-draw=sampled changed-since-T2=true final-rel=captured node-row1=(0.039,0.917,0.397)
[22:41:40.407] [38908] [I] SCOPY T1c frame=4615 buffer=current slot=10 closest=bone-captured(2.18) next=captured-x-bind(2.18) | buffer=previous slot=10 closest=bone-captured(2.19) next=captured-x-bind(2.19)
[22:41:40.407] [38908] [I] SCOPY T3c frame=4615 buffer=current slot=10 closest=bone-captured(2.17) next=captured-x-bind(2.17) | buffer=previous slot=10 closest=bone-captured(2.18) next=captured-x-bind(2.18)
[22:41:40.623] [38908] [I] SCOPY T0 frame=4623 capture=1 bone='NPC Pelvis [Pelv]' skin='clothes' root='skeleton_female.nif' bone-origin=(0.9,-485.5,2.7) bone-row1=(0.058,0.990,0.125) witness='NPC L Toe0 [LToe]' witness-radius=23.89 subtree-nodes=219
[22:41:40.623] [38908] [I] SCOPY T1 frame=4623 bone-row1=(0.045,0.948,0.316) orientation-delta-deg=11.3 witness-moved=4.69 moved-range=[0.28,14.12] slot=10 buffer-pre=sampled pre-rel=captured probe-effective=true
[22:41:40.624] [38908] [I] SCOPY T2 frame=4623 pass-geometry='clothes' numMatrices=31 frameID=4892 buffer-submit=sampled changed-since-T1=false submit-rel=captured
[22:41:40.624] [38908] [I] SCOPY T3 frame=4623 drawn=23 buffer-after-draw=sampled changed-since-T2=true final-rel=captured node-row1=(0.045,0.948,0.316)
[22:41:40.624] [38908] [I] SCOPY T1c frame=4623 buffer=current slot=10 closest=bone-captured(2.14) next=captured-x-bind(2.14) | buffer=previous slot=10 closest=bone-captured(2.14) next=captured-x-bind(2.14)
[22:41:40.624] [38908] [I] SCOPY T3c frame=4623 buffer=current slot=10 closest=bone-captured(2.15) next=captured-x-bind(2.15) | buffer=previous slot=10 closest=bone-captured(2.14) next=captured-x-bind(2.14)
[22:41:40.843] [38908] [I] SCOPY T0 frame=4631 capture=1 bone='NPC Pelvis [Pelv]' skin='clothes' root='skeleton_female.nif' bone-origin=(0.9,-485.5,2.7) bone-row1=(0.058,0.990,0.125) witness='NPC L Toe0 [LToe]' witness-radius=23.89 subtree-nodes=219
[22:41:40.843] [38908] [I] SCOPY T1 frame=4631 bone-row1=(0.052,0.972,0.229) orientation-delta-deg=6.0 witness-moved=2.52 moved-range=[0.28,14.12] slot=10 buffer-pre=sampled pre-rel=captured probe-effective=true
[22:41:40.843] [38908] [I] SCOPY T2 frame=4631 pass-geometry='clothes' numMatrices=31 frameID=4900 buffer-submit=sampled changed-since-T1=false submit-rel=captured
[22:41:40.843] [38908] [I] SCOPY T3 frame=4631 drawn=23 buffer-after-draw=sampled changed-since-T2=true final-rel=captured node-row1=(0.052,0.972,0.229)
[22:41:40.843] [38908] [I] SCOPY T1c frame=4631 buffer=current slot=10 closest=bone-captured(2.18) next=captured-x-bind(2.18) | buffer=previous slot=10 closest=bone-captured(2.18) next=captured-x-bind(2.18)
[22:41:40.843] [38908] [I] SCOPY T3c frame=4631 buffer=current slot=10 closest=bone-captured(2.19) next=captured-x-bind(2.19) | buffer=previous slot=10 closest=bone-captured(2.18) next=captured-x-bind(2.18)
[22:41:41.062] [38908] [I] SCOPY T0 frame=4639 capture=1 bone='NPC Pelvis [Pelv]' skin='clothes' root='skeleton_female.nif' bone-origin=(0.9,-485.5,2.7) bone-row1=(0.058,0.990,0.125) witness='NPC L Toe0 [LToe]' witness-radius=23.89 subtree-nodes=219
[22:41:41.062] [38908] [I] SCOPY T1 frame=4639 bone-row1=(0.058,0.989,0.137) orientation-delta-deg=0.7 witness-moved=0.28 moved-range=[0.28,14.12] slot=10 buffer-pre=sampled pre-rel=captured probe-effective=true
[22:41:41.062] [38908] [I] SCOPY T2 frame=4639 pass-geometry='clothes' numMatrices=31 frameID=4908 buffer-submit=sampled changed-since-T1=false submit-rel=captured
[22:41:41.062] [38908] [I] SCOPY T3 frame=4639 drawn=23 buffer-after-draw=sampled changed-since-T2=true final-rel=captured node-row1=(0.058,0.989,0.137)
[22:41:41.062] [38908] [I] SCOPY T1c frame=4639 buffer=current slot=10 closest=bind(2.14) next=bind-T(2.14) | buffer=previous slot=10 closest=bind(2.15) next=bind-T(2.15)
[22:41:41.062] [38908] [I] SCOPY T3c frame=4639 buffer=current slot=10 closest=bind(2.14) next=bind-T(2.14) | buffer=previous slot=10 closest=bind(2.14) next=bind-T(2.14)
[22:41:41.275] [38908] [I] SCOPY T0 frame=4647 capture=1 bone='NPC Pelvis [Pelv]' skin='clothes' root='skeleton_female.nif' bone-origin=(0.9,-485.5,2.7) bone-row1=(0.058,0.990,0.125) witness='NPC L Toe0 [LToe]' witness-radius=23.89 subtree-nodes=219
[22:41:41.275] [38908] [I] SCOPY T1 frame=4647 bone-row1=(0.063,0.997,0.043) orientation-delta-deg=4.7 witness-moved=1.96 moved-range=[0.28,14.12] slot=10 buffer-pre=sampled pre-rel=swung probe-effective=true
[22:41:41.275] [38908] [I] SCOPY T2 frame=4647 pass-geometry='clothes' numMatrices=31 frameID=4916 buffer-submit=sampled changed-since-T1=false submit-rel=swung
[22:41:41.275] [38908] [I] SCOPY T3 frame=4647 drawn=23 buffer-after-draw=sampled changed-since-T2=true final-rel=swung node-row1=(0.063,0.997,0.043)
[22:41:41.275] [38908] [I] SCOPY T1c frame=4647 buffer=current slot=10 closest=bind(2.07) next=bind-T(2.07) | buffer=previous slot=10 closest=bind(2.08) next=bind-T(2.08)
[22:41:41.275] [38908] [I] SCOPY T3c frame=4647 buffer=current slot=10 closest=bind(2.06) next=bind-T(2.06) | buffer=previous slot=10 closest=bind(2.07) next=bind-T(2.07)
[22:41:41.488] [38908] [I] SCOPY T0 frame=4655 capture=1 bone='NPC Pelvis [Pelv]' skin='clothes' root='skeleton_female.nif' bone-origin=(0.9,-485.5,2.7) bone-row1=(0.058,0.990,0.125) witness='NPC L Toe0 [LToe]' witness-radius=23.89 subtree-nodes=219
[22:41:41.488] [38908] [I] SCOPY T1 frame=4655 bone-row1=(0.068,0.997,-0.049) orientation-delta-deg=10.0 witness-moved=4.16 moved-range=[0.28,14.12] slot=10 buffer-pre=sampled pre-rel=swung probe-effective=true
[22:41:41.488] [38908] [I] SCOPY T2 frame=4655 pass-geometry='clothes' numMatrices=31 frameID=4924 buffer-submit=sampled changed-since-T1=false submit-rel=swung
[22:41:41.488] [38908] [I] SCOPY T3 frame=4655 drawn=23 buffer-after-draw=sampled changed-since-T2=true final-rel=swung node-row1=(0.068,0.997,-0.049)
[22:41:41.488] [38908] [I] SCOPY T1c frame=4655 buffer=current slot=10 closest=bind(2.06) next=bind-T(2.06) | buffer=previous slot=10 closest=bind(2.05) next=bind-T(2.05)
[22:41:41.488] [38908] [I] SCOPY T3c frame=4655 buffer=current slot=10 closest=bind(2.07) next=bind-T(2.07) | buffer=previous slot=10 closest=bind(2.06) next=bind-T(2.06)
[22:41:41.706] [38908] [I] SCOPY T0 frame=4663 capture=1 bone='NPC Pelvis [Pelv]' skin='clothes' root='skeleton_female.nif' bone-origin=(0.9,-485.5,2.7) bone-row1=(0.058,0.990,0.125) witness='NPC L Toe0 [LToe]' witness-radius=23.89 subtree-nodes=219
[22:41:41.706] [38908] [I] SCOPY T1 frame=4663 bone-row1=(0.072,0.988,-0.136) orientation-delta-deg=15.0 witness-moved=6.24 moved-range=[0.28,14.12] slot=10 buffer-pre=sampled pre-rel=swung probe-effective=true
[22:41:41.706] [38908] [I] SCOPY T2 frame=4663 pass-geometry='clothes' numMatrices=31 frameID=4932 buffer-submit=sampled changed-since-T1=false submit-rel=swung
[22:41:41.706] [38908] [I] SCOPY T3 frame=4663 drawn=23 buffer-after-draw=sampled changed-since-T2=true final-rel=swung node-row1=(0.072,0.988,-0.136)
[22:41:41.707] [38908] [I] SCOPY T1c frame=4663 buffer=current slot=10 closest=bind(2.13) next=bind-T(2.13) | buffer=previous slot=10 closest=bind(2.12) next=bind-T(2.12)
[22:41:41.707] [38908] [I] SCOPY T3c frame=4663 buffer=current slot=10 closest=bind(2.14) next=bind-T(2.14) | buffer=previous slot=10 closest=bind(2.13) next=bind-T(2.13)
[22:41:41.916] [38908] [I] SCOPY T0 frame=4671 capture=1 bone='NPC Pelvis [Pelv]' skin='clothes' root='skeleton_female.nif' bone-origin=(0.9,-485.5,2.7) bone-row1=(0.058,0.990,0.125) witness='NPC L Toe0 [LToe]' witness-radius=23.89 subtree-nodes=219
[22:41:41.916] [38908] [I] SCOPY T1 frame=4671 bone-row1=(0.075,0.974,-0.216) orientation-delta-deg=19.7 witness-moved=8.16 moved-range=[0.28,14.12] slot=10 buffer-pre=sampled pre-rel=swung probe-effective=true
[22:41:41.916] [38908] [I] SCOPY T2 frame=4671 pass-geometry='clothes' numMatrices=31 frameID=4940 buffer-submit=sampled changed-since-T1=false submit-rel=swung
[22:41:41.916] [38908] [I] SCOPY T3 frame=4671 drawn=23 buffer-after-draw=sampled changed-since-T2=true final-rel=swung node-row1=(0.075,0.974,-0.216)
[22:41:41.916] [38908] [I] SCOPY T1c frame=4671 buffer=current slot=10 closest=bind(2.19) next=bind-T(2.19) | buffer=previous slot=10 closest=bind(2.19) next=bind-T(2.19)
[22:41:41.916] [38908] [I] SCOPY T3c frame=4671 buffer=current slot=10 closest=bind(2.20) next=bind-T(2.20) | buffer=previous slot=10 closest=bind(2.19) next=bind-T(2.19)
[22:41:42.130] [38908] [I] SCOPY T0 frame=4679 capture=1 bone='NPC Pelvis [Pelv]' skin='clothes' root='skeleton_female.nif' bone-origin=(0.9,-485.5,2.7) bone-row1=(0.058,0.990,0.125) witness='NPC L Toe0 [LToe]' witness-radius=23.89 subtree-nodes=219
[22:41:42.130] [38908] [I] SCOPY T1 frame=4679 bone-row1=(0.077,0.955,-0.286) orientation-delta-deg=23.8 witness-moved=9.87 moved-range=[0.28,14.12] slot=10 buffer-pre=sampled pre-rel=swung probe-effective=true
[22:41:42.130] [38908] [I] SCOPY T2 frame=4679 pass-geometry='clothes' numMatrices=31 frameID=4948 buffer-submit=sampled changed-since-T1=false submit-rel=swung
[22:41:42.130] [38908] [I] SCOPY T3 frame=4679 drawn=23 buffer-after-draw=sampled changed-since-T2=true final-rel=swung node-row1=(0.077,0.955,-0.286)
[22:41:42.130] [38908] [I] SCOPY T1c frame=4679 buffer=current slot=10 closest=bind(2.25) next=bind-T(2.25) | buffer=previous slot=10 closest=bind(2.25) next=bind-T(2.25)
[22:41:42.130] [38908] [I] SCOPY T3c frame=4679 buffer=current slot=10 closest=bind(2.26) next=bind-T(2.26) | buffer=previous slot=10 closest=bind(2.25) next=bind-T(2.25)
[22:41:42.345] [38908] [I] SCOPY T0 frame=4687 capture=1 bone='NPC Pelvis [Pelv]' skin='clothes' root='skeleton_female.nif' bone-origin=(0.9,-485.5,2.7) bone-row1=(0.058,0.990,0.125) witness='NPC L Toe0 [LToe]' witness-radius=23.89 subtree-nodes=219
[22:41:42.345] [38908] [I] SCOPY T1 frame=4687 bone-row1=(0.079,0.935,-0.345) orientation-delta-deg=27.4 witness-moved=11.32 moved-range=[0.28,14.12] slot=10 buffer-pre=sampled pre-rel=swung probe-effective=true
[22:41:42.345] [38908] [I] SCOPY T2 frame=4687 pass-geometry='clothes' numMatrices=31 frameID=4956 buffer-submit=sampled changed-since-T1=false submit-rel=swung
[22:41:42.345] [38908] [I] SCOPY T3 frame=4687 drawn=23 buffer-after-draw=sampled changed-since-T2=true final-rel=swung node-row1=(0.079,0.935,-0.345)
[22:41:42.345] [38908] [I] SCOPY T1c frame=4687 buffer=current slot=10 closest=bone-captured-T(2.29) next=bind(2.31) | buffer=previous slot=10 closest=bone-captured-T(2.30) next=bind(2.30)
[22:41:42.345] [38908] [I] SCOPY T3c frame=4687 buffer=current slot=10 closest=bone-captured-T(2.29) next=bind(2.32) | buffer=previous slot=10 closest=bone-captured-T(2.29) next=bind(2.31)
[22:41:42.566] [38908] [I] SCOPY T0 frame=4695 capture=1 bone='NPC Pelvis [Pelv]' skin='clothes' root='skeleton_female.nif' bone-origin=(0.9,-485.5,2.7) bone-row1=(0.058,0.990,0.125) witness='NPC L Toe0 [LToe]' witness-radius=23.89 subtree-nodes=219
[22:41:42.566] [38908] [I] SCOPY T1 frame=4695 bone-row1=(0.080,0.916,-0.392) orientation-delta-deg=30.3 witness-moved=12.50 moved-range=[0.28,14.12] slot=10 buffer-pre=sampled pre-rel=swung probe-effective=true
[22:41:42.566] [38908] [I] SCOPY T2 frame=4695 pass-geometry='clothes' numMatrices=31 frameID=4964 buffer-submit=sampled changed-since-T1=false submit-rel=swung
[22:41:42.566] [38908] [I] SCOPY T3 frame=4695 drawn=23 buffer-after-draw=sampled changed-since-T2=true final-rel=swung node-row1=(0.080,0.916,-0.392)
[22:41:42.566] [38908] [I] SCOPY T1c frame=4695 buffer=current slot=10 closest=bone-captured-T(2.32) next=bind(2.36) | buffer=previous slot=10 closest=bone-captured-T(2.32) next=bind(2.35)
[22:41:42.566] [38908] [I] SCOPY T3c frame=4695 buffer=current slot=10 closest=bone-captured-T(2.33) next=bind(2.36) | buffer=previous slot=10 closest=bone-captured-T(2.32) next=bind(2.36)
[22:41:42.780] [38908] [I] SCOPY T0 frame=4703 capture=1 bone='NPC Pelvis [Pelv]' skin='clothes' root='skeleton_female.nif' bone-origin=(0.9,-485.5,2.7) bone-row1=(0.058,0.990,0.125) witness='NPC L Toe0 [LToe]' witness-radius=23.89 subtree-nodes=219
[22:41:42.780] [38908] [I] SCOPY T1 frame=4703 bone-row1=(0.081,0.901,-0.427) orientation-delta-deg=32.5 witness-moved=13.36 moved-range=[0.28,14.12] slot=10 buffer-pre=sampled pre-rel=swung probe-effective=true
[22:41:42.780] [38908] [I] SCOPY T2 frame=4703 pass-geometry='clothes' numMatrices=31 frameID=4972 buffer-submit=sampled changed-since-T1=false submit-rel=swung
[22:41:42.780] [38908] [I] SCOPY T3 frame=4703 drawn=23 buffer-after-draw=sampled changed-since-T2=true final-rel=swung node-row1=(0.081,0.901,-0.427)
[22:41:42.780] [38908] [I] SCOPY T1c frame=4703 buffer=current slot=10 closest=bone-captured-T(2.36) next=bind(2.39) | buffer=previous slot=10 closest=bone-captured-T(2.35) next=bind(2.39)
[22:41:42.780] [38908] [I] SCOPY T3c frame=4703 buffer=current slot=10 closest=bone-captured-T(2.36) next=bind(2.40) | buffer=previous slot=10 closest=bone-captured-T(2.36) next=bind(2.39)
[22:41:42.993] [38908] [I] SCOPY T0 frame=4711 capture=1 bone='NPC Pelvis [Pelv]' skin='clothes' root='skeleton_female.nif' bone-origin=(0.9,-485.5,2.7) bone-row1=(0.058,0.990,0.125) witness='NPC L Toe0 [LToe]' witness-radius=23.89 subtree-nodes=219
[22:41:42.993] [38908] [I] SCOPY T1 frame=4711 bone-row1=(0.082,0.890,-0.448) orientation-delta-deg=33.8 witness-moved=13.91 moved-range=[0.28,14.12] slot=10 buffer-pre=sampled pre-rel=swung probe-effective=true
[22:41:42.993] [38908] [I] SCOPY T2 frame=4711 pass-geometry='clothes' numMatrices=31 frameID=4980 buffer-submit=sampled changed-since-T1=false submit-rel=swung
[22:41:42.993] [38908] [I] SCOPY T3 frame=4711 drawn=23 buffer-after-draw=sampled changed-since-T2=true final-rel=swung node-row1=(0.082,0.890,-0.448)
[22:41:42.993] [38908] [I] SCOPY T1c frame=4711 buffer=current slot=10 closest=bone-captured-T(2.38) next=bind(2.42) | buffer=previous slot=10 closest=bone-captured-T(2.38) next=bind(2.41)
[22:41:42.993] [38908] [I] SCOPY T3c frame=4711 buffer=current slot=10 closest=bone-captured-T(2.38) next=bind(2.42) | buffer=previous slot=10 closest=bone-captured-T(2.38) next=bind(2.42)
[22:41:43.213] [38908] [I] SCOPY T0 frame=4719 capture=1 bone='NPC Pelvis [Pelv]' skin='clothes' root='skeleton_female.nif' bone-origin=(0.9,-485.5,2.7) bone-row1=(0.058,0.990,0.125) witness='NPC L Toe0 [LToe]' witness-radius=23.89 subtree-nodes=219
[22:41:43.213] [38908] [I] SCOPY T1 frame=4719 bone-row1=(0.082,0.886,-0.456) orientation-delta-deg=34.4 witness-moved=14.12 moved-range=[0.28,14.12] slot=10 buffer-pre=sampled pre-rel=swung probe-effective=true
[22:41:43.213] [38908] [I] SCOPY T2 frame=4719 pass-geometry='clothes' numMatrices=31 frameID=4988 buffer-submit=sampled changed-since-T1=false submit-rel=swung
[22:41:43.213] [38908] [I] SCOPY T3 frame=4719 drawn=23 buffer-after-draw=sampled changed-since-T2=true final-rel=swung node-row1=(0.082,0.886,-0.456)
[22:41:43.213] [38908] [I] SCOPY T1c frame=4719 buffer=current slot=10 closest=bone-captured-T(2.39) next=bind(2.43) | buffer=previous slot=10 closest=bone-captured-T(2.39) next=bind(2.42)
[22:41:43.213] [38908] [I] SCOPY T3c frame=4719 buffer=current slot=10 closest=bone-captured-T(2.39) next=bind(2.43) | buffer=previous slot=10 closest=bone-captured-T(2.39) next=bind(2.43)
[22:41:43.421] [38908] [I] SCOPY T0 frame=4727 capture=1 bone='NPC Pelvis [Pelv]' skin='clothes' root='skeleton_female.nif' bone-origin=(0.9,-485.5,2.7) bone-row1=(0.058,0.990,0.125) witness='NPC L Toe0 [LToe]' witness-radius=23.89 subtree-nodes=219
[22:41:43.421] [38908] [I] SCOPY T1 frame=4727 bone-row1=(0.082,0.889,-0.451) orientation-delta-deg=34.1 witness-moved=13.99 moved-range=[0.28,14.12] slot=10 buffer-pre=sampled pre-rel=swung probe-effective=true
[22:41:43.421] [38908] [I] SCOPY T2 frame=4727 pass-geometry='clothes' numMatrices=31 frameID=4996 buffer-submit=sampled changed-since-T1=false submit-rel=swung
[22:41:43.421] [38908] [I] SCOPY T3 frame=4727 drawn=23 buffer-after-draw=sampled changed-since-T2=true final-rel=swung node-row1=(0.082,0.889,-0.451)
[22:41:43.421] [38908] [I] SCOPY T1c frame=4727 buffer=current slot=10 closest=bone-captured-T(2.39) next=bind(2.42) | buffer=previous slot=10 closest=bone-captured-T(2.39) next=bind(2.42)
[22:41:43.421] [38908] [I] SCOPY T3c frame=4727 buffer=current slot=10 closest=bone-captured-T(2.39) next=bind(2.42) | buffer=previous slot=10 closest=bone-captured-T(2.39) next=bind(2.42)
[22:41:43.612] [38908] [I] Clone draw: passes=23 rd-null=23 lights=3 | geoms=23 skinned=23 roots=2 num-mat=331 bone-count=331 bound=331
[22:41:43.613] [38908] [I] SCOPY DRAW frame=1921 passes=23 lights=true animation-driver=none physics-driver=none
[22:41:43.640] [38908] [I] SCOPY T0 frame=4735 capture=1 bone='NPC Pelvis [Pelv]' skin='clothes' root='skeleton_female.nif' bone-origin=(0.9,-485.5,2.7) bone-row1=(0.058,0.990,0.125) witness='NPC L Toe0 [LToe]' witness-radius=23.89 subtree-nodes=219
[22:41:43.640] [38908] [I] SCOPY T1 frame=4735 bone-row1=(0.081,0.898,-0.433) orientation-delta-deg=32.9 witness-moved=13.53 moved-range=[0.28,14.12] slot=10 buffer-pre=sampled pre-rel=swung probe-effective=true
[22:41:43.640] [38908] [I] SCOPY T2 frame=4735 pass-geometry='clothes' numMatrices=31 frameID=5004 buffer-submit=sampled changed-since-T1=false submit-rel=swung
[22:41:43.640] [38908] [I] SCOPY T3 frame=4735 drawn=23 buffer-after-draw=sampled changed-since-T2=true final-rel=swung node-row1=(0.081,0.898,-0.433)
[22:41:43.640] [38908] [I] SCOPY T1c frame=4735 buffer=current slot=10 closest=bone-captured-T(2.37) next=bind(2.41) | buffer=previous slot=10 closest=bone-captured-T(2.37) next=bind(2.41)
[22:41:43.640] [38908] [I] SCOPY T3c frame=4735 buffer=current slot=10 closest=bone-captured-T(2.37) next=bind(2.40) | buffer=previous slot=10 closest=bone-captured-T(2.37) next=bind(2.41)
[22:41:43.854] [38908] [I] SCOPY T0 frame=4743 capture=1 bone='NPC Pelvis [Pelv]' skin='clothes' root='skeleton_female.nif' bone-origin=(0.9,-485.5,2.7) bone-row1=(0.058,0.990,0.125) witness='NPC L Toe0 [LToe]' witness-radius=23.89 subtree-nodes=219
[22:41:43.854] [38908] [I] SCOPY T1 frame=4743 bone-row1=(0.081,0.912,-0.402) orientation-delta-deg=30.9 witness-moved=12.74 moved-range=[0.28,14.12] slot=10 buffer-pre=sampled pre-rel=swung probe-effective=true
[22:41:43.854] [38908] [I] SCOPY T2 frame=4743 pass-geometry='clothes' numMatrices=31 frameID=5012 buffer-submit=sampled changed-since-T1=false submit-rel=swung
[22:41:43.854] [38908] [I] SCOPY T3 frame=4743 drawn=23 buffer-after-draw=sampled changed-since-T2=true final-rel=swung node-row1=(0.081,0.912,-0.402)
[22:41:43.854] [38908] [I] SCOPY T1c frame=4743 buffer=current slot=10 closest=bone-captured-T(2.34) next=bind(2.38) | buffer=previous slot=10 closest=bone-captured-T(2.35) next=bind(2.38)
[22:41:43.854] [38908] [I] SCOPY T3c frame=4743 buffer=current slot=10 closest=bone-captured-T(2.34) next=bind(2.37) | buffer=previous slot=10 closest=bone-captured-T(2.34) next=bind(2.38)
[22:41:44.069] [38908] [I] SCOPY T0 frame=4751 capture=1 bone='NPC Pelvis [Pelv]' skin='clothes' root='skeleton_female.nif' bone-origin=(0.9,-485.5,2.7) bone-row1=(0.058,0.990,0.125) witness='NPC L Toe0 [LToe]' witness-radius=23.89 subtree-nodes=219
[22:41:44.069] [38908] [I] SCOPY T1 frame=4751 bone-row1=(0.080,0.930,-0.358) orientation-delta-deg=28.2 witness-moved=11.64 moved-range=[0.28,14.12] slot=10 buffer-pre=sampled pre-rel=swung probe-effective=true
[22:41:44.069] [38908] [I] SCOPY T2 frame=4751 pass-geometry='clothes' numMatrices=31 frameID=5020 buffer-submit=sampled changed-since-T1=false submit-rel=swung
[22:41:44.069] [38908] [I] SCOPY T3 frame=4751 drawn=23 buffer-after-draw=sampled changed-since-T2=true final-rel=swung node-row1=(0.080,0.930,-0.358)
[22:41:44.069] [38908] [I] SCOPY T1c frame=4751 buffer=current slot=10 closest=bone-captured-T(2.30) next=bind(2.33) | buffer=previous slot=10 closest=bone-captured-T(2.31) next=bind(2.34)
[22:41:44.069] [38908] [I] SCOPY T3c frame=4751 buffer=current slot=10 closest=bone-captured-T(2.30) next=bind(2.33) | buffer=previous slot=10 closest=bone-captured-T(2.30) next=bind(2.33)
[22:41:44.284] [38908] [I] SCOPY T0 frame=4759 capture=1 bone='NPC Pelvis [Pelv]' skin='clothes' root='skeleton_female.nif' bone-origin=(0.9,-485.5,2.7) bone-row1=(0.058,0.990,0.125) witness='NPC L Toe0 [LToe]' witness-radius=23.89 subtree-nodes=219
[22:41:44.284] [38908] [I] SCOPY T1 frame=4759 bone-row1=(0.078,0.950,-0.302) orientation-delta-deg=24.8 witness-moved=10.25 moved-range=[0.28,14.12] slot=10 buffer-pre=sampled pre-rel=swung probe-effective=true
[22:41:44.284] [38908] [I] SCOPY T2 frame=4759 pass-geometry='clothes' numMatrices=31 frameID=5028 buffer-submit=sampled changed-since-T1=false submit-rel=swung
[22:41:44.284] [38908] [I] SCOPY T3 frame=4759 drawn=23 buffer-after-draw=sampled changed-since-T2=true final-rel=swung node-row1=(0.078,0.950,-0.302)
[22:41:44.284] [38908] [I] SCOPY T1c frame=4759 buffer=current slot=10 closest=bind(2.28) next=bind-T(2.28) | buffer=previous slot=10 closest=bind(2.29) next=bind-T(2.29)
[22:41:44.284] [38908] [I] SCOPY T3c frame=4759 buffer=current slot=10 closest=bind(2.28) next=bind-T(2.28) | buffer=previous slot=10 closest=bind(2.28) next=bind-T(2.28)
[22:41:44.499] [38908] [I] SCOPY T0 frame=4767 capture=1 bone='NPC Pelvis [Pelv]' skin='clothes' root='skeleton_female.nif' bone-origin=(0.9,-485.5,2.7) bone-row1=(0.058,0.990,0.125) witness='NPC L Toe0 [LToe]' witness-radius=23.89 subtree-nodes=219
[22:41:44.499] [38908] [I] SCOPY T1 frame=4767 bone-row1=(0.076,0.969,-0.234) orientation-delta-deg=20.7 witness-moved=8.61 moved-range=[0.28,14.12] slot=10 buffer-pre=sampled pre-rel=swung probe-effective=true
[22:41:44.499] [38908] [I] SCOPY T2 frame=4767 pass-geometry='clothes' numMatrices=31 frameID=5036 buffer-submit=sampled changed-since-T1=false submit-rel=swung
[22:41:44.499] [38908] [I] SCOPY T3 frame=4767 drawn=23 buffer-after-draw=sampled changed-since-T2=true final-rel=swung node-row1=(0.076,0.969,-0.234)
[22:41:44.499] [38908] [I] SCOPY T1c frame=4767 buffer=current slot=10 closest=bind(2.22) next=bind-T(2.22) | buffer=previous slot=10 closest=bind(2.23) next=bind-T(2.23)
[22:41:44.499] [38908] [I] SCOPY T3c frame=4767 buffer=current slot=10 closest=bind(2.22) next=bind-T(2.22) | buffer=previous slot=10 closest=bind(2.22) next=bind-T(2.22)
[22:41:44.716] [38908] [I] SCOPY T0 frame=4775 capture=1 bone='NPC Pelvis [Pelv]' skin='clothes' root='skeleton_female.nif' bone-origin=(0.9,-485.5,2.7) bone-row1=(0.058,0.990,0.125) witness='NPC L Toe0 [LToe]' witness-radius=23.89 subtree-nodes=219
[22:41:44.716] [38908] [I] SCOPY T1 frame=4775 bone-row1=(0.073,0.985,-0.156) orientation-delta-deg=16.2 witness-moved=6.74 moved-range=[0.28,14.12] slot=10 buffer-pre=sampled pre-rel=swung probe-effective=true
[22:41:44.716] [38908] [I] SCOPY T2 frame=4775 pass-geometry='clothes' numMatrices=31 frameID=5044 buffer-submit=sampled changed-since-T1=false submit-rel=swung
[22:41:44.716] [38908] [I] SCOPY T3 frame=4775 drawn=23 buffer-after-draw=sampled changed-since-T2=true final-rel=swung node-row1=(0.073,0.985,-0.156)
[22:41:44.716] [38908] [I] SCOPY T1c frame=4775 buffer=current slot=10 closest=bind(2.16) next=bind-T(2.16) | buffer=previous slot=10 closest=bind(2.17) next=bind-T(2.17)
[22:41:44.716] [38908] [I] SCOPY T3c frame=4775 buffer=current slot=10 closest=bind(2.15) next=bind-T(2.15) | buffer=previous slot=10 closest=bind(2.16) next=bind-T(2.16)
[22:41:44.931] [38908] [I] SCOPY T0 frame=4783 capture=1 bone='NPC Pelvis [Pelv]' skin='clothes' root='skeleton_female.nif' bone-origin=(0.9,-485.5,2.7) bone-row1=(0.058,0.990,0.125) witness='NPC L Toe0 [LToe]' witness-radius=23.89 subtree-nodes=219
[22:41:44.931] [38908] [I] SCOPY T1 frame=4783 bone-row1=(0.069,0.995,-0.071) orientation-delta-deg=11.3 witness-moved=4.69 moved-range=[0.28,14.12] slot=10 buffer-pre=sampled pre-rel=swung probe-effective=true
[22:41:44.931] [38908] [I] SCOPY T2 frame=4783 pass-geometry='clothes' numMatrices=31 frameID=5052 buffer-submit=sampled changed-since-T1=false submit-rel=swung
[22:41:44.931] [38908] [I] SCOPY T3 frame=4783 drawn=23 buffer-after-draw=sampled changed-since-T2=true final-rel=swung node-row1=(0.069,0.995,-0.071)
[22:41:44.931] [38908] [I] SCOPY T1c frame=4783 buffer=current slot=10 closest=bind(2.09) next=bind-T(2.09) | buffer=previous slot=10 closest=bind(2.10) next=bind-T(2.10)
[22:41:44.931] [38908] [I] SCOPY T3c frame=4783 buffer=current slot=10 closest=bind(2.09) next=bind-T(2.09) | buffer=previous slot=10 closest=bind(2.09) next=bind-T(2.09)
[22:41:45.139] [38908] [I] SCOPY T0 frame=4791 capture=1 bone='NPC Pelvis [Pelv]' skin='clothes' root='skeleton_female.nif' bone-origin=(0.9,-485.5,2.7) bone-row1=(0.058,0.990,0.125) witness='NPC L Toe0 [LToe]' witness-radius=23.89 subtree-nodes=219
[22:41:45.139] [38908] [I] SCOPY T1 frame=4791 bone-row1=(0.064,0.998,0.020) orientation-delta-deg=6.0 witness-moved=2.52 moved-range=[0.28,14.12] slot=10 buffer-pre=sampled pre-rel=swung probe-effective=true
[22:41:45.139] [38908] [I] SCOPY T2 frame=4791 pass-geometry='clothes' numMatrices=31 frameID=5060 buffer-submit=sampled changed-since-T1=false submit-rel=swung
[22:41:45.139] [38908] [I] SCOPY T3 frame=4791 drawn=23 buffer-after-draw=sampled changed-since-T2=true final-rel=swung node-row1=(0.064,0.998,0.020)
[22:41:45.139] [38908] [I] SCOPY T1c frame=4791 buffer=current slot=10 closest=bind(2.04) next=bind-T(2.04) | buffer=previous slot=10 closest=bind(2.04) next=bind-T(2.04)
[22:41:45.139] [38908] [I] SCOPY T3c frame=4791 buffer=current slot=10 closest=bind(2.05) next=bind-T(2.05) | buffer=previous slot=10 closest=bind(2.04) next=bind-T(2.04)
[22:41:45.358] [38908] [I] SCOPY T0 frame=4799 capture=1 bone='NPC Pelvis [Pelv]' skin='clothes' root='skeleton_female.nif' bone-origin=(0.9,-485.5,2.7) bone-row1=(0.058,0.990,0.125) witness='NPC L Toe0 [LToe]' witness-radius=23.89 subtree-nodes=219
[22:41:45.358] [38908] [I] SCOPY T1 frame=4799 bone-row1=(0.059,0.992,0.113) orientation-delta-deg=0.7 witness-moved=0.28 moved-range=[0.28,14.12] slot=10 buffer-pre=sampled pre-rel=swung probe-effective=true
[22:41:45.358] [38908] [I] SCOPY T2 frame=4799 pass-geometry='clothes' numMatrices=31 frameID=5068 buffer-submit=sampled changed-since-T1=false submit-rel=swung
[22:41:45.358] [38908] [I] SCOPY T3 frame=4799 drawn=23 buffer-after-draw=sampled changed-since-T2=true final-rel=swung node-row1=(0.059,0.992,0.113)
[22:41:45.358] [38908] [I] SCOPY T1c frame=4799 buffer=current slot=10 closest=bind(2.11) next=bind-T(2.11) | buffer=previous slot=10 closest=bind(2.10) next=bind-T(2.10)
[22:41:45.358] [38908] [I] SCOPY T3c frame=4799 buffer=current slot=10 closest=bind(2.12) next=bind-T(2.12) | buffer=previous slot=10 closest=bind(2.11) next=bind-T(2.11)
[22:41:45.577] [38908] [I] SCOPY T0 frame=4807 capture=1 bone='NPC Pelvis [Pelv]' skin='clothes' root='skeleton_female.nif' bone-origin=(0.9,-485.5,2.7) bone-row1=(0.058,0.990,0.125) witness='NPC L Toe0 [LToe]' witness-radius=23.89 subtree-nodes=219
[22:41:45.577] [38908] [I] SCOPY T1 frame=4807 bone-row1=(0.053,0.977,0.206) orientation-delta-deg=4.7 witness-moved=1.96 moved-range=[0.28,14.12] slot=10 buffer-pre=sampled pre-rel=captured probe-effective=true
[22:41:45.577] [38908] [I] SCOPY T2 frame=4807 pass-geometry='clothes' numMatrices=31 frameID=5076 buffer-submit=sampled changed-since-T1=false submit-rel=captured
[22:41:45.577] [38908] [I] SCOPY T3 frame=4807 drawn=23 buffer-after-draw=sampled changed-since-T2=true final-rel=captured node-row1=(0.053,0.977,0.206)
[22:41:45.577] [38908] [I] SCOPY T1c frame=4807 buffer=current slot=10 closest=bind(2.18) next=bind-T(2.18) | buffer=previous slot=10 closest=bind(2.17) next=bind-T(2.17)
[22:41:45.577] [38908] [I] SCOPY T3c frame=4807 buffer=current slot=10 closest=bind(2.19) next=bind-T(2.19) | buffer=previous slot=10 closest=bind(2.18) next=bind-T(2.18)
[22:41:45.799] [38908] [I] SCOPY T0 frame=4815 capture=1 bone='NPC Pelvis [Pelv]' skin='clothes' root='skeleton_female.nif' bone-origin=(0.9,-485.5,2.7) bone-row1=(0.058,0.990,0.125) witness='NPC L Toe0 [LToe]' witness-radius=23.89 subtree-nodes=219
[22:41:45.799] [38908] [I] SCOPY T1 frame=4815 bone-row1=(0.047,0.954,0.295) orientation-delta-deg=10.0 witness-moved=4.16 moved-range=[0.28,14.12] slot=10 buffer-pre=sampled pre-rel=captured probe-effective=true
[22:41:45.799] [38908] [I] SCOPY T2 frame=4815 pass-geometry='clothes' numMatrices=31 frameID=5084 buffer-submit=sampled changed-since-T1=false submit-rel=captured
[22:41:45.799] [38908] [I] SCOPY T3 frame=4815 drawn=23 buffer-after-draw=sampled changed-since-T2=true final-rel=captured node-row1=(0.047,0.954,0.295)
[22:41:45.799] [38908] [I] SCOPY T1c frame=4815 buffer=current slot=10 closest=bone-captured(2.16) next=captured-x-bind(2.16) | buffer=previous slot=10 closest=bone-captured(2.17) next=captured-x-bind(2.17)
[22:41:45.799] [38908] [I] SCOPY T3c frame=4815 buffer=current slot=10 closest=bone-captured(2.16) next=captured-x-bind(2.16) | buffer=previous slot=10 closest=bone-captured(2.16) next=captured-x-bind(2.16)
[22:41:46.012] [38908] [I] SCOPY T0 frame=4823 capture=1 bone='NPC Pelvis [Pelv]' skin='clothes' root='skeleton_female.nif' bone-origin=(0.9,-485.5,2.7) bone-row1=(0.058,0.990,0.125) witness='NPC L Toe0 [LToe]' witness-radius=23.89 subtree-nodes=219
[22:41:46.012] [38908] [I] SCOPY T1 frame=4823 bone-row1=(0.041,0.925,0.377) orientation-delta-deg=15.0 witness-moved=6.24 moved-range=[0.28,14.12] slot=10 buffer-pre=sampled pre-rel=captured probe-effective=true
[22:41:46.012] [38908] [I] SCOPY T2 frame=4823 pass-geometry='clothes' numMatrices=31 frameID=5092 buffer-submit=sampled changed-since-T1=false submit-rel=captured
[22:41:46.012] [38908] [I] SCOPY T3 frame=4823 drawn=23 buffer-after-draw=sampled changed-since-T2=true final-rel=captured node-row1=(0.041,0.925,0.377)
[22:41:46.012] [38908] [I] SCOPY T1c frame=4823 buffer=current slot=10 closest=bone-captured(2.14) next=captured-x-bind(2.14) | buffer=previous slot=10 closest=bone-captured(2.13) next=captured-x-bind(2.13)
[22:41:46.012] [38908] [I] SCOPY T3c frame=4823 buffer=current slot=10 closest=bone-captured(2.15) next=captured-x-bind(2.15) | buffer=previous slot=10 closest=bone-captured(2.14) next=captured-x-bind(2.14)
[22:41:46.227] [38908] [I] SCOPY T0 frame=4831 capture=1 bone='NPC Pelvis [Pelv]' skin='clothes' root='skeleton_female.nif' bone-origin=(0.9,-485.5,2.7) bone-row1=(0.058,0.990,0.125) witness='NPC L Toe0 [LToe]' witness-radius=23.89 subtree-nodes=219
[22:41:46.227] [38908] [I] SCOPY T1 frame=4831 bone-row1=(0.035,0.892,0.451) orientation-delta-deg=19.7 witness-moved=8.16 moved-range=[0.28,14.12] slot=10 buffer-pre=sampled pre-rel=captured probe-effective=true
[22:41:46.227] [38908] [I] SCOPY T2 frame=4831 pass-geometry='clothes' numMatrices=31 frameID=5100 buffer-submit=sampled changed-since-T1=false submit-rel=captured
[22:41:46.227] [38908] [I] SCOPY T3 frame=4831 drawn=23 buffer-after-draw=sampled changed-since-T2=true final-rel=captured node-row1=(0.035,0.892,0.451)
[22:41:46.227] [38908] [I] SCOPY T1c frame=4831 buffer=current slot=10 closest=bone-captured(2.22) next=captured-x-bind(2.22) | buffer=previous slot=10 closest=bone-captured(2.21) next=captured-x-bind(2.21)
[22:41:46.227] [38908] [I] SCOPY T3c frame=4831 buffer=current slot=10 closest=bone-captured(2.23) next=captured-x-bind(2.23) | buffer=previous slot=10 closest=bone-captured(2.22) next=captured-x-bind(2.22)
[22:41:46.450] [38908] [I] SCOPY T0 frame=4839 capture=1 bone='NPC Pelvis [Pelv]' skin='clothes' root='skeleton_female.nif' bone-origin=(0.9,-485.5,2.7) bone-row1=(0.058,0.990,0.125) witness='NPC L Toe0 [LToe]' witness-radius=23.89 subtree-nodes=219
[22:41:46.450] [38908] [I] SCOPY T1 frame=4839 bone-row1=(0.029,0.857,0.515) orientation-delta-deg=23.8 witness-moved=9.87 moved-range=[0.28,14.12] slot=10 buffer-pre=sampled pre-rel=captured probe-effective=true
[22:41:46.450] [38908] [I] SCOPY T2 frame=4839 pass-geometry='clothes' numMatrices=31 frameID=5108 buffer-submit=sampled changed-since-T1=false submit-rel=captured
[22:41:46.450] [38908] [I] SCOPY T3 frame=4839 drawn=23 buffer-after-draw=sampled changed-since-T2=true final-rel=captured node-row1=(0.029,0.857,0.515)
[22:41:46.450] [38908] [I] SCOPY T1c frame=4839 buffer=current slot=10 closest=bone-captured(2.29) next=captured-x-bind(2.29) | buffer=previous slot=10 closest=bone-captured(2.28) next=captured-x-bind(2.28)
[22:41:46.450] [38908] [I] SCOPY T3c frame=4839 buffer=current slot=10 closest=bone-captured(2.30) next=captured-x-bind(2.30) | buffer=previous slot=10 closest=bone-captured(2.29) next=captured-x-bind(2.29)
[22:41:46.664] [38908] [I] SCOPY T0 frame=4847 capture=1 bone='NPC Pelvis [Pelv]' skin='clothes' root='skeleton_female.nif' bone-origin=(0.9,-485.5,2.7) bone-row1=(0.058,0.990,0.125) witness='NPC L Toe0 [LToe]' witness-radius=23.89 subtree-nodes=219
[22:41:46.664] [38908] [I] SCOPY T1 frame=4847 bone-row1=(0.024,0.823,0.567) orientation-delta-deg=27.4 witness-moved=11.32 moved-range=[0.28,14.12] slot=10 buffer-pre=sampled pre-rel=captured probe-effective=true
[22:41:46.664] [38908] [I] SCOPY T2 frame=4847 pass-geometry='clothes' numMatrices=31 frameID=5116 buffer-submit=sampled changed-since-T1=false submit-rel=captured
[22:41:46.664] [38908] [I] SCOPY T3 frame=4847 drawn=23 buffer-after-draw=sampled changed-since-T2=true final-rel=captured node-row1=(0.024,0.823,0.567)
[22:41:46.664] [38908] [I] SCOPY T1c frame=4847 buffer=current slot=10 closest=bone-captured(2.35) next=captured-x-bind(2.35) | buffer=previous slot=10 closest=bone-captured(2.35) next=captured-x-bind(2.35)
[22:41:46.664] [38908] [I] SCOPY T3c frame=4847 buffer=current slot=10 closest=bone-captured(2.36) next=captured-x-bind(2.36) | buffer=previous slot=10 closest=bone-captured(2.35) next=captured-x-bind(2.35)
[22:41:46.849] [38908] [I] Clone draw: passes=23 rd-null=23 lights=3 | geoms=23 skinned=23 roots=2 num-mat=331 bone-count=331 bound=331
[22:41:46.849] [38908] [I] SCOPY DRAW frame=2041 passes=23 lights=true animation-driver=none physics-driver=none
[22:41:46.875] [38908] [I] SCOPY T0 frame=4855 capture=1 bone='NPC Pelvis [Pelv]' skin='clothes' root='skeleton_female.nif' bone-origin=(0.9,-485.5,2.7) bone-row1=(0.058,0.990,0.125) witness='NPC L Toe0 [LToe]' witness-radius=23.89 subtree-nodes=219
[22:41:46.875] [38908] [I] SCOPY T1 frame=4855 bone-row1=(0.020,0.794,0.608) orientation-delta-deg=30.3 witness-moved=12.50 moved-range=[0.28,14.12] slot=10 buffer-pre=sampled pre-rel=captured probe-effective=true
[22:41:46.875] [38908] [I] SCOPY T2 frame=4855 pass-geometry='clothes' numMatrices=31 frameID=5124 buffer-submit=sampled changed-since-T1=false submit-rel=captured
[22:41:46.875] [38908] [I] SCOPY T3 frame=4855 drawn=23 buffer-after-draw=sampled changed-since-T2=true final-rel=captured node-row1=(0.020,0.794,0.608)
[22:41:46.875] [38908] [I] SCOPY T1c frame=4855 buffer=current slot=10 closest=bone-captured(2.41) next=captured-x-bind(2.41) | buffer=previous slot=10 closest=bone-captured(2.40) next=captured-x-bind(2.40)
[22:41:46.875] [38908] [I] SCOPY T3c frame=4855 buffer=current slot=10 closest=bone-captured(2.41) next=captured-x-bind(2.41) | buffer=previous slot=10 closest=bone-captured(2.41) next=captured-x-bind(2.41)
[22:41:47.088] [38908] [I] SCOPY T0 frame=4863 capture=1 bone='NPC Pelvis [Pelv]' skin='clothes' root='skeleton_female.nif' bone-origin=(0.9,-485.5,2.7) bone-row1=(0.058,0.990,0.125) witness='NPC L Toe0 [LToe]' witness-radius=23.89 subtree-nodes=219
[22:41:47.088] [38908] [I] SCOPY T1 frame=4863 bone-row1=(0.017,0.770,0.637) orientation-delta-deg=32.5 witness-moved=13.36 moved-range=[0.28,14.12] slot=10 buffer-pre=sampled pre-rel=captured probe-effective=true
[22:41:47.088] [38908] [I] SCOPY T2 frame=4863 pass-geometry='clothes' numMatrices=31 frameID=5132 buffer-submit=sampled changed-since-T1=false submit-rel=captured
[22:41:47.088] [38908] [I] SCOPY T3 frame=4863 drawn=23 buffer-after-draw=sampled changed-since-T2=true final-rel=captured node-row1=(0.017,0.770,0.637)
[22:41:47.088] [38908] [I] SCOPY T1c frame=4863 buffer=current slot=10 closest=bone-captured(2.44) next=captured-x-bind(2.44) | buffer=previous slot=10 closest=bone-captured(2.44) next=captured-x-bind(2.44)
[22:41:47.088] [38908] [I] SCOPY T3c frame=4863 buffer=current slot=10 closest=bone-captured(2.45) next=captured-x-bind(2.45) | buffer=previous slot=10 closest=bone-captured(2.44) next=captured-x-bind(2.44)
[22:41:47.305] [38908] [I] SCOPY T0 frame=4871 capture=1 bone='NPC Pelvis [Pelv]' skin='clothes' root='skeleton_female.nif' bone-origin=(0.9,-485.5,2.7) bone-row1=(0.058,0.990,0.125) witness='NPC L Toe0 [LToe]' witness-radius=23.89 subtree-nodes=219
[22:41:47.305] [38908] [I] SCOPY T1 frame=4871 bone-row1=(0.015,0.755,0.656) orientation-delta-deg=33.8 witness-moved=13.91 moved-range=[0.28,14.12] slot=10 buffer-pre=sampled pre-rel=captured probe-effective=true
[22:41:47.305] [38908] [I] SCOPY T2 frame=4871 pass-geometry='clothes' numMatrices=31 frameID=5140 buffer-submit=sampled changed-since-T1=false submit-rel=captured
[22:41:47.305] [38908] [I] SCOPY T3 frame=4871 drawn=23 buffer-after-draw=sampled changed-since-T2=true final-rel=captured node-row1=(0.015,0.755,0.656)
[22:41:47.305] [38908] [I] SCOPY T1c frame=4871 buffer=current slot=10 closest=bone-captured(2.47) next=captured-x-bind(2.47) | buffer=previous slot=10 closest=bone-captured(2.47) next=captured-x-bind(2.47)
[22:41:47.305] [38908] [I] SCOPY T3c frame=4871 buffer=current slot=10 closest=bone-captured(2.47) next=captured-x-bind(2.47) | buffer=previous slot=10 closest=bone-captured(2.47) next=captured-x-bind(2.47)
[22:41:47.518] [38908] [I] SCOPY T0 frame=4879 capture=1 bone='NPC Pelvis [Pelv]' skin='clothes' root='skeleton_female.nif' bone-origin=(0.9,-485.5,2.7) bone-row1=(0.058,0.990,0.125) witness='NPC L Toe0 [LToe]' witness-radius=23.89 subtree-nodes=219
[22:41:47.518] [38908] [I] SCOPY T1 frame=4879 bone-row1=(0.014,0.749,0.663) orientation-delta-deg=34.4 witness-moved=14.12 moved-range=[0.28,14.12] slot=10 buffer-pre=sampled pre-rel=captured probe-effective=true
[22:41:47.518] [38908] [I] SCOPY T2 frame=4879 pass-geometry='clothes' numMatrices=31 frameID=5148 buffer-submit=sampled changed-since-T1=false submit-rel=captured
[22:41:47.518] [38908] [I] SCOPY T3 frame=4879 drawn=23 buffer-after-draw=sampled changed-since-T2=true final-rel=captured node-row1=(0.014,0.749,0.663)
[22:41:47.518] [38908] [I] SCOPY T1c frame=4879 buffer=current slot=10 closest=bone-captured(2.48) next=captured-x-bind(2.48) | buffer=previous slot=10 closest=bone-captured(2.48) next=captured-x-bind(2.48)
[22:41:47.518] [38908] [I] SCOPY T3c frame=4879 buffer=current slot=10 closest=bone-captured(2.48) next=captured-x-bind(2.48) | buffer=previous slot=10 closest=bone-captured(2.48) next=captured-x-bind(2.48)
[22:41:47.739] [38908] [I] SCOPY T0 frame=4887 capture=1 bone='NPC Pelvis [Pelv]' skin='clothes' root='skeleton_female.nif' bone-origin=(0.9,-485.5,2.7) bone-row1=(0.058,0.990,0.125) witness='NPC L Toe0 [LToe]' witness-radius=23.89 subtree-nodes=219
[22:41:47.739] [38908] [I] SCOPY T1 frame=4887 bone-row1=(0.015,0.753,0.658) orientation-delta-deg=34.1 witness-moved=13.99 moved-range=[0.28,14.12] slot=10 buffer-pre=sampled pre-rel=captured probe-effective=true
[22:41:47.739] [38908] [I] SCOPY T2 frame=4887 pass-geometry='clothes' numMatrices=31 frameID=5156 buffer-submit=sampled changed-since-T1=false submit-rel=captured
[22:41:47.739] [38908] [I] SCOPY T3 frame=4887 drawn=23 buffer-after-draw=sampled changed-since-T2=true final-rel=captured node-row1=(0.015,0.753,0.658)
[22:41:47.739] [38908] [I] SCOPY T1c frame=4887 buffer=current slot=10 closest=bone-captured(2.48) next=captured-x-bind(2.48) | buffer=previous slot=10 closest=bone-captured(2.48) next=captured-x-bind(2.48)
[22:41:47.739] [38908] [I] SCOPY T3c frame=4887 buffer=current slot=10 closest=bone-captured(2.48) next=captured-x-bind(2.48) | buffer=previous slot=10 closest=bone-captured(2.48) next=captured-x-bind(2.48)
[22:41:47.960] [38908] [I] SCOPY T0 frame=4895 capture=1 bone='NPC Pelvis [Pelv]' skin='clothes' root='skeleton_female.nif' bone-origin=(0.9,-485.5,2.7) bone-row1=(0.058,0.990,0.125) witness='NPC L Toe0 [LToe]' witness-radius=23.89 subtree-nodes=219
[22:41:47.960] [38908] [I] SCOPY T1 frame=4895 bone-row1=(0.016,0.766,0.643) orientation-delta-deg=32.9 witness-moved=13.53 moved-range=[0.28,14.12] slot=10 buffer-pre=sampled pre-rel=captured probe-effective=true
[22:41:47.960] [38908] [I] SCOPY T2 frame=4895 pass-geometry='clothes' numMatrices=31 frameID=5164 buffer-submit=sampled changed-since-T1=false submit-rel=captured
[22:41:47.960] [38908] [I] SCOPY T3 frame=4895 drawn=23 buffer-after-draw=sampled changed-since-T2=true final-rel=captured node-row1=(0.016,0.766,0.643)
[22:41:47.960] [38908] [I] SCOPY T1c frame=4895 buffer=current slot=10 closest=bone-captured(2.46) next=captured-x-bind(2.46) | buffer=previous slot=10 closest=bone-captured(2.46) next=captured-x-bind(2.46)
[22:41:47.960] [38908] [I] SCOPY T3c frame=4895 buffer=current slot=10 closest=bone-captured(2.46) next=captured-x-bind(2.46) | buffer=previous slot=10 closest=bone-captured(2.46) next=captured-x-bind(2.46)
[22:41:48.179] [38908] [I] SCOPY T0 frame=4903 capture=1 bone='NPC Pelvis [Pelv]' skin='clothes' root='skeleton_female.nif' bone-origin=(0.9,-485.5,2.7) bone-row1=(0.058,0.990,0.125) witness='NPC L Toe0 [LToe]' witness-radius=23.89 subtree-nodes=219
[22:41:48.179] [38908] [I] SCOPY T1 frame=4903 bone-row1=(0.019,0.787,0.616) orientation-delta-deg=30.9 witness-moved=12.74 moved-range=[0.28,14.12] slot=10 buffer-pre=sampled pre-rel=captured probe-effective=true
[22:41:48.179] [38908] [I] SCOPY T2 frame=4903 pass-geometry='clothes' numMatrices=31 frameID=5172 buffer-submit=sampled changed-since-T1=false submit-rel=captured
[22:41:48.179] [38908] [I] SCOPY T3 frame=4903 drawn=23 buffer-after-draw=sampled changed-since-T2=true final-rel=captured node-row1=(0.019,0.787,0.616)
[22:41:48.179] [38908] [I] SCOPY T1c frame=4903 buffer=current slot=10 closest=bone-captured(2.43) next=captured-x-bind(2.43) | buffer=previous slot=10 closest=bone-captured(2.43) next=captured-x-bind(2.43)
[22:41:48.179] [38908] [I] SCOPY T3c frame=4903 buffer=current slot=10 closest=bone-captured(2.42) next=captured-x-bind(2.42) | buffer=previous slot=10 closest=bone-captured(2.43) next=captured-x-bind(2.43)
[22:41:48.398] [38908] [I] SCOPY T0 frame=4911 capture=1 bone='NPC Pelvis [Pelv]' skin='clothes' root='skeleton_female.nif' bone-origin=(0.9,-485.5,2.7) bone-row1=(0.058,0.990,0.125) witness='NPC L Toe0 [LToe]' witness-radius=23.89 subtree-nodes=219
[22:41:48.398] [38908] [I] SCOPY T1 frame=4911 bone-row1=(0.023,0.815,0.578) orientation-delta-deg=28.2 witness-moved=11.64 moved-range=[0.28,14.12] slot=10 buffer-pre=sampled pre-rel=captured probe-effective=true
[22:41:48.398] [38908] [I] SCOPY T2 frame=4911 pass-geometry='clothes' numMatrices=31 frameID=5180 buffer-submit=sampled changed-since-T1=false submit-rel=captured
[22:41:48.398] [38908] [I] SCOPY T3 frame=4911 drawn=23 buffer-after-draw=sampled changed-since-T2=true final-rel=captured node-row1=(0.023,0.815,0.578)
[22:41:48.398] [38908] [I] SCOPY T1c frame=4911 buffer=current slot=10 closest=bone-captured(2.38) next=captured-x-bind(2.38) | buffer=previous slot=10 closest=bone-captured(2.39) next=captured-x-bind(2.39)
[22:41:48.398] [38908] [I] SCOPY T3c frame=4911 buffer=current slot=10 closest=bone-captured(2.37) next=captured-x-bind(2.37) | buffer=previous slot=10 closest=bone-captured(2.38) next=captured-x-bind(2.38)
[22:41:48.610] [38908] [I] SCOPY T0 frame=4919 capture=1 bone='NPC Pelvis [Pelv]' skin='clothes' root='skeleton_female.nif' bone-origin=(0.9,-485.5,2.7) bone-row1=(0.058,0.990,0.125) witness='NPC L Toe0 [LToe]' witness-radius=23.89 subtree-nodes=219
[22:41:48.610] [38908] [I] SCOPY T1 frame=4919 bone-row1=(0.028,0.848,0.529) orientation-delta-deg=24.8 witness-moved=10.25 moved-range=[0.28,14.12] slot=10 buffer-pre=sampled pre-rel=captured probe-effective=true
[22:41:48.610] [38908] [I] SCOPY T2 frame=4919 pass-geometry='clothes' numMatrices=31 frameID=5188 buffer-submit=sampled changed-since-T1=false submit-rel=captured
[22:41:48.610] [38908] [I] SCOPY T3 frame=4919 drawn=23 buffer-after-draw=sampled changed-since-T2=true final-rel=captured node-row1=(0.028,0.848,0.529)
[22:41:48.610] [38908] [I] SCOPY T1c frame=4919 buffer=current slot=10 closest=bone-captured(2.32) next=captured-x-bind(2.32) | buffer=previous slot=10 closest=bone-captured(2.33) next=captured-x-bind(2.33)
[22:41:48.610] [38908] [I] SCOPY T3c frame=4919 buffer=current slot=10 closest=bone-captured(2.31) next=captured-x-bind(2.31) | buffer=previous slot=10 closest=bone-captured(2.32) next=captured-x-bind(2.32)
[22:41:48.827] [38908] [I] SCOPY T0 frame=4927 capture=1 bone='NPC Pelvis [Pelv]' skin='clothes' root='skeleton_female.nif' bone-origin=(0.9,-485.5,2.7) bone-row1=(0.058,0.990,0.125) witness='NPC L Toe0 [LToe]' witness-radius=23.89 subtree-nodes=219
[22:41:48.827] [38908] [I] SCOPY T1 frame=4927 bone-row1=(0.033,0.883,0.468) orientation-delta-deg=20.7 witness-moved=8.61 moved-range=[0.28,14.12] slot=10 buffer-pre=sampled pre-rel=captured probe-effective=true
[22:41:48.828] [38908] [I] SCOPY T2 frame=4927 pass-geometry='clothes' numMatrices=31 frameID=5196 buffer-submit=sampled changed-since-T1=false submit-rel=captured
[22:41:48.828] [38908] [I] SCOPY T3 frame=4927 drawn=23 buffer-after-draw=sampled changed-since-T2=true final-rel=captured node-row1=(0.033,0.883,0.468)
[22:41:48.828] [38908] [I] SCOPY T1c frame=4927 buffer=current slot=10 closest=bone-captured(2.26) next=captured-x-bind(2.26) | buffer=previous slot=10 closest=bone-captured(2.26) next=captured-x-bind(2.26)
[22:41:48.828] [38908] [I] SCOPY T3c frame=4927 buffer=current slot=10 closest=bone-captured(2.25) next=captured-x-bind(2.25) | buffer=previous slot=10 closest=bone-captured(2.26) next=captured-x-bind(2.26)
[22:41:49.049] [38908] [I] SCOPY T0 frame=4935 capture=1 bone='NPC Pelvis [Pelv]' skin='clothes' root='skeleton_female.nif' bone-origin=(0.9,-485.5,2.7) bone-row1=(0.058,0.990,0.125) witness='NPC L Toe0 [LToe]' witness-radius=23.89 subtree-nodes=219
[22:41:49.049] [38908] [I] SCOPY T1 frame=4935 bone-row1=(0.039,0.917,0.397) orientation-delta-deg=16.2 witness-moved=6.74 moved-range=[0.28,14.12] slot=10 buffer-pre=sampled pre-rel=captured probe-effective=true
[22:41:49.049] [38908] [I] SCOPY T2 frame=4935 pass-geometry='clothes' numMatrices=31 frameID=5204 buffer-submit=sampled changed-since-T1=false submit-rel=captured
[22:41:49.049] [38908] [I] SCOPY T3 frame=4935 drawn=23 buffer-after-draw=sampled changed-since-T2=true final-rel=captured node-row1=(0.039,0.917,0.397)
[22:41:49.049] [38908] [I] SCOPY T1c frame=4935 buffer=current slot=10 closest=bone-captured(2.18) next=captured-x-bind(2.18) | buffer=previous slot=10 closest=bone-captured(2.19) next=captured-x-bind(2.19)
[22:41:49.049] [38908] [I] SCOPY T3c frame=4935 buffer=current slot=10 closest=bone-captured(2.17) next=captured-x-bind(2.17) | buffer=previous slot=10 closest=bone-captured(2.18) next=captured-x-bind(2.18)
[22:41:49.262] [38908] [I] SCOPY T0 frame=4943 capture=1 bone='NPC Pelvis [Pelv]' skin='clothes' root='skeleton_female.nif' bone-origin=(0.9,-485.5,2.7) bone-row1=(0.058,0.990,0.125) witness='NPC L Toe0 [LToe]' witness-radius=23.89 subtree-nodes=219
[22:41:49.262] [38908] [I] SCOPY T1 frame=4943 bone-row1=(0.045,0.948,0.316) orientation-delta-deg=11.3 witness-moved=4.69 moved-range=[0.28,14.12] slot=10 buffer-pre=sampled pre-rel=captured probe-effective=true
[22:41:49.262] [38908] [I] SCOPY T2 frame=4943 pass-geometry='clothes' numMatrices=31 frameID=5212 buffer-submit=sampled changed-since-T1=false submit-rel=captured
[22:41:49.262] [38908] [I] SCOPY T3 frame=4943 drawn=23 buffer-after-draw=sampled changed-since-T2=true final-rel=captured node-row1=(0.045,0.948,0.316)
[22:41:49.262] [38908] [I] SCOPY T1c frame=4943 buffer=current slot=10 closest=bone-captured(2.14) next=captured-x-bind(2.14) | buffer=previous slot=10 closest=bone-captured(2.14) next=captured-x-bind(2.14)
[22:41:49.262] [38908] [I] SCOPY T3c frame=4943 buffer=current slot=10 closest=bone-captured(2.15) next=captured-x-bind(2.15) | buffer=previous slot=10 closest=bone-captured(2.14) next=captured-x-bind(2.14)
[22:41:49.478] [38908] [I] SCOPY T0 frame=4951 capture=1 bone='NPC Pelvis [Pelv]' skin='clothes' root='skeleton_female.nif' bone-origin=(0.9,-485.5,2.7) bone-row1=(0.058,0.990,0.125) witness='NPC L Toe0 [LToe]' witness-radius=23.89 subtree-nodes=219
[22:41:49.478] [38908] [I] SCOPY T1 frame=4951 bone-row1=(0.052,0.972,0.229) orientation-delta-deg=6.0 witness-moved=2.52 moved-range=[0.28,14.12] slot=10 buffer-pre=sampled pre-rel=captured probe-effective=true
[22:41:49.478] [38908] [I] SCOPY T2 frame=4951 pass-geometry='clothes' numMatrices=31 frameID=5220 buffer-submit=sampled changed-since-T1=false submit-rel=captured
[22:41:49.478] [38908] [I] SCOPY T3 frame=4951 drawn=23 buffer-after-draw=sampled changed-since-T2=true final-rel=captured node-row1=(0.052,0.972,0.229)
[22:41:49.478] [38908] [I] SCOPY T1c frame=4951 buffer=current slot=10 closest=bone-captured(2.18) next=captured-x-bind(2.18) | buffer=previous slot=10 closest=bone-captured(2.18) next=captured-x-bind(2.18)
[22:41:49.478] [38908] [I] SCOPY T3c frame=4951 buffer=current slot=10 closest=bone-captured(2.19) next=captured-x-bind(2.19) | buffer=previous slot=10 closest=bone-captured(2.18) next=captured-x-bind(2.18)
[22:41:49.691] [38908] [I] SCOPY T0 frame=4959 capture=1 bone='NPC Pelvis [Pelv]' skin='clothes' root='skeleton_female.nif' bone-origin=(0.9,-485.5,2.7) bone-row1=(0.058,0.990,0.125) witness='NPC L Toe0 [LToe]' witness-radius=23.89 subtree-nodes=219
[22:41:49.691] [38908] [I] SCOPY T1 frame=4959 bone-row1=(0.058,0.989,0.137) orientation-delta-deg=0.7 witness-moved=0.28 moved-range=[0.28,14.12] slot=10 buffer-pre=sampled pre-rel=captured probe-effective=true
[22:41:49.691] [38908] [I] SCOPY T2 frame=4959 pass-geometry='clothes' numMatrices=31 frameID=5228 buffer-submit=sampled changed-since-T1=false submit-rel=captured
[22:41:49.691] [38908] [I] SCOPY T3 frame=4959 drawn=23 buffer-after-draw=sampled changed-since-T2=true final-rel=captured node-row1=(0.058,0.989,0.137)
[22:41:49.691] [38908] [I] SCOPY T1c frame=4959 buffer=current slot=10 closest=bind(2.14) next=bind-T(2.14) | buffer=previous slot=10 closest=bind(2.15) next=bind-T(2.15)
[22:41:49.691] [38908] [I] SCOPY T3c frame=4959 buffer=current slot=10 closest=bind(2.14) next=bind-T(2.14) | buffer=previous slot=10 closest=bind(2.14) next=bind-T(2.14)
[22:41:49.911] [38908] [I] SCOPY T0 frame=4967 capture=1 bone='NPC Pelvis [Pelv]' skin='clothes' root='skeleton_female.nif' bone-origin=(0.9,-485.5,2.7) bone-row1=(0.058,0.990,0.125) witness='NPC L Toe0 [LToe]' witness-radius=23.89 subtree-nodes=219
[22:41:49.911] [38908] [I] SCOPY T1 frame=4967 bone-row1=(0.063,0.997,0.043) orientation-delta-deg=4.7 witness-moved=1.96 moved-range=[0.28,14.12] slot=10 buffer-pre=sampled pre-rel=swung probe-effective=true
[22:41:49.911] [38908] [I] SCOPY T2 frame=4967 pass-geometry='clothes' numMatrices=31 frameID=5236 buffer-submit=sampled changed-since-T1=false submit-rel=swung
[22:41:49.911] [38908] [I] SCOPY T3 frame=4967 drawn=23 buffer-after-draw=sampled changed-since-T2=true final-rel=swung node-row1=(0.063,0.997,0.043)
[22:41:49.911] [38908] [I] SCOPY T1c frame=4967 buffer=current slot=10 closest=bind(2.07) next=bind-T(2.07) | buffer=previous slot=10 closest=bind(2.08) next=bind-T(2.08)
[22:41:49.911] [38908] [I] SCOPY T3c frame=4967 buffer=current slot=10 closest=bind(2.06) next=bind-T(2.06) | buffer=previous slot=10 closest=bind(2.07) next=bind-T(2.07)
[22:41:50.099] [38908] [I] Clone draw: passes=23 rd-null=23 lights=3 | geoms=23 skinned=23 roots=2 num-mat=331 bone-count=331 bound=331
[22:41:50.099] [38908] [I] SCOPY DRAW frame=2161 passes=23 lights=true animation-driver=none physics-driver=none
[22:41:50.127] [38908] [I] SCOPY T0 frame=4975 capture=1 bone='NPC Pelvis [Pelv]' skin='clothes' root='skeleton_female.nif' bone-origin=(0.9,-485.5,2.7) bone-row1=(0.058,0.990,0.125) witness='NPC L Toe0 [LToe]' witness-radius=23.89 subtree-nodes=219
[22:41:50.127] [38908] [I] SCOPY T1 frame=4975 bone-row1=(0.068,0.997,-0.049) orientation-delta-deg=10.0 witness-moved=4.16 moved-range=[0.28,14.12] slot=10 buffer-pre=sampled pre-rel=swung probe-effective=true
[22:41:50.127] [38908] [I] SCOPY T2 frame=4975 pass-geometry='clothes' numMatrices=31 frameID=5244 buffer-submit=sampled changed-since-T1=false submit-rel=swung
[22:41:50.127] [38908] [I] SCOPY T3 frame=4975 drawn=23 buffer-after-draw=sampled changed-since-T2=true final-rel=swung node-row1=(0.068,0.997,-0.049)
[22:41:50.127] [38908] [I] SCOPY T1c frame=4975 buffer=current slot=10 closest=bind(2.06) next=bind-T(2.06) | buffer=previous slot=10 closest=bind(2.05) next=bind-T(2.05)
[22:41:50.127] [38908] [I] SCOPY T3c frame=4975 buffer=current slot=10 closest=bind(2.07) next=bind-T(2.07) | buffer=previous slot=10 closest=bind(2.06) next=bind-T(2.06)
[22:41:50.344] [38908] [I] SCOPY T0 frame=4983 capture=1 bone='NPC Pelvis [Pelv]' skin='clothes' root='skeleton_female.nif' bone-origin=(0.9,-485.5,2.7) bone-row1=(0.058,0.990,0.125) witness='NPC L Toe0 [LToe]' witness-radius=23.89 subtree-nodes=219
[22:41:50.344] [38908] [I] SCOPY T1 frame=4983 bone-row1=(0.072,0.988,-0.136) orientation-delta-deg=15.0 witness-moved=6.24 moved-range=[0.28,14.12] slot=10 buffer-pre=sampled pre-rel=swung probe-effective=true
[22:41:50.344] [38908] [I] SCOPY T2 frame=4983 pass-geometry='clothes' numMatrices=31 frameID=5252 buffer-submit=sampled changed-since-T1=false submit-rel=swung
[22:41:50.344] [38908] [I] SCOPY T3 frame=4983 drawn=23 buffer-after-draw=sampled changed-since-T2=true final-rel=swung node-row1=(0.072,0.988,-0.136)
[22:41:50.344] [38908] [I] SCOPY T1c frame=4983 buffer=current slot=10 closest=bind(2.13) next=bind-T(2.13) | buffer=previous slot=10 closest=bind(2.12) next=bind-T(2.12)
[22:41:50.344] [38908] [I] SCOPY T3c frame=4983 buffer=current slot=10 closest=bind(2.14) next=bind-T(2.14) | buffer=previous slot=10 closest=bind(2.13) next=bind-T(2.13)
[22:41:50.562] [38908] [I] SCOPY T0 frame=4991 capture=1 bone='NPC Pelvis [Pelv]' skin='clothes' root='skeleton_female.nif' bone-origin=(0.9,-485.5,2.7) bone-row1=(0.058,0.990,0.125) witness='NPC L Toe0 [LToe]' witness-radius=23.89 subtree-nodes=219
[22:41:50.562] [38908] [I] SCOPY T1 frame=4991 bone-row1=(0.075,0.974,-0.216) orientation-delta-deg=19.7 witness-moved=8.16 moved-range=[0.28,14.12] slot=10 buffer-pre=sampled pre-rel=swung probe-effective=true
[22:41:50.562] [38908] [I] SCOPY T2 frame=4991 pass-geometry='clothes' numMatrices=31 frameID=5260 buffer-submit=sampled changed-since-T1=false submit-rel=swung
[22:41:50.562] [38908] [I] SCOPY T3 frame=4991 drawn=23 buffer-after-draw=sampled changed-since-T2=true final-rel=swung node-row1=(0.075,0.974,-0.216)
[22:41:50.562] [38908] [I] SCOPY T1c frame=4991 buffer=current slot=10 closest=bind(2.19) next=bind-T(2.19) | buffer=previous slot=10 closest=bind(2.19) next=bind-T(2.19)
[22:41:50.562] [38908] [I] SCOPY T3c frame=4991 buffer=current slot=10 closest=bind(2.20) next=bind-T(2.20) | buffer=previous slot=10 closest=bind(2.19) next=bind-T(2.19)
[22:41:50.778] [38908] [I] SCOPY T0 frame=4999 capture=1 bone='NPC Pelvis [Pelv]' skin='clothes' root='skeleton_female.nif' bone-origin=(0.9,-485.5,2.7) bone-row1=(0.058,0.990,0.125) witness='NPC L Toe0 [LToe]' witness-radius=23.89 subtree-nodes=219
[22:41:50.778] [38908] [I] SCOPY T1 frame=4999 bone-row1=(0.077,0.955,-0.286) orientation-delta-deg=23.8 witness-moved=9.87 moved-range=[0.28,14.12] slot=10 buffer-pre=sampled pre-rel=swung probe-effective=true
[22:41:50.778] [38908] [I] SCOPY T2 frame=4999 pass-geometry='clothes' numMatrices=31 frameID=5268 buffer-submit=sampled changed-since-T1=false submit-rel=swung
[22:41:50.778] [38908] [I] SCOPY T3 frame=4999 drawn=23 buffer-after-draw=sampled changed-since-T2=true final-rel=swung node-row1=(0.077,0.955,-0.286)
[22:41:50.778] [38908] [I] SCOPY T1c frame=4999 buffer=current slot=10 closest=bind(2.25) next=bind-T(2.25) | buffer=previous slot=10 closest=bind(2.25) next=bind-T(2.25)
[22:41:50.778] [38908] [I] SCOPY T3c frame=4999 buffer=current slot=10 closest=bind(2.26) next=bind-T(2.26) | buffer=previous slot=10 closest=bind(2.25) next=bind-T(2.25)
[22:41:50.994] [38908] [I] SCOPY T0 frame=5007 capture=1 bone='NPC Pelvis [Pelv]' skin='clothes' root='skeleton_female.nif' bone-origin=(0.9,-485.5,2.7) bone-row1=(0.058,0.990,0.125) witness='NPC L Toe0 [LToe]' witness-radius=23.89 subtree-nodes=219
[22:41:50.994] [38908] [I] SCOPY T1 frame=5007 bone-row1=(0.079,0.935,-0.345) orientation-delta-deg=27.4 witness-moved=11.32 moved-range=[0.28,14.12] slot=10 buffer-pre=sampled pre-rel=swung probe-effective=true
[22:41:50.994] [38908] [I] SCOPY T2 frame=5007 pass-geometry='clothes' numMatrices=31 frameID=5276 buffer-submit=sampled changed-since-T1=false submit-rel=swung
[22:41:50.994] [38908] [I] SCOPY T3 frame=5007 drawn=23 buffer-after-draw=sampled changed-since-T2=true final-rel=swung node-row1=(0.079,0.935,-0.345)
[22:41:50.994] [38908] [I] SCOPY T1c frame=5007 buffer=current slot=10 closest=bone-captured-T(2.29) next=bind(2.31) | buffer=previous slot=10 closest=bone-captured-T(2.30) next=bind(2.30)
[22:41:50.994] [38908] [I] SCOPY T3c frame=5007 buffer=current slot=10 closest=bone-captured-T(2.29) next=bind(2.32) | buffer=previous slot=10 closest=bone-captured-T(2.29) next=bind(2.31)
[22:41:51.209] [38908] [I] SCOPY T0 frame=5015 capture=1 bone='NPC Pelvis [Pelv]' skin='clothes' root='skeleton_female.nif' bone-origin=(0.9,-485.5,2.7) bone-row1=(0.058,0.990,0.125) witness='NPC L Toe0 [LToe]' witness-radius=23.89 subtree-nodes=219
[22:41:51.209] [38908] [I] SCOPY T1 frame=5015 bone-row1=(0.080,0.916,-0.392) orientation-delta-deg=30.3 witness-moved=12.50 moved-range=[0.28,14.12] slot=10 buffer-pre=sampled pre-rel=swung probe-effective=true
[22:41:51.209] [38908] [I] SCOPY T2 frame=5015 pass-geometry='clothes' numMatrices=31 frameID=5284 buffer-submit=sampled changed-since-T1=false submit-rel=swung
[22:41:51.209] [38908] [I] SCOPY T3 frame=5015 drawn=23 buffer-after-draw=sampled changed-since-T2=true final-rel=swung node-row1=(0.080,0.916,-0.392)
[22:41:51.209] [38908] [I] SCOPY T1c frame=5015 buffer=current slot=10 closest=bone-captured-T(2.32) next=bind(2.36) | buffer=previous slot=10 closest=bone-captured-T(2.32) next=bind(2.35)
[22:41:51.209] [38908] [I] SCOPY T3c frame=5015 buffer=current slot=10 closest=bone-captured-T(2.33) next=bind(2.36) | buffer=previous slot=10 closest=bone-captured-T(2.32) next=bind(2.36)
[22:41:51.267] [38908] [I] SCOPY ANIM probe disabled; the copy keeps its captured pose
[22:41:52.900] [38908] [I] SCOPY PARK snapshots held alive for the process lifetime: 1
[22:41:52.900] [38908] [I] SCOPY RELEASE reason=F4 capture=1
[22:41:59.700] [38804] [I] CP-LIGHT slot 0: ledger shell dropped
[22:41:59.700] [38804] [I] CP-LIGHT slot 1: ledger shell dropped
[22:41:59.700] [38804] [I] CP-LIGHT slot 2: ledger shell dropped
[22:42:01.985] [38908] [W] Studio lights not fully served by the ledger yet
[22:42:06.647] [38908] [W] Studio lights not fully served by the ledger yet
[22:42:11.769] [38804] [W] Studio lights not fully served by the ledger yet
[22:42:17.141] [38804] [I] CP-LIGHT slot 0: fallback re-registered after 1 miss frames (shell 0x1969238e480 filed to lightQueueAdd)
[22:42:17.141] [38804] [I] CP-LIGHT slot 1: fallback re-registered after 1 miss frames (shell 0x1969238e200 filed to lightQueueAdd)
[22:42:17.141] [38804] [I] CP-LIGHT slot 2: fallback re-registered after 1 miss frames (shell 0x1969238e0c0 filed to lightQueueAdd)
[22:42:17.202] [38804] [I] CP-LIGHT slot 0: ledger shell fetched 0x1969238e480 (after 1 miss frames)
[22:42:17.202] [38804] [I] CP-LIGHT slot 1: ledger shell fetched 0x1969238e200 (after 1 miss frames)
[22:42:17.202] [38804] [I] CP-LIGHT slot 2: ledger shell fetched 0x1969238e0c0 (after 1 miss frames)
[22:42:29.830] [38908] [I] SCOPY BEGIN capture=2 actor=00000014 source=0x1983213fd00 parent=0x196f5e35ec0 nodes=1584 geoms=63 api=NiObject::Clone id=68835/70187
[22:42:29.831] [38908] [I] SCOPY CLONE-RETURN capture=2 copy=0x19a5efb9a80
[22:42:29.831] [38908] [I] SCOPY SOURCE-DIFF capture-diff root-same=true parent-same=true object-set-same=true local-drift=false world-tight=0 world-loose=0 bound-loose=0 objects=1584 skin-bones=891
[22:42:29.831] [38908] [I] SCOPY AUDIT shared-nodes=0 shared-skins=0 shared-properties=0 shared-buffers=0 shared-passes=0 external-roots=0 external-bones=0 external-transforms=0 external-pass-geometry=0 external-fade-nodes=0 invalid-arrays=0 unbound-slots=0
[22:42:29.831] [38908] [I] SCOPY CENSUS source-nodes=1584 copy-nodes=1584 source-geoms=63 copy-geoms=63 source-skins=62 copy-skins=62 source-dynamic=10 copy-dynamic=10
[22:42:29.832] [38908] [I] SCOPY FRAME skinned-bound valid=true radius=78.2 center=(1071.3,-882.7,-1399.8) graph-bound radius=128.1 scale=0.35 pruned-nodes=14
[22:42:29.832] [38908] [I] SCOPY READY capture=2 controllers-removed=11 collisions-removed=18 draw=off actor-created=false F8=draw F3=rotate F4=release
[22:42:29.832] [38908] [I] SCOPY GEOMETRY capture=2 name=' (FE2E7EFD)[1]/ (FE2E7EFC) [100%]' type='BSTriShape'
[22:42:29.832] [38908] [I] SCOPY GEOMETRY capture=2 name=' (FE2E7EFF)[1]/ (FE2E7EFE) [100%]' type='BSTriShape'
[22:42:29.832] [38908] [I] SCOPY GEOMETRY capture=2 name='ChestCollision' type='BSTriShape'
[22:42:29.832] [38908] [I] SCOPY GEOMETRY capture=2 name='Necklace' type='BSTriShape'
[22:42:29.832] [38908] [I] SCOPY GEOMETRY capture=2 name='00UBE_EyeLashesZoe' type='BSDynamicTriShape'
[22:42:29.832] [38908] [I] SCOPY GEOMETRY capture=2 name='T118' type='BSTriShape'
[22:42:29.832] [38908] [I] SCOPY GEOMETRY capture=2 name='T117' type='BSTriShape'
[22:42:29.832] [38908] [I] SCOPY GEOMETRY capture=2 name='T116' type='BSTriShape'
[22:42:29.832] [38908] [I] SCOPY GEOMETRY capture=2 name='T112' type='BSTriShape'
[22:42:29.832] [38908] [I] SCOPY GEOMETRY capture=2 name='T111' type='BSTriShape'
[22:42:29.832] [38908] [I] SCOPY GEOMETRY capture=2 name='T110' type='BSTriShape'
[22:42:29.832] [38908] [I] SCOPY GEOMETRY capture=2 name='E118' type='BSTriShape'
[22:42:29.832] [38908] [I] SCOPY GEOMETRY capture=2 name='E117' type='BSTriShape'
[22:42:29.832] [38908] [I] SCOPY GEOMETRY capture=2 name='E116' type='BSTriShape'
[22:42:29.832] [38908] [I] SCOPY GEOMETRY capture=2 name='E115' type='BSTriShape'
[22:42:29.832] [38908] [I] SCOPY GEOMETRY capture=2 name='E114' type='BSTriShape'
[22:42:29.832] [38908] [I] SCOPY GEOMETRY capture=2 name='E113' type='BSTriShape'
[22:42:29.832] [38908] [I] SCOPY GEOMETRY capture=2 name='E112' type='BSTriShape'
[22:42:29.832] [38908] [I] SCOPY GEOMETRY capture=2 name='E111' type='BSTriShape'
[22:42:29.832] [38908] [I] SCOPY GEOMETRY capture=2 name='E110' type='BSTriShape'
[22:42:29.832] [38908] [I] SCOPY GEOMETRY capture=2 name='E19' type='BSTriShape'
[22:42:29.832] [38908] [I] SCOPY GEOMETRY capture=2 name='E18' type='BSTriShape'
[22:42:29.832] [38908] [I] SCOPY GEOMETRY capture=2 name='E17' type='BSTriShape'
[22:42:29.832] [38908] [I] SCOPY GEOMETRY capture=2 name='E16' type='BSTriShape'
[22:42:29.832] [38908] [I] SCOPY GEOMETRY capture=2 name='E15' type='BSTriShape'
[22:42:29.832] [38908] [I] SCOPY GEOMETRY capture=2 name='E14' type='BSTriShape'
[22:42:29.832] [38908] [I] SCOPY GEOMETRY capture=2 name='E13' type='BSTriShape'
[22:42:29.832] [38908] [I] SCOPY GEOMETRY capture=2 name='E12' type='BSTriShape'
[22:42:29.832] [38908] [I] SCOPY GEOMETRY capture=2 name='N15' type='BSTriShape'
[22:42:29.832] [38908] [I] SCOPY GEOMETRY capture=2 name='N16' type='BSTriShape'
[22:42:29.832] [38908] [I] SCOPY GEOMETRY capture=2 name='AE11' type='BSTriShape'
[22:42:29.832] [38908] [I] SCOPY GEOMETRY capture=2 name='00UBE_LDDLevisChoice13be_Female' type='BSDynamicTriShape'
[22:42:29.832] [38908] [I] SCOPY GEOMETRY capture=2 name='00UBE_FemaleEyesHuman_outer' type='BSDynamicTriShape'
[22:42:29.832] [38908] [I] SCOPY GEOMETRY capture=2 name='00UBE_FemaleEyesHuman_shadows' type='BSDynamicTriShape'
[22:42:29.832] [38908] [I] SCOPY GEOMETRY capture=2 name='00UBE_FemaleLensLeft_Dummy' type='BSDynamicTriShape'
[22:42:29.832] [38908] [I] SCOPY GEOMETRY capture=2 name='00UBE_FemaleLensRight_Dummy' type='BSDynamicTriShape'
[22:42:29.832] [38908] [I] SCOPY GEOMETRY capture=2 name='00UBE_FemaleEyesHumanLightGrey' type='BSDynamicTriShape'
[22:42:29.832] [38908] [I] SCOPY GEOMETRY capture=2 name='00UBE_FemaleMouth' type='BSDynamicTriShape'
[22:42:29.832] [38908] [I] SCOPY GEOMETRY capture=2 name='00UBE_FemaleHead' type='BSDynamicTriShape'
[22:42:29.832] [38908] [I] SCOPY GEOMETRY capture=2 name=' (FE2E7807)[1]/ (FE2E7801) [100%]' type='BSTriShape'
[22:42:29.832] [38908] [I] SCOPY GEOMETRY capture=2 name='3BCA_Feet' type='BSTriShape'
[22:42:29.832] [38908] [I] SCOPY GEOMETRY capture=2 name='3BCA_Leg' type='BSTriShape'
[22:42:29.832] [38908] [I] SCOPY GEOMETRY capture=2 name='3BCA_Butt' type='BSTriShape'
[22:42:29.832] [38908] [I] SCOPY GEOMETRY capture=2 name='3BCA_Anus' type='BSTriShape'
[22:42:29.832] [38908] [I] SCOPY GEOMETRY capture=2 name='3BCA_Belly' type='BSTriShape'
[22:42:29.832] [38908] [I] SCOPY GEOMETRY capture=2 name='3BCA_Hand' type='BSTriShape'
[22:42:29.832] [38908] [I] SCOPY GEOMETRY capture=2 name='3BCA_Arm' type='BSTriShape'
[22:42:29.832] [38908] [I] SCOPY GEOMETRY capture=2 name='3BCA_Breast' type='BSTriShape'
[22:42:29.832] [38908] [I] SCOPY GEOMETRY capture=2 name='3BCA_Head' type='BSTriShape'
[22:42:29.832] [38908] [I] SCOPY GEOMETRY capture=2 name='VirtualGround' type='BSTriShape'
[22:42:29.832] [38908] [I] SCOPY GEOMETRY capture=2 name='Feet' type='BSTriShape'
[22:42:29.832] [38908] [I] SCOPY GEOMETRY capture=2 name='Heels' type='BSTriShape'
[22:42:29.832] [38908] [I] SCOPY GEOMETRY capture=2 name='Hands' type='BSTriShape'
[22:42:29.832] [38908] [I] SCOPY GEOMETRY capture=2 name='Bracelet' type='BSTriShape'
[22:42:29.832] [38908] [I] SCOPY GEOMETRY capture=2 name='CollisionStopper' type='BSTriShape'
[22:42:29.832] [38908] [I] SCOPY GEOMETRY capture=2 name='LowerBodyCollision' type='BSTriShape'
[22:42:29.832] [38908] [I] SCOPY GEOMETRY capture=2 name='VirtualGround' type='BSTriShape'
[22:42:29.832] [38908] [I] SCOPY GEOMETRY capture=2 name='BaseShape' type='BSTriShape'
[22:42:29.832] [38908] [I] SCOPY GEOMETRY capture=2 name='Thighstrap' type='BSTriShape'
[22:42:29.832] [38908] [I] SCOPY GEOMETRY capture=2 name='Armband' type='BSTriShape'
[22:42:29.832] [38908] [I] SCOPY GEOMETRY capture=2 name='Dress_Inner' type='BSTriShape'
[22:42:29.832] [38908] [I] SCOPY GEOMETRY capture=2 name='Dress' type='BSTriShape'
[22:42:29.832] [38908] [I] SCOPY GEOMETRY capture=2 name='Face [Ovl0]' type='BSDynamicTriShape'
[22:42:31.012] [38908] [I] SCOPY DRAW-TOGGLE enabled=true capture=2
[22:42:31.014] [38908] [I] Clone draw: passes=45 rd-null=45 lights=3 | geoms=49 skinned=49 roots=2 num-mat=908 bone-count=941 bound=908
[22:42:31.014] [38908] [I] SCOPY DRAW frame=1 passes=45 lights=true animation-driver=none physics-driver=none
[22:42:33.124] [38908] [I] Clone draw: passes=45 rd-null=45 lights=3 | geoms=49 skinned=49 roots=2 num-mat=908 bone-count=941 bound=908
[22:42:33.124] [38908] [I] SCOPY DRAW frame=121 passes=45 lights=true animation-driver=none physics-driver=none
[22:42:33.925] [38908] [I] SCOPY KEY rotate pressed (VK_F3 -> scan 61)
[22:42:33.929] [38908] [I] SCOPY ROTATE angle-deg=90
[22:42:34.368] [38908] [I] SCOPY ROTATE angle-deg=180
[22:42:34.808] [38908] [I] SCOPY ROTATE angle-deg=270
[22:42:35.242] [38908] [I] Clone draw: passes=45 rd-null=45 lights=3 | geoms=49 skinned=49 roots=2 num-mat=908 bone-count=941 bound=908
[22:42:35.242] [38908] [I] SCOPY DRAW frame=241 passes=45 lights=true animation-driver=none physics-driver=none
[22:42:35.451] [38908] [I] SCOPY ROTATE angle-deg=360
[22:42:37.347] [38908] [I] Clone draw: passes=45 rd-null=45 lights=3 | geoms=49 skinned=49 roots=2 num-mat=908 bone-count=941 bound=908
[22:42:37.347] [38908] [I] SCOPY DRAW frame=361 passes=45 lights=true animation-driver=none physics-driver=none
[22:42:39.455] [38908] [I] Clone draw: passes=45 rd-null=45 lights=3 | geoms=49 skinned=49 roots=2 num-mat=908 bone-count=941 bound=908
[22:42:39.455] [38908] [I] SCOPY DRAW frame=481 passes=45 lights=true animation-driver=none physics-driver=none
[22:42:39.473] [38908] [I] SCOPY ANIM probe enabled: node transforms only, applied after the studio's base placement and before pass preparation; the skin matrix buffer is read-only
[22:42:39.473] [38908] [I] SCOPY ANIM target bone='NPC Spine [Spn0]' parent-chain='CME UBody [UBody] < MJF CME Body [Body] < CME Body [Body] < NPC COM [COM ] < NPC Root [Root] < NPC < skeleton_female.nif' candidates=361 subtree-nodes=968 skin='Dress' bones=71 root='skeleton_female.nif' affected-geoms=42/45 witness='hdtSSEPhysics_AutoRename_Head_00000002 BDOr_H_PPW13_L1_08_00' witness-radius=21.39 swing=world-X 0.600rad period=320f controllers=none verdict=copy-is-graph-invisible skins: [Face [Ovl0]: 17/17 direct] [Dress: 71/71 direct] [Dress_Inner: 70/70 direct] [Armband: 7/7 direct]
[22:42:39.615] [38908] [I] SCOPY T0 frame=6846 capture=2 bone='NPC Spine [Spn0]' skin='Dress' root='skeleton_female.nif' bone-origin=(1.2,-487.0,3.8) bone-row1=(0.021,0.995,0.098) witness='hdtSSEPhysics_AutoRename_Head_00000002 BDOr_H_PPW13_L1_08_00' witness-radius=21.39 subtree-nodes=968
[22:42:39.615] [38908] [I] SCOPY T1 frame=6846 bone-row1=(0.016,0.891,0.453) orientation-delta-deg=21.3 witness-moved=7.90 moved-range=[7.90,7.90] slot=28 buffer-pre=sampled pre-rel=captured probe-effective=true
[22:42:39.615] [38908] [I] SCOPY T2 frame=6846 pass-geometry='Dress' numMatrices=71 frameID=7115 buffer-submit=sampled changed-since-T1=false submit-rel=captured
[22:42:39.615] [38908] [I] SCOPY T3 frame=6846 drawn=45 buffer-after-draw=sampled changed-since-T2=true final-rel=captured node-row1=(0.016,0.891,0.453)
[22:42:39.615] [38908] [I] SCOPY T1c frame=6846 buffer=current slot=28 closest=bone-captured(2.14) next=captured-x-bind(2.23) | buffer=previous slot=28 closest=bone-captured(2.15) next=captured-x-bind(2.24)
[22:42:39.615] [38908] [I] SCOPY T3c frame=6846 buffer=current slot=28 closest=bone-captured(2.13) next=captured-x-bind(2.23) | buffer=previous slot=28 closest=bone-captured(2.14) next=captured-x-bind(2.23)
[22:42:39.756] [38908] [I] SCOPY T0 frame=6854 capture=2 bone='NPC Spine [Spn0]' skin='Dress' root='skeleton_female.nif' bone-origin=(1.2,-487.0,3.8) bone-row1=(0.021,0.995,0.098) witness='hdtSSEPhysics_AutoRename_Head_00000002 BDOr_H_PPW13_L1_08_00' witness-radius=21.39 subtree-nodes=968
[22:42:39.756] [38908] [I] SCOPY T1 frame=6854 bone-row1=(0.017,0.924,0.382) orientation-delta-deg=16.8 witness-moved=6.25 moved-range=[6.25,7.90] slot=28 buffer-pre=sampled pre-rel=captured probe-effective=true
[22:42:39.756] [38908] [I] SCOPY T2 frame=6854 pass-geometry='Dress' numMatrices=71 frameID=7123 buffer-submit=sampled changed-since-T1=false submit-rel=captured
[22:42:39.756] [38908] [I] SCOPY T3 frame=6854 drawn=45 buffer-after-draw=sampled changed-since-T2=true final-rel=captured node-row1=(0.017,0.924,0.382)
[22:42:39.756] [38908] [I] SCOPY T1c frame=6854 buffer=current slot=28 closest=bone-captured(2.07) next=captured-x-bind(2.16) | buffer=previous slot=28 closest=bone-captured(2.08) next=captured-x-bind(2.17)
[22:42:39.756] [38908] [I] SCOPY T3c frame=6854 buffer=current slot=28 closest=bone-captured(2.06) next=captured-x-bind(2.15) | buffer=previous slot=28 closest=bone-captured(2.07) next=captured-x-bind(2.16)
[22:42:39.898] [38908] [I] SCOPY T0 frame=6862 capture=2 bone='NPC Spine [Spn0]' skin='Dress' root='skeleton_female.nif' bone-origin=(1.2,-487.0,3.8) bone-row1=(0.021,0.995,0.098) witness='hdtSSEPhysics_AutoRename_Head_00000002 BDOr_H_PPW13_L1_08_00' witness-radius=21.39 subtree-nodes=968
[22:42:39.898] [38908] [I] SCOPY T1 frame=6862 bone-row1=(0.019,0.953,0.302) orientation-delta-deg=11.9 witness-moved=4.44 moved-range=[4.44,7.90] slot=28 buffer-pre=sampled pre-rel=captured probe-effective=true
[22:42:39.898] [38908] [I] SCOPY T2 frame=6862 pass-geometry='Dress' numMatrices=71 frameID=7131 buffer-submit=sampled changed-since-T1=false submit-rel=captured
[22:42:39.898] [38908] [I] SCOPY T3 frame=6862 drawn=45 buffer-after-draw=sampled changed-since-T2=true final-rel=captured node-row1=(0.019,0.953,0.302)
[22:42:39.898] [38908] [I] SCOPY T1c frame=6862 buffer=current slot=28 closest=bone-captured(2.01) next=captured-x-bind(2.09) | buffer=previous slot=28 closest=bone-captured(2.00) next=captured-x-bind(2.10)
[22:42:39.898] [38908] [I] SCOPY T3c frame=6862 buffer=current slot=28 closest=bone-captured(2.02) next=captured-x-bind(2.08) | buffer=previous slot=28 closest=bone-captured(2.01) next=captured-x-bind(2.09)
[22:42:40.039] [38908] [I] SCOPY T0 frame=6870 capture=2 bone='NPC Spine [Spn0]' skin='Dress' root='skeleton_female.nif' bone-origin=(1.2,-487.0,3.8) bone-row1=(0.021,0.995,0.098) witness='hdtSSEPhysics_AutoRename_Head_00000002 BDOr_H_PPW13_L1_08_00' witness-radius=21.39 subtree-nodes=968
[22:42:40.039] [38908] [I] SCOPY T1 frame=6870 bone-row1=(0.020,0.977,0.214) orientation-delta-deg=6.7 witness-moved=2.50 moved-range=[2.50,7.90] slot=28 buffer-pre=sampled pre-rel=captured probe-effective=true
[22:42:40.039] [38908] [I] SCOPY T2 frame=6870 pass-geometry='Dress' numMatrices=71 frameID=7139 buffer-submit=sampled changed-since-T1=false submit-rel=captured
[22:42:40.039] [38908] [I] SCOPY T3 frame=6870 drawn=45 buffer-after-draw=sampled changed-since-T2=true final-rel=captured node-row1=(0.020,0.977,0.214)
[22:42:40.039] [38908] [I] SCOPY T1c frame=6870 buffer=current slot=28 closest=captured-x-bind(2.01) next=bind-T(2.02) | buffer=previous slot=28 closest=captured-x-bind(2.02) next=bind-T(2.03)
[22:42:40.039] [38908] [I] SCOPY T3c frame=6870 buffer=current slot=28 closest=captured-x-bind(2.00) next=bind-T(2.01) | buffer=previous slot=28 closest=captured-x-bind(2.01) next=bind-T(2.02)
[22:42:40.179] [38908] [I] SCOPY T0 frame=6878 capture=2 bone='NPC Spine [Spn0]' skin='Dress' root='skeleton_female.nif' bone-origin=(1.2,-487.0,3.8) bone-row1=(0.021,0.995,0.098) witness='hdtSSEPhysics_AutoRename_Head_00000002 BDOr_H_PPW13_L1_08_00' witness-radius=21.39 subtree-nodes=968
[22:42:40.179] [38908] [I] SCOPY T1 frame=6878 bone-row1=(0.021,0.992,0.122) orientation-delta-deg=1.3 witness-moved=0.50 moved-range=[0.50,7.90] slot=28 buffer-pre=sampled pre-rel=captured probe-effective=true
[22:42:40.179] [38908] [I] SCOPY T2 frame=6878 pass-geometry='Dress' numMatrices=71 frameID=7147 buffer-submit=sampled changed-since-T1=false submit-rel=captured
[22:42:40.179] [38908] [I] SCOPY T3 frame=6878 drawn=45 buffer-after-draw=sampled changed-since-T2=true final-rel=captured node-row1=(0.021,0.992,0.122)
[22:42:40.179] [38908] [I] SCOPY T1c frame=6878 buffer=current slot=28 closest=bind-T(2.00) next=captured-x-bind(2.03) | buffer=previous slot=28 closest=bind-T(1.99) next=captured-x-bind(2.03)
[22:42:40.179] [38908] [I] SCOPY T3c frame=6878 buffer=current slot=28 closest=bind-T(2.00) next=captured-x-bind(2.04) | buffer=previous slot=28 closest=bind-T(2.00) next=captured-x-bind(2.03)
[22:42:40.320] [38908] [I] SCOPY T0 frame=6886 capture=2 bone='NPC Spine [Spn0]' skin='Dress' root='skeleton_female.nif' bone-origin=(1.2,-487.0,3.8) bone-row1=(0.021,0.995,0.098) witness='hdtSSEPhysics_AutoRename_Head_00000002 BDOr_H_PPW13_L1_08_00' witness-radius=21.39 subtree-nodes=968
[22:42:40.320] [38908] [I] SCOPY T1 frame=6886 bone-row1=(0.021,0.999,0.028) orientation-delta-deg=4.0 witness-moved=1.51 moved-range=[0.50,7.90] slot=28 buffer-pre=sampled pre-rel=swung probe-effective=true
[22:42:40.320] [38908] [I] SCOPY T2 frame=6886 pass-geometry='Dress' numMatrices=71 frameID=7155 buffer-submit=sampled changed-since-T1=false submit-rel=swung
[22:42:40.320] [38908] [I] SCOPY T3 frame=6886 drawn=45 buffer-after-draw=sampled changed-since-T2=true final-rel=swung node-row1=(0.021,0.999,0.028)
[22:42:40.320] [38908] [I] SCOPY T1c frame=6886 buffer=current slot=28 closest=bind-x-world(2.01) next=world-x-bind(2.02) | buffer=previous slot=28 closest=bind-x-world(2.02) next=world-x-bind(2.02)
[22:42:40.320] [38908] [I] SCOPY T3c frame=6886 buffer=current slot=28 closest=bind-x-world(2.01) next=world-x-bind(2.01) | buffer=previous slot=28 closest=bind-x-world(2.01) next=world-x-bind(2.02)
[22:42:40.461] [38908] [I] SCOPY T0 frame=6894 capture=2 bone='NPC Spine [Spn0]' skin='Dress' root='skeleton_female.nif' bone-origin=(1.2,-487.0,3.8) bone-row1=(0.021,0.995,0.098) witness='hdtSSEPhysics_AutoRename_Head_00000002 BDOr_H_PPW13_L1_08_00' witness-radius=21.39 subtree-nodes=968
[22:42:40.461] [38908] [I] SCOPY T1 frame=6894 bone-row1=(0.022,0.998,-0.064) orientation-delta-deg=9.3 witness-moved=3.48 moved-range=[0.50,7.90] slot=28 buffer-pre=sampled pre-rel=swung probe-effective=true
[22:42:40.461] [38908] [I] SCOPY T2 frame=6894 pass-geometry='Dress' numMatrices=71 frameID=7163 buffer-submit=sampled changed-since-T1=false submit-rel=swung
[22:42:40.461] [38908] [I] SCOPY T3 frame=6894 drawn=45 buffer-after-draw=sampled changed-since-T2=true final-rel=swung node-row1=(0.022,0.998,-0.064)
[22:42:40.461] [38908] [I] SCOPY T1c frame=6894 buffer=current slot=28 closest=bind(1.99) next=bone-prev-frame(2.02) | buffer=previous slot=28 closest=bind(2.00) next=bone-prev-frame(2.03)
[22:42:40.461] [38908] [I] SCOPY T3c frame=6894 buffer=current slot=28 closest=bind(1.98) next=bone-prev-frame(2.02) | buffer=previous slot=28 closest=bind(1.99) next=bone-prev-frame(2.02)
[22:42:40.601] [38908] [I] SCOPY T0 frame=6902 capture=2 bone='NPC Spine [Spn0]' skin='Dress' root='skeleton_female.nif' bone-origin=(1.2,-487.0,3.8) bone-row1=(0.021,0.995,0.098) witness='hdtSSEPhysics_AutoRename_Head_00000002 BDOr_H_PPW13_L1_08_00' witness-radius=21.39 subtree-nodes=968
[22:42:40.601] [38908] [I] SCOPY T1 frame=6902 bone-row1=(0.022,0.988,-0.152) orientation-delta-deg=14.4 witness-moved=5.36 moved-range=[0.50,7.90] slot=28 buffer-pre=sampled pre-rel=swung probe-effective=true
[22:42:40.601] [38908] [I] SCOPY T2 frame=6902 pass-geometry='Dress' numMatrices=71 frameID=7171 buffer-submit=sampled changed-since-T1=false submit-rel=swung
[22:42:40.601] [38908] [I] SCOPY T3 frame=6902 drawn=45 buffer-after-draw=sampled changed-since-T2=true final-rel=swung node-row1=(0.022,0.988,-0.152)
[22:42:40.601] [38908] [I] SCOPY T1c frame=6902 buffer=current slot=28 closest=bind(2.02) next=bone-captured-T(2.10) | buffer=previous slot=28 closest=bind(2.01) next=bone-captured-T(2.10)
[22:42:40.601] [38908] [I] SCOPY T3c frame=6902 buffer=current slot=28 closest=bind(2.03) next=bone-captured-T(2.09) | buffer=previous slot=28 closest=bind(2.02) next=bone-captured-T(2.10)
[22:42:40.742] [38908] [I] SCOPY T0 frame=6910 capture=2 bone='NPC Spine [Spn0]' skin='Dress' root='skeleton_female.nif' bone-origin=(1.2,-487.0,3.8) bone-row1=(0.021,0.995,0.098) witness='hdtSSEPhysics_AutoRename_Head_00000002 BDOr_H_PPW13_L1_08_00' witness-radius=21.39 subtree-nodes=968
[22:42:40.742] [38908] [I] SCOPY T1 frame=6910 bone-row1=(0.023,0.972,-0.233) orientation-delta-deg=19.1 witness-moved=7.10 moved-range=[0.50,7.90] slot=28 buffer-pre=sampled pre-rel=swung probe-effective=true
[22:42:40.742] [38908] [I] SCOPY T2 frame=6910 pass-geometry='Dress' numMatrices=71 frameID=7179 buffer-submit=sampled changed-since-T1=false submit-rel=swung
[22:42:40.742] [38908] [I] SCOPY T3 frame=6910 drawn=45 buffer-after-draw=sampled changed-since-T2=true final-rel=swung node-row1=(0.023,0.972,-0.233)
[22:42:40.742] [38908] [I] SCOPY T1c frame=6910 buffer=current slot=28 closest=bone-captured-T(2.05) next=bind(2.09) | buffer=previous slot=28 closest=bone-captured-T(2.06) next=bind(2.08)
[22:42:40.742] [38908] [I] SCOPY T3c frame=6910 buffer=current slot=28 closest=bone-captured-T(2.05) next=bind(2.10) | buffer=previous slot=28 closest=bone-captured-T(2.05) next=bind(2.09)
[22:42:40.882] [38908] [I] SCOPY T0 frame=6918 capture=2 bone='NPC Spine [Spn0]' skin='Dress' root='skeleton_female.nif' bone-origin=(1.2,-487.0,3.8) bone-row1=(0.021,0.995,0.098) witness='hdtSSEPhysics_AutoRename_Head_00000002 BDOr_H_PPW13_L1_08_00' witness-radius=21.39 subtree-nodes=968
[22:42:40.882] [38908] [I] SCOPY T1 frame=6918 bone-row1=(0.023,0.952,-0.304) orientation-delta-deg=23.3 witness-moved=8.65 moved-range=[0.50,8.65] slot=28 buffer-pre=sampled pre-rel=swung probe-effective=true
[22:42:40.882] [38908] [I] SCOPY T2 frame=6918 pass-geometry='Dress' numMatrices=71 frameID=7187 buffer-submit=sampled changed-since-T1=false submit-rel=swung
[22:42:40.882] [38908] [I] SCOPY T3 frame=6918 drawn=45 buffer-after-draw=sampled changed-since-T2=true final-rel=swung node-row1=(0.023,0.952,-0.304)
[22:42:40.882] [38908] [I] SCOPY T1c frame=6918 buffer=current slot=28 closest=bone-captured-T(2.10) next=bind(2.16) | buffer=previous slot=28 closest=bone-captured-T(2.09) next=bind(2.15)
[22:42:40.882] [38908] [I] SCOPY T3c frame=6918 buffer=current slot=28 closest=bone-captured-T(2.10) next=bind(2.16) | buffer=previous slot=28 closest=bone-captured-T(2.10) next=bind(2.16)
[22:42:41.022] [38908] [I] SCOPY T0 frame=6926 capture=2 bone='NPC Spine [Spn0]' skin='Dress' root='skeleton_female.nif' bone-origin=(1.2,-487.0,3.8) bone-row1=(0.021,0.995,0.098) witness='hdtSSEPhysics_AutoRename_Head_00000002 BDOr_H_PPW13_L1_08_00' witness-radius=21.39 subtree-nodes=968
[22:42:41.022] [38908] [I] SCOPY T1 frame=6926 bone-row1=(0.023,0.931,-0.364) orientation-delta-deg=27.0 witness-moved=9.99 moved-range=[0.50,9.99] slot=28 buffer-pre=sampled pre-rel=swung probe-effective=true
[22:42:41.022] [38908] [I] SCOPY T2 frame=6926 pass-geometry='Dress' numMatrices=71 frameID=7195 buffer-submit=sampled changed-since-T1=false submit-rel=swung
[22:42:41.022] [38908] [I] SCOPY T3 frame=6926 drawn=45 buffer-after-draw=sampled changed-since-T2=true final-rel=swung node-row1=(0.023,0.931,-0.364)
[22:42:41.022] [38908] [I] SCOPY T1c frame=6926 buffer=current slot=28 closest=bone-captured-T(2.15) next=bind(2.22) | buffer=previous slot=28 closest=bone-captured-T(2.15) next=bind(2.21)
[22:42:41.022] [38908] [I] SCOPY T3c frame=6926 buffer=current slot=28 closest=bone-captured-T(2.16) next=bind(2.22) | buffer=previous slot=28 closest=bone-captured-T(2.15) next=bind(2.22)
[22:42:41.163] [38908] [I] SCOPY T0 frame=6934 capture=2 bone='NPC Spine [Spn0]' skin='Dress' root='skeleton_female.nif' bone-origin=(1.2,-487.0,3.8) bone-row1=(0.021,0.995,0.098) witness='hdtSSEPhysics_AutoRename_Head_00000002 BDOr_H_PPW13_L1_08_00' witness-radius=21.39 subtree-nodes=968
[22:42:41.163] [38908] [I] SCOPY T1 frame=6934 bone-row1=(0.022,0.911,-0.412) orientation-delta-deg=30.0 witness-moved=11.07 moved-range=[0.50,11.07] slot=28 buffer-pre=sampled pre-rel=swung probe-effective=true
[22:42:41.163] [38908] [I] SCOPY T2 frame=6934 pass-geometry='Dress' numMatrices=71 frameID=7203 buffer-submit=sampled changed-since-T1=false submit-rel=swung
[22:42:41.163] [38908] [I] SCOPY T3 frame=6934 drawn=45 buffer-after-draw=sampled changed-since-T2=true final-rel=swung node-row1=(0.022,0.911,-0.412)
[22:42:41.163] [38908] [I] SCOPY T1c frame=6934 buffer=current slot=28 closest=bone-captured-T(2.20) next=bind(2.27) | buffer=previous slot=28 closest=bone-captured-T(2.20) next=bind(2.26)
[22:42:41.163] [38908] [I] SCOPY T3c frame=6934 buffer=current slot=28 closest=bone-captured-T(2.21) next=bind(2.27) | buffer=previous slot=28 closest=bone-captured-T(2.20) next=bind(2.27)
[22:42:41.304] [38908] [I] SCOPY T0 frame=6942 capture=2 bone='NPC Spine [Spn0]' skin='Dress' root='skeleton_female.nif' bone-origin=(1.2,-487.0,3.8) bone-row1=(0.021,0.995,0.098) witness='hdtSSEPhysics_AutoRename_Head_00000002 BDOr_H_PPW13_L1_08_00' witness-radius=21.39 subtree-nodes=968
[22:42:41.304] [38908] [I] SCOPY T1 frame=6942 bone-row1=(0.022,0.894,-0.448) orientation-delta-deg=32.3 witness-moved=11.88 moved-range=[0.50,11.88] slot=28 buffer-pre=sampled pre-rel=swung probe-effective=true
[22:42:41.304] [38908] [I] SCOPY T2 frame=6942 pass-geometry='Dress' numMatrices=71 frameID=7211 buffer-submit=sampled changed-since-T1=false submit-rel=swung
[22:42:41.304] [38908] [I] SCOPY T3 frame=6942 drawn=45 buffer-after-draw=sampled changed-since-T2=true final-rel=swung node-row1=(0.022,0.894,-0.448)
[22:42:41.304] [38908] [I] SCOPY T1c frame=6942 buffer=current slot=28 closest=bone-captured-T(2.24) next=bind(2.31) | buffer=previous slot=28 closest=bone-captured-T(2.24) next=bind(2.30)
[22:42:41.304] [38908] [I] SCOPY T3c frame=6942 buffer=current slot=28 closest=bone-captured-T(2.25) next=bind(2.31) | buffer=previous slot=28 closest=bone-captured-T(2.24) next=bind(2.31)
[22:42:41.445] [38908] [I] SCOPY T0 frame=6950 capture=2 bone='NPC Spine [Spn0]' skin='Dress' root='skeleton_female.nif' bone-origin=(1.2,-487.0,3.8) bone-row1=(0.021,0.995,0.098) witness='hdtSSEPhysics_AutoRename_Head_00000002 BDOr_H_PPW13_L1_08_00' witness-radius=21.39 subtree-nodes=968
[22:42:41.445] [38908] [I] SCOPY T1 frame=6950 bone-row1=(0.022,0.882,-0.470) orientation-delta-deg=33.7 witness-moved=12.41 moved-range=[0.50,12.41] slot=28 buffer-pre=sampled pre-rel=swung probe-effective=true
[22:42:41.445] [38908] [I] SCOPY T2 frame=6950 pass-geometry='Dress' numMatrices=71 frameID=7219 buffer-submit=sampled changed-since-T1=false submit-rel=swung
[22:42:41.445] [38908] [I] SCOPY T3 frame=6950 drawn=45 buffer-after-draw=sampled changed-since-T2=true final-rel=swung node-row1=(0.022,0.882,-0.470)
[22:42:41.445] [38908] [I] SCOPY T1c frame=6950 buffer=current slot=28 closest=bone-captured-T(2.27) next=bind(2.33) | buffer=previous slot=28 closest=bone-captured-T(2.27) next=bind(2.33)
[22:42:41.445] [38908] [I] SCOPY T3c frame=6950 buffer=current slot=28 closest=bone-captured-T(2.27) next=bind(2.33) | buffer=previous slot=28 closest=bone-captured-T(2.27) next=bind(2.33)
[22:42:41.568] [38908] [I] Clone draw: passes=45 rd-null=45 lights=3 | geoms=49 skinned=49 roots=2 num-mat=908 bone-count=941 bound=908
[22:42:41.568] [38908] [I] SCOPY DRAW frame=601 passes=45 lights=true animation-driver=none physics-driver=none
[22:42:41.586] [38908] [I] SCOPY T0 frame=6958 capture=2 bone='NPC Spine [Spn0]' skin='Dress' root='skeleton_female.nif' bone-origin=(1.2,-487.0,3.8) bone-row1=(0.021,0.995,0.098) witness='hdtSSEPhysics_AutoRename_Head_00000002 BDOr_H_PPW13_L1_08_00' witness-radius=21.39 subtree-nodes=968
[22:42:41.586] [38908] [I] SCOPY T1 frame=6958 bone-row1=(0.022,0.877,-0.480) orientation-delta-deg=34.4 witness-moved=12.64 moved-range=[0.50,12.64] slot=28 buffer-pre=sampled pre-rel=swung probe-effective=true
[22:42:41.586] [38908] [I] SCOPY T2 frame=6958 pass-geometry='Dress' numMatrices=71 frameID=7227 buffer-submit=sampled changed-since-T1=false submit-rel=swung
[22:42:41.586] [38908] [I] SCOPY T3 frame=6958 drawn=45 buffer-after-draw=sampled changed-since-T2=true final-rel=swung node-row1=(0.022,0.877,-0.480)
[22:42:41.586] [38908] [I] SCOPY T1c frame=6958 buffer=current slot=28 closest=bone-captured-T(2.28) next=bind(2.34) | buffer=previous slot=28 closest=bone-captured-T(2.28) next=bind(2.34)
[22:42:41.586] [38908] [I] SCOPY T3c frame=6958 buffer=current slot=28 closest=bone-captured-T(2.28) next=bind(2.34) | buffer=previous slot=28 closest=bone-captured-T(2.28) next=bind(2.34)
[22:42:41.726] [38908] [I] SCOPY T0 frame=6966 capture=2 bone='NPC Spine [Spn0]' skin='Dress' root='skeleton_female.nif' bone-origin=(1.2,-487.0,3.8) bone-row1=(0.021,0.995,0.098) witness='hdtSSEPhysics_AutoRename_Head_00000002 BDOr_H_PPW13_L1_08_00' witness-radius=21.39 subtree-nodes=968
[22:42:41.726] [38908] [I] SCOPY T1 frame=6966 bone-row1=(0.022,0.879,-0.477) orientation-delta-deg=34.1 witness-moved=12.56 moved-range=[0.50,12.64] slot=28 buffer-pre=sampled pre-rel=swung probe-effective=true
[22:42:41.726] [38908] [I] SCOPY T2 frame=6966 pass-geometry='Dress' numMatrices=71 frameID=7235 buffer-submit=sampled changed-since-T1=false submit-rel=swung
[22:42:41.726] [38908] [I] SCOPY T3 frame=6966 drawn=45 buffer-after-draw=sampled changed-since-T2=true final-rel=swung node-row1=(0.022,0.879,-0.477)
[22:42:41.726] [38908] [I] SCOPY T1c frame=6966 buffer=current slot=28 closest=bone-captured-T(2.28) next=bind(2.34) | buffer=previous slot=28 closest=bone-captured-T(2.28) next=bind(2.34)
[22:42:41.726] [38908] [I] SCOPY T3c frame=6966 buffer=current slot=28 closest=bone-captured-T(2.28) next=bind(2.34) | buffer=previous slot=28 closest=bone-captured-T(2.28) next=bind(2.34)
[22:42:41.867] [38908] [I] SCOPY T0 frame=6974 capture=2 bone='NPC Spine [Spn0]' skin='Dress' root='skeleton_female.nif' bone-origin=(1.2,-487.0,3.8) bone-row1=(0.021,0.995,0.098) witness='hdtSSEPhysics_AutoRename_Head_00000002 BDOr_H_PPW13_L1_08_00' witness-radius=21.39 subtree-nodes=968
[22:42:41.867] [38908] [I] SCOPY T1 frame=6974 bone-row1=(0.022,0.887,-0.461) orientation-delta-deg=33.1 witness-moved=12.18 moved-range=[0.50,12.64] slot=28 buffer-pre=sampled pre-rel=swung probe-effective=true
[22:42:41.867] [38908] [I] SCOPY T2 frame=6974 pass-geometry='Dress' numMatrices=71 frameID=7243 buffer-submit=sampled changed-since-T1=false submit-rel=swung
[22:42:41.867] [38908] [I] SCOPY T3 frame=6974 drawn=45 buffer-after-draw=sampled changed-since-T2=true final-rel=swung node-row1=(0.022,0.887,-0.461)
[22:42:41.867] [38908] [I] SCOPY T1c frame=6974 buffer=current slot=28 closest=bone-captured-T(2.26) next=bind(2.33) | buffer=previous slot=28 closest=bone-captured-T(2.27) next=bind(2.33)
[22:42:41.867] [38908] [I] SCOPY T3c frame=6974 buffer=current slot=28 closest=bone-captured-T(2.26) next=bind(2.32) | buffer=previous slot=28 closest=bone-captured-T(2.26) next=bind(2.33)
[22:42:42.008] [38908] [I] SCOPY T0 frame=6982 capture=2 bone='NPC Spine [Spn0]' skin='Dress' root='skeleton_female.nif' bone-origin=(1.2,-487.0,3.8) bone-row1=(0.021,0.995,0.098) witness='hdtSSEPhysics_AutoRename_Head_00000002 BDOr_H_PPW13_L1_08_00' witness-radius=21.39 subtree-nodes=968
[22:42:42.008] [38908] [I] SCOPY T1 frame=6982 bone-row1=(0.022,0.902,-0.432) orientation-delta-deg=31.2 witness-moved=11.51 moved-range=[0.50,12.64] slot=28 buffer-pre=sampled pre-rel=swung probe-effective=true
[22:42:42.008] [38908] [I] SCOPY T2 frame=6982 pass-geometry='Dress' numMatrices=71 frameID=7251 buffer-submit=sampled changed-since-T1=false submit-rel=swung
[22:42:42.008] [38908] [I] SCOPY T3 frame=6982 drawn=45 buffer-after-draw=sampled changed-since-T2=true final-rel=swung node-row1=(0.022,0.902,-0.432)
[22:42:42.008] [38908] [I] SCOPY T1c frame=6982 buffer=current slot=28 closest=bone-captured-T(2.23) next=bind(2.30) | buffer=previous slot=28 closest=bone-captured-T(2.24) next=bind(2.30)
[22:42:42.008] [38908] [I] SCOPY T3c frame=6982 buffer=current slot=28 closest=bone-captured-T(2.23) next=bind(2.29) | buffer=previous slot=28 closest=bone-captured-T(2.23) next=bind(2.30)
[22:42:42.149] [38908] [I] SCOPY T0 frame=6990 capture=2 bone='NPC Spine [Spn0]' skin='Dress' root='skeleton_female.nif' bone-origin=(1.2,-487.0,3.8) bone-row1=(0.021,0.995,0.098) witness='hdtSSEPhysics_AutoRename_Head_00000002 BDOr_H_PPW13_L1_08_00' witness-radius=21.39 subtree-nodes=968
[22:42:42.149] [38908] [I] SCOPY T1 frame=6990 bone-row1=(0.022,0.921,-0.390) orientation-delta-deg=28.6 witness-moved=10.56 moved-range=[0.50,12.64] slot=28 buffer-pre=sampled pre-rel=swung probe-effective=true
[22:42:42.149] [38908] [I] SCOPY T2 frame=6990 pass-geometry='Dress' numMatrices=71 frameID=7259 buffer-submit=sampled changed-since-T1=false submit-rel=swung
[22:42:42.149] [38908] [I] SCOPY T3 frame=6990 drawn=45 buffer-after-draw=sampled changed-since-T2=true final-rel=swung node-row1=(0.022,0.921,-0.390)
[22:42:42.149] [38908] [I] SCOPY T1c frame=6990 buffer=current slot=28 closest=bone-captured-T(2.19) next=bind(2.25) | buffer=previous slot=28 closest=bone-captured-T(2.20) next=bind(2.26)
[22:42:42.149] [38908] [I] SCOPY T3c frame=6990 buffer=current slot=28 closest=bone-captured-T(2.19) next=bind(2.25) | buffer=previous slot=28 closest=bone-captured-T(2.19) next=bind(2.25)
[22:42:42.290] [38908] [I] SCOPY T0 frame=6998 capture=2 bone='NPC Spine [Spn0]' skin='Dress' root='skeleton_female.nif' bone-origin=(1.2,-487.0,3.8) bone-row1=(0.021,0.995,0.098) witness='hdtSSEPhysics_AutoRename_Head_00000002 BDOr_H_PPW13_L1_08_00' witness-radius=21.39 subtree-nodes=968
[22:42:42.290] [38908] [I] SCOPY T1 frame=6998 bone-row1=(0.023,0.942,-0.335) orientation-delta-deg=25.2 witness-moved=9.35 moved-range=[0.50,12.64] slot=28 buffer-pre=sampled pre-rel=swung probe-effective=true
[22:42:42.290] [38908] [I] SCOPY T2 frame=6998 pass-geometry='Dress' numMatrices=71 frameID=7267 buffer-submit=sampled changed-since-T1=false submit-rel=swung
[22:42:42.290] [38908] [I] SCOPY T3 frame=6998 drawn=45 buffer-after-draw=sampled changed-since-T2=true final-rel=swung node-row1=(0.023,0.942,-0.335)
[22:42:42.290] [38908] [I] SCOPY T1c frame=6998 buffer=current slot=28 closest=bone-captured-T(2.14) next=bind(2.20) | buffer=previous slot=28 closest=bone-captured-T(2.15) next=bind(2.21)
[22:42:42.290] [38908] [I] SCOPY T3c frame=6998 buffer=current slot=28 closest=bone-captured-T(2.13) next=bind(2.19) | buffer=previous slot=28 closest=bone-captured-T(2.14) next=bind(2.20)
[22:42:42.430] [38908] [I] SCOPY T0 frame=7006 capture=2 bone='NPC Spine [Spn0]' skin='Dress' root='skeleton_female.nif' bone-origin=(1.2,-487.0,3.8) bone-row1=(0.021,0.995,0.098) witness='hdtSSEPhysics_AutoRename_Head_00000002 BDOr_H_PPW13_L1_08_00' witness-radius=21.39 subtree-nodes=968
[22:42:42.430] [38908] [I] SCOPY T1 frame=7006 bone-row1=(0.023,0.963,-0.269) orientation-delta-deg=21.3 witness-moved=7.90 moved-range=[0.50,12.64] slot=28 buffer-pre=sampled pre-rel=swung probe-effective=true
[22:42:42.430] [38908] [I] SCOPY T2 frame=7006 pass-geometry='Dress' numMatrices=71 frameID=7275 buffer-submit=sampled changed-since-T1=false submit-rel=swung
[22:42:42.430] [38908] [I] SCOPY T3 frame=7006 drawn=45 buffer-after-draw=sampled changed-since-T2=true final-rel=swung node-row1=(0.023,0.963,-0.269)
[22:42:42.430] [38908] [I] SCOPY T1c frame=7006 buffer=current slot=28 closest=bone-captured-T(2.08) next=bind(2.14) | buffer=previous slot=28 closest=bone-captured-T(2.09) next=bind(2.15)
[22:42:42.430] [38908] [I] SCOPY T3c frame=7006 buffer=current slot=28 closest=bone-captured-T(2.07) next=bind(2.13) | buffer=previous slot=28 closest=bone-captured-T(2.08) next=bind(2.14)
[22:42:42.570] [38908] [I] SCOPY T0 frame=7014 capture=2 bone='NPC Spine [Spn0]' skin='Dress' root='skeleton_female.nif' bone-origin=(1.2,-487.0,3.8) bone-row1=(0.021,0.995,0.098) witness='hdtSSEPhysics_AutoRename_Head_00000002 BDOr_H_PPW13_L1_08_00' witness-radius=21.39 subtree-nodes=968
[22:42:42.570] [38908] [I] SCOPY T1 frame=7014 bone-row1=(0.022,0.981,-0.193) orientation-delta-deg=16.8 witness-moved=6.25 moved-range=[0.50,12.64] slot=28 buffer-pre=sampled pre-rel=swung probe-effective=true
[22:42:42.570] [38908] [I] SCOPY T2 frame=7014 pass-geometry='Dress' numMatrices=71 frameID=7283 buffer-submit=sampled changed-since-T1=false submit-rel=swung
[22:42:42.570] [38908] [I] SCOPY T3 frame=7014 drawn=45 buffer-after-draw=sampled changed-since-T2=true final-rel=swung node-row1=(0.022,0.981,-0.193)
[22:42:42.570] [38908] [I] SCOPY T1c frame=7014 buffer=current slot=28 closest=bone-captured-T(2.06) next=bind(2.07) | buffer=previous slot=28 closest=bone-captured-T(2.06) next=bind(2.08)
[22:42:42.570] [38908] [I] SCOPY T3c frame=7014 buffer=current slot=28 closest=bind(2.06) next=bone-captured-T(2.07) | buffer=previous slot=28 closest=bone-captured-T(2.06) next=bind(2.07)
[22:42:42.712] [38908] [I] SCOPY T0 frame=7022 capture=2 bone='NPC Spine [Spn0]' skin='Dress' root='skeleton_female.nif' bone-origin=(1.2,-487.0,3.8) bone-row1=(0.021,0.995,0.098) witness='hdtSSEPhysics_AutoRename_Head_00000002 BDOr_H_PPW13_L1_08_00' witness-radius=21.39 subtree-nodes=968
[22:42:42.712] [38908] [I] SCOPY T1 frame=7022 bone-row1=(0.022,0.994,-0.109) orientation-delta-deg=11.9 witness-moved=4.44 moved-range=[0.50,12.64] slot=28 buffer-pre=sampled pre-rel=swung probe-effective=true
[22:42:42.712] [38908] [I] SCOPY T2 frame=7022 pass-geometry='Dress' numMatrices=71 frameID=7291 buffer-submit=sampled changed-since-T1=false submit-rel=swung
[22:42:42.712] [38908] [I] SCOPY T3 frame=7022 drawn=45 buffer-after-draw=sampled changed-since-T2=true final-rel=swung node-row1=(0.022,0.994,-0.109)
[22:42:42.712] [38908] [I] SCOPY T1c frame=7022 buffer=current slot=28 closest=bind(2.00) next=bone-world(2.09) | buffer=previous slot=28 closest=bind(2.01) next=bone-world(2.08)
[22:42:42.712] [38908] [I] SCOPY T3c frame=7022 buffer=current slot=28 closest=bind(2.00) next=bone-world(2.09) | buffer=previous slot=28 closest=bind(2.00) next=bone-world(2.09)
[22:42:42.852] [38908] [I] SCOPY T0 frame=7030 capture=2 bone='NPC Spine [Spn0]' skin='Dress' root='skeleton_female.nif' bone-origin=(1.2,-487.0,3.8) bone-row1=(0.021,0.995,0.098) witness='hdtSSEPhysics_AutoRename_Head_00000002 BDOr_H_PPW13_L1_08_00' witness-radius=21.39 subtree-nodes=968
[22:42:42.852] [38908] [I] SCOPY T1 frame=7030 bone-row1=(0.022,1.000,-0.018) orientation-delta-deg=6.7 witness-moved=2.50 moved-range=[0.50,12.64] slot=28 buffer-pre=sampled pre-rel=swung probe-effective=true
[22:42:42.852] [38908] [I] SCOPY T2 frame=7030 pass-geometry='Dress' numMatrices=71 frameID=7299 buffer-submit=sampled changed-since-T1=false submit-rel=swung
[22:42:42.852] [38908] [I] SCOPY T3 frame=7030 drawn=45 buffer-after-draw=sampled changed-since-T2=true final-rel=swung node-row1=(0.022,1.000,-0.018)
[22:42:42.852] [38908] [I] SCOPY T1c frame=7030 buffer=current slot=28 closest=bone-prev-frame(2.00) next=bone-world(2.00) | buffer=previous slot=28 closest=bone-prev-frame(1.99) next=bind(2.00)
[22:42:42.852] [38908] [I] SCOPY T3c frame=7030 buffer=current slot=28 closest=bone-world(1.99) next=bone-prev-frame(2.00) | buffer=previous slot=28 closest=bone-prev-frame(2.00) next=bone-world(2.00)
[22:42:42.992] [38908] [I] SCOPY T0 frame=7038 capture=2 bone='NPC Spine [Spn0]' skin='Dress' root='skeleton_female.nif' bone-origin=(1.2,-487.0,3.8) bone-row1=(0.021,0.995,0.098) witness='hdtSSEPhysics_AutoRename_Head_00000002 BDOr_H_PPW13_L1_08_00' witness-radius=21.39 subtree-nodes=968
[22:42:42.992] [38908] [I] SCOPY T1 frame=7038 bone-row1=(0.021,0.997,0.075) orientation-delta-deg=1.3 witness-moved=0.50 moved-range=[0.50,12.64] slot=28 buffer-pre=sampled pre-rel=swung probe-effective=true
[22:42:42.992] [38908] [I] SCOPY T2 frame=7038 pass-geometry='Dress' numMatrices=71 frameID=7307 buffer-submit=sampled changed-since-T1=false submit-rel=swung
[22:42:42.992] [38908] [I] SCOPY T3 frame=7038 drawn=45 buffer-after-draw=sampled changed-since-T2=true final-rel=swung node-row1=(0.021,0.997,0.075)
[22:42:42.992] [38908] [I] SCOPY T1c frame=7038 buffer=current slot=28 closest=bind-x-world(2.03) next=world-x-bind(2.04) | buffer=previous slot=28 closest=bind-x-world(2.04) next=world-x-bind(2.04)
[22:42:42.992] [38908] [I] SCOPY T3c frame=7038 buffer=current slot=28 closest=bind-x-world(2.03) next=world-x-bind(2.03) | buffer=previous slot=28 closest=bind-x-world(2.03) next=world-x-bind(2.04)
[22:42:43.133] [38908] [I] SCOPY T0 frame=7046 capture=2 bone='NPC Spine [Spn0]' skin='Dress' root='skeleton_female.nif' bone-origin=(1.2,-487.0,3.8) bone-row1=(0.021,0.995,0.098) witness='hdtSSEPhysics_AutoRename_Head_00000002 BDOr_H_PPW13_L1_08_00' witness-radius=21.39 subtree-nodes=968
[22:42:43.133] [38908] [I] SCOPY T1 frame=7046 bone-row1=(0.020,0.986,0.168) orientation-delta-deg=4.0 witness-moved=1.51 moved-range=[0.50,12.64] slot=28 buffer-pre=sampled pre-rel=captured probe-effective=true
[22:42:43.133] [38908] [I] SCOPY T2 frame=7046 pass-geometry='Dress' numMatrices=71 frameID=7315 buffer-submit=sampled changed-since-T1=false submit-rel=captured
[22:42:43.133] [38908] [I] SCOPY T3 frame=7046 drawn=45 buffer-after-draw=sampled changed-since-T2=true final-rel=captured node-row1=(0.020,0.986,0.168)
[22:42:43.133] [38908] [I] SCOPY T1c frame=7046 buffer=current slot=28 closest=bind-T(1.98) next=captured-x-bind(2.02) | buffer=previous slot=28 closest=bind-T(1.99) next=captured-x-bind(2.03)
[22:42:43.133] [38908] [I] SCOPY T3c frame=7046 buffer=current slot=28 closest=bind-T(1.97) next=captured-x-bind(2.01) | buffer=previous slot=28 closest=bind-T(1.98) next=captured-x-bind(2.02)
[22:42:43.274] [38908] [I] SCOPY T0 frame=7054 capture=2 bone='NPC Spine [Spn0]' skin='Dress' root='skeleton_female.nif' bone-origin=(1.2,-487.0,3.8) bone-row1=(0.021,0.995,0.098) witness='hdtSSEPhysics_AutoRename_Head_00000002 BDOr_H_PPW13_L1_08_00' witness-radius=21.39 subtree-nodes=968
[22:42:43.274] [38908] [I] SCOPY T1 frame=7054 bone-row1=(0.019,0.966,0.259) orientation-delta-deg=9.3 witness-moved=3.48 moved-range=[0.50,12.64] slot=28 buffer-pre=sampled pre-rel=captured probe-effective=true
[22:42:43.274] [38908] [I] SCOPY T2 frame=7054 pass-geometry='Dress' numMatrices=71 frameID=7323 buffer-submit=sampled changed-since-T1=false submit-rel=captured
[22:42:43.274] [38908] [I] SCOPY T3 frame=7054 drawn=45 buffer-after-draw=sampled changed-since-T2=true final-rel=captured node-row1=(0.019,0.966,0.259)
[22:42:43.274] [38908] [I] SCOPY T1c frame=7054 buffer=current slot=28 closest=captured-x-bind(2.03) next=bind-T(2.04) | buffer=previous slot=28 closest=captured-x-bind(2.02) next=bind-T(2.03)
[22:42:43.274] [38908] [I] SCOPY T3c frame=7054 buffer=current slot=28 closest=bone-captured(2.04) next=captured-x-bind(2.04) | buffer=previous slot=28 closest=captured-x-bind(2.03) next=bind-T(2.04)
[22:42:43.417] [38908] [I] SCOPY T0 frame=7062 capture=2 bone='NPC Spine [Spn0]' skin='Dress' root='skeleton_female.nif' bone-origin=(1.2,-487.0,3.8) bone-row1=(0.021,0.995,0.098) witness='hdtSSEPhysics_AutoRename_Head_00000002 BDOr_H_PPW13_L1_08_00' witness-radius=21.39 subtree-nodes=968
[22:42:43.417] [38908] [I] SCOPY T1 frame=7062 bone-row1=(0.018,0.939,0.343) orientation-delta-deg=14.4 witness-moved=5.36 moved-range=[0.50,12.64] slot=28 buffer-pre=sampled pre-rel=captured probe-effective=true
[22:42:43.417] [38908] [I] SCOPY T2 frame=7062 pass-geometry='Dress' numMatrices=71 frameID=7331 buffer-submit=sampled changed-since-T1=false submit-rel=captured
[22:42:43.417] [38908] [I] SCOPY T3 frame=7062 drawn=45 buffer-after-draw=sampled changed-since-T2=true final-rel=captured node-row1=(0.018,0.939,0.343)
[22:42:43.417] [38908] [I] SCOPY T1c frame=7062 buffer=current slot=28 closest=bone-captured(2.01) next=captured-x-bind(2.11) | buffer=previous slot=28 closest=bone-captured(2.00) next=captured-x-bind(2.10)
[22:42:43.417] [38908] [I] SCOPY T3c frame=7062 buffer=current slot=28 closest=bone-captured(2.02) next=captured-x-bind(2.12) | buffer=previous slot=28 closest=bone-captured(2.01) next=captured-x-bind(2.11)
[22:42:43.558] [38908] [I] SCOPY T0 frame=7070 capture=2 bone='NPC Spine [Spn0]' skin='Dress' root='skeleton_female.nif' bone-origin=(1.2,-487.0,3.8) bone-row1=(0.021,0.995,0.098) witness='hdtSSEPhysics_AutoRename_Head_00000002 BDOr_H_PPW13_L1_08_00' witness-radius=21.39 subtree-nodes=968
[22:42:43.558] [38908] [I] SCOPY T1 frame=7070 bone-row1=(0.017,0.908,0.419) orientation-delta-deg=19.1 witness-moved=7.10 moved-range=[0.50,12.64] slot=28 buffer-pre=sampled pre-rel=captured probe-effective=true
[22:42:43.558] [38908] [I] SCOPY T2 frame=7070 pass-geometry='Dress' numMatrices=71 frameID=7339 buffer-submit=sampled changed-since-T1=false submit-rel=captured
[22:42:43.558] [38908] [I] SCOPY T3 frame=7070 drawn=45 buffer-after-draw=sampled changed-since-T2=true final-rel=captured node-row1=(0.017,0.908,0.419)
[22:42:43.558] [38908] [I] SCOPY T1c frame=7070 buffer=current slot=28 closest=bone-captured(2.09) next=captured-x-bind(2.18) | buffer=previous slot=28 closest=bone-captured(2.08) next=captured-x-bind(2.17)
[22:42:43.558] [38908] [I] SCOPY T3c frame=7070 buffer=current slot=28 closest=bone-captured(2.10) next=captured-x-bind(2.19) | buffer=previous slot=28 closest=bone-captured(2.09) next=captured-x-bind(2.18)
[22:42:43.681] [38908] [I] Clone draw: passes=45 rd-null=45 lights=3 | geoms=49 skinned=49 roots=2 num-mat=908 bone-count=941 bound=908
[22:42:43.681] [38908] [I] SCOPY DRAW frame=721 passes=45 lights=true animation-driver=none physics-driver=none
[22:42:43.700] [38908] [I] SCOPY T0 frame=7078 capture=2 bone='NPC Spine [Spn0]' skin='Dress' root='skeleton_female.nif' bone-origin=(1.2,-487.0,3.8) bone-row1=(0.021,0.995,0.098) witness='hdtSSEPhysics_AutoRename_Head_00000002 BDOr_H_PPW13_L1_08_00' witness-radius=21.39 subtree-nodes=968
[22:42:43.700] [38908] [I] SCOPY T1 frame=7078 bone-row1=(0.016,0.875,0.485) orientation-delta-deg=23.3 witness-moved=8.65 moved-range=[0.50,12.64] slot=28 buffer-pre=sampled pre-rel=captured probe-effective=true
[22:42:43.700] [38908] [I] SCOPY T2 frame=7078 pass-geometry='Dress' numMatrices=71 frameID=7347 buffer-submit=sampled changed-since-T1=false submit-rel=captured
[22:42:43.700] [38908] [I] SCOPY T3 frame=7078 drawn=45 buffer-after-draw=sampled changed-since-T2=true final-rel=captured node-row1=(0.016,0.875,0.485)
[22:42:43.700] [38908] [I] SCOPY T1c frame=7078 buffer=current slot=28 closest=bone-captured(2.16) next=captured-x-bind(2.25) | buffer=previous slot=28 closest=bone-captured(2.15) next=captured-x-bind(2.24)
[22:42:43.700] [38908] [I] SCOPY T3c frame=7078 buffer=current slot=28 closest=bone-captured(2.17) next=captured-x-bind(2.26) | buffer=previous slot=28 closest=bone-captured(2.16) next=captured-x-bind(2.25)
[22:42:43.841] [38908] [I] SCOPY T0 frame=7086 capture=2 bone='NPC Spine [Spn0]' skin='Dress' root='skeleton_female.nif' bone-origin=(1.2,-487.0,3.8) bone-row1=(0.021,0.995,0.098) witness='hdtSSEPhysics_AutoRename_Head_00000002 BDOr_H_PPW13_L1_08_00' witness-radius=21.39 subtree-nodes=968
[22:42:43.841] [38908] [I] SCOPY T1 frame=7086 bone-row1=(0.015,0.842,0.539) orientation-delta-deg=27.0 witness-moved=9.99 moved-range=[0.50,12.64] slot=28 buffer-pre=sampled pre-rel=captured probe-effective=true
[22:42:43.841] [38908] [I] SCOPY T2 frame=7086 pass-geometry='Dress' numMatrices=71 frameID=7355 buffer-submit=sampled changed-since-T1=false submit-rel=captured
[22:42:43.841] [38908] [I] SCOPY T3 frame=7086 drawn=45 buffer-after-draw=sampled changed-since-T2=true final-rel=captured node-row1=(0.015,0.842,0.539)
[22:42:43.841] [38908] [I] SCOPY T1c frame=7086 buffer=current slot=28 closest=bone-captured(2.22) next=captured-x-bind(2.31) | buffer=previous slot=28 closest=bone-captured(2.21) next=captured-x-bind(2.31)
[22:42:43.841] [38908] [I] SCOPY T3c frame=7086 buffer=current slot=28 closest=bone-captured(2.23) next=captured-x-bind(2.32) | buffer=previous slot=28 closest=bone-captured(2.22) next=captured-x-bind(2.31)
[22:42:43.983] [38908] [I] SCOPY T0 frame=7094 capture=2 bone='NPC Spine [Spn0]' skin='Dress' root='skeleton_female.nif' bone-origin=(1.2,-487.0,3.8) bone-row1=(0.021,0.995,0.098) witness='hdtSSEPhysics_AutoRename_Head_00000002 BDOr_H_PPW13_L1_08_00' witness-radius=21.39 subtree-nodes=968
[22:42:43.983] [38908] [I] SCOPY T1 frame=7094 bone-row1=(0.014,0.813,0.583) orientation-delta-deg=30.0 witness-moved=11.07 moved-range=[0.50,12.64] slot=28 buffer-pre=sampled pre-rel=captured probe-effective=true
[22:42:43.983] [38908] [I] SCOPY T2 frame=7094 pass-geometry='Dress' numMatrices=71 frameID=7363 buffer-submit=sampled changed-since-T1=false submit-rel=captured
[22:42:43.983] [38908] [I] SCOPY T3 frame=7094 drawn=45 buffer-after-draw=sampled changed-since-T2=true final-rel=captured node-row1=(0.014,0.813,0.583)
[22:42:43.983] [38908] [I] SCOPY T1c frame=7094 buffer=current slot=28 closest=bone-captured(2.27) next=captured-x-bind(2.36) | buffer=previous slot=28 closest=bone-captured(2.26) next=captured-x-bind(2.36)
[22:42:43.983] [38908] [I] SCOPY T3c frame=7094 buffer=current slot=28 closest=bone-captured(2.28) next=captured-x-bind(2.37) | buffer=previous slot=28 closest=bone-captured(2.27) next=captured-x-bind(2.36)
[22:42:44.126] [38908] [I] SCOPY T0 frame=7102 capture=2 bone='NPC Spine [Spn0]' skin='Dress' root='skeleton_female.nif' bone-origin=(1.2,-487.0,3.8) bone-row1=(0.021,0.995,0.098) witness='hdtSSEPhysics_AutoRename_Head_00000002 BDOr_H_PPW13_L1_08_00' witness-radius=21.39 subtree-nodes=968
[22:42:44.126] [38908] [I] SCOPY T1 frame=7102 bone-row1=(0.013,0.789,0.614) orientation-delta-deg=32.3 witness-moved=11.88 moved-range=[0.50,12.64] slot=28 buffer-pre=sampled pre-rel=captured probe-effective=true
[22:42:44.126] [38908] [I] SCOPY T2 frame=7102 pass-geometry='Dress' numMatrices=71 frameID=7371 buffer-submit=sampled changed-since-T1=false submit-rel=captured
[22:42:44.126] [38908] [I] SCOPY T3 frame=7102 drawn=45 buffer-after-draw=sampled changed-since-T2=true final-rel=captured node-row1=(0.013,0.789,0.614)
[22:42:44.126] [38908] [I] SCOPY T1c frame=7102 buffer=current slot=28 closest=bone-captured(2.31) next=captured-x-bind(2.40) | buffer=previous slot=28 closest=bone-captured(2.31) next=captured-x-bind(2.40)
[22:42:44.126] [38908] [I] SCOPY T3c frame=7102 buffer=current slot=28 closest=bone-captured(2.31) next=captured-x-bind(2.41) | buffer=previous slot=28 closest=bone-captured(2.31) next=captured-x-bind(2.40)
[22:42:44.267] [38908] [I] SCOPY T0 frame=7110 capture=2 bone='NPC Spine [Spn0]' skin='Dress' root='skeleton_female.nif' bone-origin=(1.2,-487.0,3.8) bone-row1=(0.021,0.995,0.098) witness='hdtSSEPhysics_AutoRename_Head_00000002 BDOr_H_PPW13_L1_08_00' witness-radius=21.39 subtree-nodes=968
[22:42:44.267] [38908] [I] SCOPY T1 frame=7110 bone-row1=(0.013,0.773,0.634) orientation-delta-deg=33.7 witness-moved=12.41 moved-range=[0.50,12.64] slot=28 buffer-pre=sampled pre-rel=captured probe-effective=true
[22:42:44.267] [38908] [I] SCOPY T2 frame=7110 pass-geometry='Dress' numMatrices=71 frameID=7379 buffer-submit=sampled changed-since-T1=false submit-rel=captured
[22:42:44.267] [38908] [I] SCOPY T3 frame=7110 drawn=45 buffer-after-draw=sampled changed-since-T2=true final-rel=captured node-row1=(0.013,0.773,0.634)
[22:42:44.267] [38908] [I] SCOPY T1c frame=7110 buffer=current slot=28 closest=bone-captured(2.34) next=captured-x-bind(2.43) | buffer=previous slot=28 closest=bone-captured(2.33) next=captured-x-bind(2.43)
[22:42:44.267] [38908] [I] SCOPY T3c frame=7110 buffer=current slot=28 closest=bone-captured(2.34) next=captured-x-bind(2.43) | buffer=previous slot=28 closest=bone-captured(2.34) next=captured-x-bind(2.43)
[22:42:44.409] [38908] [I] SCOPY T0 frame=7118 capture=2 bone='NPC Spine [Spn0]' skin='Dress' root='skeleton_female.nif' bone-origin=(1.2,-487.0,3.8) bone-row1=(0.021,0.995,0.098) witness='hdtSSEPhysics_AutoRename_Head_00000002 BDOr_H_PPW13_L1_08_00' witness-radius=21.39 subtree-nodes=968
[22:42:44.409] [38908] [I] SCOPY T1 frame=7118 bone-row1=(0.012,0.766,0.643) orientation-delta-deg=34.4 witness-moved=12.64 moved-range=[0.50,12.64] slot=28 buffer-pre=sampled pre-rel=captured probe-effective=true
[22:42:44.409] [38908] [I] SCOPY T2 frame=7118 pass-geometry='Dress' numMatrices=71 frameID=7387 buffer-submit=sampled changed-since-T1=false submit-rel=captured
[22:42:44.409] [38908] [I] SCOPY T3 frame=7118 drawn=45 buffer-after-draw=sampled changed-since-T2=true final-rel=captured node-row1=(0.012,0.766,0.643)
[22:42:44.409] [38908] [I] SCOPY T1c frame=7118 buffer=current slot=28 closest=bone-captured(2.35) next=captured-x-bind(2.44) | buffer=previous slot=28 closest=bone-captured(2.35) next=captured-x-bind(2.44)
[22:42:44.409] [38908] [I] SCOPY T3c frame=7118 buffer=current slot=28 closest=bone-captured(2.35) next=captured-x-bind(2.44) | buffer=previous slot=28 closest=bone-captured(2.35) next=captured-x-bind(2.44)
[22:42:44.550] [38908] [I] SCOPY T0 frame=7126 capture=2 bone='NPC Spine [Spn0]' skin='Dress' root='skeleton_female.nif' bone-origin=(1.2,-487.0,3.8) bone-row1=(0.021,0.995,0.098) witness='hdtSSEPhysics_AutoRename_Head_00000002 BDOr_H_PPW13_L1_08_00' witness-radius=21.39 subtree-nodes=968
[22:42:44.550] [38908] [I] SCOPY T1 frame=7126 bone-row1=(0.012,0.768,0.640) orientation-delta-deg=34.1 witness-moved=12.56 moved-range=[0.50,12.64] slot=28 buffer-pre=sampled pre-rel=captured probe-effective=true
[22:42:44.550] [38908] [I] SCOPY T2 frame=7126 pass-geometry='Dress' numMatrices=71 frameID=7395 buffer-submit=sampled changed-since-T1=false submit-rel=captured
[22:42:44.550] [38908] [I] SCOPY T3 frame=7126 drawn=45 buffer-after-draw=sampled changed-since-T2=true final-rel=captured node-row1=(0.012,0.768,0.640)
[22:42:44.550] [38908] [I] SCOPY T1c frame=7126 buffer=current slot=28 closest=bone-captured(2.35) next=captured-x-bind(2.44) | buffer=previous slot=28 closest=bone-captured(2.35) next=captured-x-bind(2.44)
[22:42:44.550] [38908] [I] SCOPY T3c frame=7126 buffer=current slot=28 closest=bone-captured(2.35) next=captured-x-bind(2.44) | buffer=previous slot=28 closest=bone-captured(2.35) next=captured-x-bind(2.44)
[22:42:44.692] [38908] [I] SCOPY T0 frame=7134 capture=2 bone='NPC Spine [Spn0]' skin='Dress' root='skeleton_female.nif' bone-origin=(1.2,-487.0,3.8) bone-row1=(0.021,0.995,0.098) witness='hdtSSEPhysics_AutoRename_Head_00000002 BDOr_H_PPW13_L1_08_00' witness-radius=21.39 subtree-nodes=968
[22:42:44.692] [38908] [I] SCOPY T1 frame=7134 bone-row1=(0.013,0.780,0.626) orientation-delta-deg=33.1 witness-moved=12.18 moved-range=[0.50,12.64] slot=28 buffer-pre=sampled pre-rel=captured probe-effective=true
[22:42:44.692] [38908] [I] SCOPY T2 frame=7134 pass-geometry='Dress' numMatrices=71 frameID=7403 buffer-submit=sampled changed-since-T1=false submit-rel=captured
[22:42:44.692] [38908] [I] SCOPY T3 frame=7134 drawn=45 buffer-after-draw=sampled changed-since-T2=true final-rel=captured node-row1=(0.013,0.780,0.626)
[22:42:44.692] [38908] [I] SCOPY T1c frame=7134 buffer=current slot=28 closest=bone-captured(2.33) next=captured-x-bind(2.43) | buffer=previous slot=28 closest=bone-captured(2.33) next=captured-x-bind(2.43)
[22:42:44.692] [38908] [I] SCOPY T3c frame=7134 buffer=current slot=28 closest=bone-captured(2.33) next=captured-x-bind(2.42) | buffer=previous slot=28 closest=bone-captured(2.33) next=captured-x-bind(2.43)
[22:42:44.833] [38908] [I] SCOPY T0 frame=7142 capture=2 bone='NPC Spine [Spn0]' skin='Dress' root='skeleton_female.nif' bone-origin=(1.2,-487.0,3.8) bone-row1=(0.021,0.995,0.098) witness='hdtSSEPhysics_AutoRename_Head_00000002 BDOr_H_PPW13_L1_08_00' witness-radius=21.39 subtree-nodes=968
[22:42:44.833] [38908] [I] SCOPY T1 frame=7142 bone-row1=(0.013,0.800,0.600) orientation-delta-deg=31.2 witness-moved=11.51 moved-range=[0.50,12.64] slot=28 buffer-pre=sampled pre-rel=captured probe-effective=true
[22:42:44.833] [38908] [I] SCOPY T2 frame=7142 pass-geometry='Dress' numMatrices=71 frameID=7411 buffer-submit=sampled changed-since-T1=false submit-rel=captured
[22:42:44.833] [38908] [I] SCOPY T3 frame=7142 drawn=45 buffer-after-draw=sampled changed-since-T2=true final-rel=captured node-row1=(0.013,0.800,0.600)
[22:42:44.833] [38908] [I] SCOPY T1c frame=7142 buffer=current slot=28 closest=bone-captured(2.30) next=captured-x-bind(2.40) | buffer=previous slot=28 closest=bone-captured(2.31) next=captured-x-bind(2.40)
[22:42:44.833] [38908] [I] SCOPY T3c frame=7142 buffer=current slot=28 closest=bone-captured(2.30) next=captured-x-bind(2.39) | buffer=previous slot=28 closest=bone-captured(2.30) next=captured-x-bind(2.40)
[22:42:44.974] [38908] [I] SCOPY T0 frame=7150 capture=2 bone='NPC Spine [Spn0]' skin='Dress' root='skeleton_female.nif' bone-origin=(1.2,-487.0,3.8) bone-row1=(0.021,0.995,0.098) witness='hdtSSEPhysics_AutoRename_Head_00000002 BDOr_H_PPW13_L1_08_00' witness-radius=21.39 subtree-nodes=968
[22:42:44.974] [38908] [I] SCOPY T1 frame=7150 bone-row1=(0.014,0.827,0.563) orientation-delta-deg=28.6 witness-moved=10.56 moved-range=[0.50,12.64] slot=28 buffer-pre=sampled pre-rel=captured probe-effective=true
[22:42:44.974] [38908] [I] SCOPY T2 frame=7150 pass-geometry='Dress' numMatrices=71 frameID=7419 buffer-submit=sampled changed-since-T1=false submit-rel=captured
[22:42:44.974] [38908] [I] SCOPY T3 frame=7150 drawn=45 buffer-after-draw=sampled changed-since-T2=true final-rel=captured node-row1=(0.014,0.827,0.563)
[22:42:44.974] [38908] [I] SCOPY T1c frame=7150 buffer=current slot=28 closest=bone-captured(2.26) next=captured-x-bind(2.35) | buffer=previous slot=28 closest=bone-captured(2.26) next=captured-x-bind(2.36)
[22:42:44.974] [38908] [I] SCOPY T3c frame=7150 buffer=current slot=28 closest=bone-captured(2.25) next=captured-x-bind(2.35) | buffer=previous slot=28 closest=bone-captured(2.26) next=captured-x-bind(2.35)
[22:42:45.117] [38908] [I] SCOPY T0 frame=7158 capture=2 bone='NPC Spine [Spn0]' skin='Dress' root='skeleton_female.nif' bone-origin=(1.2,-487.0,3.8) bone-row1=(0.021,0.995,0.098) witness='hdtSSEPhysics_AutoRename_Head_00000002 BDOr_H_PPW13_L1_08_00' witness-radius=21.39 subtree-nodes=968
[22:42:45.117] [38908] [I] SCOPY T1 frame=7158 bone-row1=(0.015,0.858,0.513) orientation-delta-deg=25.2 witness-moved=9.35 moved-range=[0.50,12.64] slot=28 buffer-pre=sampled pre-rel=captured probe-effective=true
[22:42:45.117] [38908] [I] SCOPY T2 frame=7158 pass-geometry='Dress' numMatrices=71 frameID=7427 buffer-submit=sampled changed-since-T1=false submit-rel=captured
[22:42:45.117] [38908] [I] SCOPY T3 frame=7158 drawn=45 buffer-after-draw=sampled changed-since-T2=true final-rel=captured node-row1=(0.015,0.858,0.513)
[22:42:45.117] [38908] [I] SCOPY T1c frame=7158 buffer=current slot=28 closest=bone-captured(2.20) next=captured-x-bind(2.30) | buffer=previous slot=28 closest=bone-captured(2.21) next=captured-x-bind(2.31)
[22:42:45.117] [38908] [I] SCOPY T3c frame=7158 buffer=current slot=28 closest=bone-captured(2.20) next=captured-x-bind(2.29) | buffer=previous slot=28 closest=bone-captured(2.20) next=captured-x-bind(2.30)
[22:42:45.268] [38908] [I] SCOPY T0 frame=7166 capture=2 bone='NPC Spine [Spn0]' skin='Dress' root='skeleton_female.nif' bone-origin=(1.2,-487.0,3.8) bone-row1=(0.021,0.995,0.098) witness='hdtSSEPhysics_AutoRename_Head_00000002 BDOr_H_PPW13_L1_08_00' witness-radius=21.39 subtree-nodes=968
[22:42:45.268] [38908] [I] SCOPY T1 frame=7166 bone-row1=(0.016,0.891,0.453) orientation-delta-deg=21.3 witness-moved=7.90 moved-range=[0.50,12.64] slot=28 buffer-pre=sampled pre-rel=captured probe-effective=true
[22:42:45.268] [38908] [I] SCOPY T2 frame=7166 pass-geometry='Dress' numMatrices=71 frameID=7435 buffer-submit=sampled changed-since-T1=false submit-rel=captured
[22:42:45.268] [38908] [I] SCOPY T3 frame=7166 drawn=45 buffer-after-draw=sampled changed-since-T2=true final-rel=captured node-row1=(0.016,0.891,0.453)
[22:42:45.268] [38908] [I] SCOPY T1c frame=7166 buffer=current slot=28 closest=bone-captured(2.14) next=captured-x-bind(2.23) | buffer=previous slot=28 closest=bone-captured(2.15) next=captured-x-bind(2.24)
[22:42:45.268] [38908] [I] SCOPY T3c frame=7166 buffer=current slot=28 closest=bone-captured(2.13) next=captured-x-bind(2.23) | buffer=previous slot=28 closest=bone-captured(2.14) next=captured-x-bind(2.23)
[22:42:45.410] [38908] [I] SCOPY T0 frame=7174 capture=2 bone='NPC Spine [Spn0]' skin='Dress' root='skeleton_female.nif' bone-origin=(1.2,-487.0,3.8) bone-row1=(0.021,0.995,0.098) witness='hdtSSEPhysics_AutoRename_Head_00000002 BDOr_H_PPW13_L1_08_00' witness-radius=21.39 subtree-nodes=968
[22:42:45.410] [38908] [I] SCOPY T1 frame=7174 bone-row1=(0.017,0.924,0.382) orientation-delta-deg=16.8 witness-moved=6.25 moved-range=[0.50,12.64] slot=28 buffer-pre=sampled pre-rel=captured probe-effective=true
[22:42:45.410] [38908] [I] SCOPY T2 frame=7174 pass-geometry='Dress' numMatrices=71 frameID=7443 buffer-submit=sampled changed-since-T1=false submit-rel=captured
[22:42:45.410] [38908] [I] SCOPY T3 frame=7174 drawn=45 buffer-after-draw=sampled changed-since-T2=true final-rel=captured node-row1=(0.017,0.924,0.382)
[22:42:45.410] [38908] [I] SCOPY T1c frame=7174 buffer=current slot=28 closest=bone-captured(2.07) next=captured-x-bind(2.16) | buffer=previous slot=28 closest=bone-captured(2.08) next=captured-x-bind(2.17)
[22:42:45.410] [38908] [I] SCOPY T3c frame=7174 buffer=current slot=28 closest=bone-captured(2.06) next=captured-x-bind(2.15) | buffer=previous slot=28 closest=bone-captured(2.07) next=captured-x-bind(2.16)
[22:42:45.549] [38908] [I] SCOPY T0 frame=7182 capture=2 bone='NPC Spine [Spn0]' skin='Dress' root='skeleton_female.nif' bone-origin=(1.2,-487.0,3.8) bone-row1=(0.021,0.995,0.098) witness='hdtSSEPhysics_AutoRename_Head_00000002 BDOr_H_PPW13_L1_08_00' witness-radius=21.39 subtree-nodes=968
[22:42:45.549] [38908] [I] SCOPY T1 frame=7182 bone-row1=(0.019,0.953,0.302) orientation-delta-deg=11.9 witness-moved=4.44 moved-range=[0.50,12.64] slot=28 buffer-pre=sampled pre-rel=captured probe-effective=true
[22:42:45.549] [38908] [I] SCOPY T2 frame=7182 pass-geometry='Dress' numMatrices=71 frameID=7451 buffer-submit=sampled changed-since-T1=false submit-rel=captured
[22:42:45.549] [38908] [I] SCOPY T3 frame=7182 drawn=45 buffer-after-draw=sampled changed-since-T2=true final-rel=captured node-row1=(0.019,0.953,0.302)
[22:42:45.549] [38908] [I] SCOPY T1c frame=7182 buffer=current slot=28 closest=bone-captured(2.01) next=captured-x-bind(2.09) | buffer=previous slot=28 closest=bone-captured(2.00) next=captured-x-bind(2.10)
[22:42:45.549] [38908] [I] SCOPY T3c frame=7182 buffer=current slot=28 closest=bone-captured(2.02) next=captured-x-bind(2.08) | buffer=previous slot=28 closest=bone-captured(2.01) next=captured-x-bind(2.09)
[22:42:45.687] [38908] [I] SCOPY T0 frame=7190 capture=2 bone='NPC Spine [Spn0]' skin='Dress' root='skeleton_female.nif' bone-origin=(1.2,-487.0,3.8) bone-row1=(0.021,0.995,0.098) witness='hdtSSEPhysics_AutoRename_Head_00000002 BDOr_H_PPW13_L1_08_00' witness-radius=21.39 subtree-nodes=968
[22:42:45.687] [38908] [I] SCOPY T1 frame=7190 bone-row1=(0.020,0.977,0.214) orientation-delta-deg=6.7 witness-moved=2.50 moved-range=[0.50,12.64] slot=28 buffer-pre=sampled pre-rel=captured probe-effective=true
[22:42:45.687] [38908] [I] SCOPY T2 frame=7190 pass-geometry='Dress' numMatrices=71 frameID=7459 buffer-submit=sampled changed-since-T1=false submit-rel=captured
[22:42:45.687] [38908] [I] SCOPY T3 frame=7190 drawn=45 buffer-after-draw=sampled changed-since-T2=true final-rel=captured node-row1=(0.020,0.977,0.214)
[22:42:45.687] [38908] [I] SCOPY T1c frame=7190 buffer=current slot=28 closest=captured-x-bind(2.01) next=bind-T(2.02) | buffer=previous slot=28 closest=captured-x-bind(2.02) next=bind-T(2.03)
[22:42:45.687] [38908] [I] SCOPY T3c frame=7190 buffer=current slot=28 closest=captured-x-bind(2.00) next=bind-T(2.01) | buffer=previous slot=28 closest=captured-x-bind(2.01) next=bind-T(2.02)
[22:42:45.810] [38908] [I] Clone draw: passes=45 rd-null=45 lights=3 | geoms=49 skinned=49 roots=2 num-mat=908 bone-count=941 bound=908
[22:42:45.810] [38908] [I] SCOPY DRAW frame=841 passes=45 lights=true animation-driver=none physics-driver=none
[22:42:45.828] [38908] [I] SCOPY T0 frame=7198 capture=2 bone='NPC Spine [Spn0]' skin='Dress' root='skeleton_female.nif' bone-origin=(1.2,-487.0,3.8) bone-row1=(0.021,0.995,0.098) witness='hdtSSEPhysics_AutoRename_Head_00000002 BDOr_H_PPW13_L1_08_00' witness-radius=21.39 subtree-nodes=968
[22:42:45.828] [38908] [I] SCOPY T1 frame=7198 bone-row1=(0.021,0.992,0.122) orientation-delta-deg=1.3 witness-moved=0.50 moved-range=[0.50,12.64] slot=28 buffer-pre=sampled pre-rel=captured probe-effective=true
[22:42:45.828] [38908] [I] SCOPY T2 frame=7198 pass-geometry='Dress' numMatrices=71 frameID=7467 buffer-submit=sampled changed-since-T1=false submit-rel=captured
[22:42:45.828] [38908] [I] SCOPY T3 frame=7198 drawn=45 buffer-after-draw=sampled changed-since-T2=true final-rel=captured node-row1=(0.021,0.992,0.122)
[22:42:45.828] [38908] [I] SCOPY T1c frame=7198 buffer=current slot=28 closest=bind-T(2.00) next=captured-x-bind(2.03) | buffer=previous slot=28 closest=bind-T(1.99) next=captured-x-bind(2.03)
[22:42:45.828] [38908] [I] SCOPY T3c frame=7198 buffer=current slot=28 closest=bind-T(2.00) next=captured-x-bind(2.04) | buffer=previous slot=28 closest=bind-T(2.00) next=captured-x-bind(2.03)
[22:42:45.969] [38908] [I] SCOPY T0 frame=7206 capture=2 bone='NPC Spine [Spn0]' skin='Dress' root='skeleton_female.nif' bone-origin=(1.2,-487.0,3.8) bone-row1=(0.021,0.995,0.098) witness='hdtSSEPhysics_AutoRename_Head_00000002 BDOr_H_PPW13_L1_08_00' witness-radius=21.39 subtree-nodes=968
[22:42:45.969] [38908] [I] SCOPY T1 frame=7206 bone-row1=(0.021,0.999,0.028) orientation-delta-deg=4.0 witness-moved=1.51 moved-range=[0.50,12.64] slot=28 buffer-pre=sampled pre-rel=swung probe-effective=true
[22:42:45.969] [38908] [I] SCOPY T2 frame=7206 pass-geometry='Dress' numMatrices=71 frameID=7475 buffer-submit=sampled changed-since-T1=false submit-rel=swung
[22:42:45.969] [38908] [I] SCOPY T3 frame=7206 drawn=45 buffer-after-draw=sampled changed-since-T2=true final-rel=swung node-row1=(0.021,0.999,0.028)
[22:42:45.969] [38908] [I] SCOPY T1c frame=7206 buffer=current slot=28 closest=bind-x-world(2.01) next=world-x-bind(2.02) | buffer=previous slot=28 closest=bind-x-world(2.02) next=world-x-bind(2.02)
[22:42:45.969] [38908] [I] SCOPY T3c frame=7206 buffer=current slot=28 closest=bind-x-world(2.01) next=world-x-bind(2.01) | buffer=previous slot=28 closest=bind-x-world(2.01) next=world-x-bind(2.02)
[22:42:46.110] [38908] [I] SCOPY T0 frame=7214 capture=2 bone='NPC Spine [Spn0]' skin='Dress' root='skeleton_female.nif' bone-origin=(1.2,-487.0,3.8) bone-row1=(0.021,0.995,0.098) witness='hdtSSEPhysics_AutoRename_Head_00000002 BDOr_H_PPW13_L1_08_00' witness-radius=21.39 subtree-nodes=968
[22:42:46.110] [38908] [I] SCOPY T1 frame=7214 bone-row1=(0.022,0.998,-0.064) orientation-delta-deg=9.3 witness-moved=3.48 moved-range=[0.50,12.64] slot=28 buffer-pre=sampled pre-rel=swung probe-effective=true
[22:42:46.110] [38908] [I] SCOPY T2 frame=7214 pass-geometry='Dress' numMatrices=71 frameID=7483 buffer-submit=sampled changed-since-T1=false submit-rel=swung
[22:42:46.110] [38908] [I] SCOPY T3 frame=7214 drawn=45 buffer-after-draw=sampled changed-since-T2=true final-rel=swung node-row1=(0.022,0.998,-0.064)
[22:42:46.110] [38908] [I] SCOPY T1c frame=7214 buffer=current slot=28 closest=bind(1.99) next=bone-prev-frame(2.02) | buffer=previous slot=28 closest=bind(2.00) next=bone-prev-frame(2.03)
[22:42:46.110] [38908] [I] SCOPY T3c frame=7214 buffer=current slot=28 closest=bind(1.98) next=bone-prev-frame(2.02) | buffer=previous slot=28 closest=bind(1.99) next=bone-prev-frame(2.02)
[22:42:46.250] [38908] [I] SCOPY T0 frame=7222 capture=2 bone='NPC Spine [Spn0]' skin='Dress' root='skeleton_female.nif' bone-origin=(1.2,-487.0,3.8) bone-row1=(0.021,0.995,0.098) witness='hdtSSEPhysics_AutoRename_Head_00000002 BDOr_H_PPW13_L1_08_00' witness-radius=21.39 subtree-nodes=968
[22:42:46.251] [38908] [I] SCOPY T1 frame=7222 bone-row1=(0.022,0.988,-0.152) orientation-delta-deg=14.4 witness-moved=5.36 moved-range=[0.50,12.64] slot=28 buffer-pre=sampled pre-rel=swung probe-effective=true
[22:42:46.251] [38908] [I] SCOPY T2 frame=7222 pass-geometry='Dress' numMatrices=71 frameID=7491 buffer-submit=sampled changed-since-T1=false submit-rel=swung
[22:42:46.251] [38908] [I] SCOPY T3 frame=7222 drawn=45 buffer-after-draw=sampled changed-since-T2=true final-rel=swung node-row1=(0.022,0.988,-0.152)
[22:42:46.251] [38908] [I] SCOPY T1c frame=7222 buffer=current slot=28 closest=bind(2.02) next=bone-captured-T(2.10) | buffer=previous slot=28 closest=bind(2.01) next=bone-captured-T(2.10)
[22:42:46.251] [38908] [I] SCOPY T3c frame=7222 buffer=current slot=28 closest=bind(2.03) next=bone-captured-T(2.09) | buffer=previous slot=28 closest=bind(2.02) next=bone-captured-T(2.10)
[22:42:46.401] [38908] [I] SCOPY T0 frame=7230 capture=2 bone='NPC Spine [Spn0]' skin='Dress' root='skeleton_female.nif' bone-origin=(1.2,-487.0,3.8) bone-row1=(0.021,0.995,0.098) witness='hdtSSEPhysics_AutoRename_Head_00000002 BDOr_H_PPW13_L1_08_00' witness-radius=21.39 subtree-nodes=968
[22:42:46.401] [38908] [I] SCOPY T1 frame=7230 bone-row1=(0.023,0.972,-0.233) orientation-delta-deg=19.1 witness-moved=7.10 moved-range=[0.50,12.64] slot=28 buffer-pre=sampled pre-rel=swung probe-effective=true
[22:42:46.401] [38908] [I] SCOPY T2 frame=7230 pass-geometry='Dress' numMatrices=71 frameID=7499 buffer-submit=sampled changed-since-T1=false submit-rel=swung
[22:42:46.401] [38908] [I] SCOPY T3 frame=7230 drawn=45 buffer-after-draw=sampled changed-since-T2=true final-rel=swung node-row1=(0.023,0.972,-0.233)
[22:42:46.401] [38908] [I] SCOPY T1c frame=7230 buffer=current slot=28 closest=bone-captured-T(2.05) next=bind(2.09) | buffer=previous slot=28 closest=bone-captured-T(2.06) next=bind(2.08)
[22:42:46.401] [38908] [I] SCOPY T3c frame=7230 buffer=current slot=28 closest=bone-captured-T(2.05) next=bind(2.10) | buffer=previous slot=28 closest=bone-captured-T(2.05) next=bind(2.09)
[22:42:46.542] [38908] [I] SCOPY T0 frame=7238 capture=2 bone='NPC Spine [Spn0]' skin='Dress' root='skeleton_female.nif' bone-origin=(1.2,-487.0,3.8) bone-row1=(0.021,0.995,0.098) witness='hdtSSEPhysics_AutoRename_Head_00000002 BDOr_H_PPW13_L1_08_00' witness-radius=21.39 subtree-nodes=968
[22:42:46.542] [38908] [I] SCOPY T1 frame=7238 bone-row1=(0.023,0.952,-0.304) orientation-delta-deg=23.3 witness-moved=8.65 moved-range=[0.50,12.64] slot=28 buffer-pre=sampled pre-rel=swung probe-effective=true
[22:42:46.542] [38908] [I] SCOPY T2 frame=7238 pass-geometry='Dress' numMatrices=71 frameID=7507 buffer-submit=sampled changed-since-T1=false submit-rel=swung
[22:42:46.542] [38908] [I] SCOPY T3 frame=7238 drawn=45 buffer-after-draw=sampled changed-since-T2=true final-rel=swung node-row1=(0.023,0.952,-0.304)
[22:42:46.542] [38908] [I] SCOPY T1c frame=7238 buffer=current slot=28 closest=bone-captured-T(2.10) next=bind(2.16) | buffer=previous slot=28 closest=bone-captured-T(2.09) next=bind(2.15)
[22:42:46.542] [38908] [I] SCOPY T3c frame=7238 buffer=current slot=28 closest=bone-captured-T(2.10) next=bind(2.16) | buffer=previous slot=28 closest=bone-captured-T(2.10) next=bind(2.16)
[22:42:46.679] [38908] [I] SCOPY T0 frame=7246 capture=2 bone='NPC Spine [Spn0]' skin='Dress' root='skeleton_female.nif' bone-origin=(1.2,-487.0,3.8) bone-row1=(0.021,0.995,0.098) witness='hdtSSEPhysics_AutoRename_Head_00000002 BDOr_H_PPW13_L1_08_00' witness-radius=21.39 subtree-nodes=968
[22:42:46.679] [38908] [I] SCOPY T1 frame=7246 bone-row1=(0.023,0.931,-0.364) orientation-delta-deg=27.0 witness-moved=9.99 moved-range=[0.50,12.64] slot=28 buffer-pre=sampled pre-rel=swung probe-effective=true
[22:42:46.679] [38908] [I] SCOPY T2 frame=7246 pass-geometry='Dress' numMatrices=71 frameID=7515 buffer-submit=sampled changed-since-T1=false submit-rel=swung
[22:42:46.679] [38908] [I] SCOPY T3 frame=7246 drawn=45 buffer-after-draw=sampled changed-since-T2=true final-rel=swung node-row1=(0.023,0.931,-0.364)
[22:42:46.679] [38908] [I] SCOPY T1c frame=7246 buffer=current slot=28 closest=bone-captured-T(2.15) next=bind(2.22) | buffer=previous slot=28 closest=bone-captured-T(2.15) next=bind(2.21)
[22:42:46.679] [38908] [I] SCOPY T3c frame=7246 buffer=current slot=28 closest=bone-captured-T(2.16) next=bind(2.22) | buffer=previous slot=28 closest=bone-captured-T(2.15) next=bind(2.22)
[22:42:46.820] [38908] [I] SCOPY T0 frame=7254 capture=2 bone='NPC Spine [Spn0]' skin='Dress' root='skeleton_female.nif' bone-origin=(1.2,-487.0,3.8) bone-row1=(0.021,0.995,0.098) witness='hdtSSEPhysics_AutoRename_Head_00000002 BDOr_H_PPW13_L1_08_00' witness-radius=21.39 subtree-nodes=968
[22:42:46.820] [38908] [I] SCOPY T1 frame=7254 bone-row1=(0.022,0.911,-0.412) orientation-delta-deg=30.0 witness-moved=11.07 moved-range=[0.50,12.64] slot=28 buffer-pre=sampled pre-rel=swung probe-effective=true
[22:42:46.820] [38908] [I] SCOPY T2 frame=7254 pass-geometry='Dress' numMatrices=71 frameID=7523 buffer-submit=sampled changed-since-T1=false submit-rel=swung
[22:42:46.820] [38908] [I] SCOPY T3 frame=7254 drawn=45 buffer-after-draw=sampled changed-since-T2=true final-rel=swung node-row1=(0.022,0.911,-0.412)
[22:42:46.820] [38908] [I] SCOPY T1c frame=7254 buffer=current slot=28 closest=bone-captured-T(2.20) next=bind(2.27) | buffer=previous slot=28 closest=bone-captured-T(2.20) next=bind(2.26)
[22:42:46.820] [38908] [I] SCOPY T3c frame=7254 buffer=current slot=28 closest=bone-captured-T(2.21) next=bind(2.27) | buffer=previous slot=28 closest=bone-captured-T(2.20) next=bind(2.27)
[22:42:46.962] [38908] [I] SCOPY T0 frame=7262 capture=2 bone='NPC Spine [Spn0]' skin='Dress' root='skeleton_female.nif' bone-origin=(1.2,-487.0,3.8) bone-row1=(0.021,0.995,0.098) witness='hdtSSEPhysics_AutoRename_Head_00000002 BDOr_H_PPW13_L1_08_00' witness-radius=21.39 subtree-nodes=968
[22:42:46.962] [38908] [I] SCOPY T1 frame=7262 bone-row1=(0.022,0.894,-0.448) orientation-delta-deg=32.3 witness-moved=11.88 moved-range=[0.50,12.64] slot=28 buffer-pre=sampled pre-rel=swung probe-effective=true
[22:42:46.962] [38908] [I] SCOPY T2 frame=7262 pass-geometry='Dress' numMatrices=71 frameID=7531 buffer-submit=sampled changed-since-T1=false submit-rel=swung
[22:42:46.962] [38908] [I] SCOPY T3 frame=7262 drawn=45 buffer-after-draw=sampled changed-since-T2=true final-rel=swung node-row1=(0.022,0.894,-0.448)
[22:42:46.962] [38908] [I] SCOPY T1c frame=7262 buffer=current slot=28 closest=bone-captured-T(2.24) next=bind(2.31) | buffer=previous slot=28 closest=bone-captured-T(2.24) next=bind(2.30)
[22:42:46.962] [38908] [I] SCOPY T3c frame=7262 buffer=current slot=28 closest=bone-captured-T(2.25) next=bind(2.31) | buffer=previous slot=28 closest=bone-captured-T(2.24) next=bind(2.31)
[22:42:47.112] [38908] [I] SCOPY T0 frame=7270 capture=2 bone='NPC Spine [Spn0]' skin='Dress' root='skeleton_female.nif' bone-origin=(1.2,-487.0,3.8) bone-row1=(0.021,0.995,0.098) witness='hdtSSEPhysics_AutoRename_Head_00000002 BDOr_H_PPW13_L1_08_00' witness-radius=21.39 subtree-nodes=968
[22:42:47.112] [38908] [I] SCOPY T1 frame=7270 bone-row1=(0.022,0.882,-0.470) orientation-delta-deg=33.7 witness-moved=12.41 moved-range=[0.50,12.64] slot=28 buffer-pre=sampled pre-rel=swung probe-effective=true
[22:42:47.112] [38908] [I] SCOPY T2 frame=7270 pass-geometry='Dress' numMatrices=71 frameID=7539 buffer-submit=sampled changed-since-T1=false submit-rel=swung
[22:42:47.112] [38908] [I] SCOPY T3 frame=7270 drawn=45 buffer-after-draw=sampled changed-since-T2=true final-rel=swung node-row1=(0.022,0.882,-0.470)
[22:42:47.112] [38908] [I] SCOPY T1c frame=7270 buffer=current slot=28 closest=bone-captured-T(2.27) next=bind(2.33) | buffer=previous slot=28 closest=bone-captured-T(2.27) next=bind(2.33)
[22:42:47.112] [38908] [I] SCOPY T3c frame=7270 buffer=current slot=28 closest=bone-captured-T(2.27) next=bind(2.33) | buffer=previous slot=28 closest=bone-captured-T(2.27) next=bind(2.33)
[22:42:47.253] [38908] [I] SCOPY T0 frame=7278 capture=2 bone='NPC Spine [Spn0]' skin='Dress' root='skeleton_female.nif' bone-origin=(1.2,-487.0,3.8) bone-row1=(0.021,0.995,0.098) witness='hdtSSEPhysics_AutoRename_Head_00000002 BDOr_H_PPW13_L1_08_00' witness-radius=21.39 subtree-nodes=968
[22:42:47.253] [38908] [I] SCOPY T1 frame=7278 bone-row1=(0.022,0.877,-0.480) orientation-delta-deg=34.4 witness-moved=12.64 moved-range=[0.50,12.64] slot=28 buffer-pre=sampled pre-rel=swung probe-effective=true
[22:42:47.253] [38908] [I] SCOPY T2 frame=7278 pass-geometry='Dress' numMatrices=71 frameID=7547 buffer-submit=sampled changed-since-T1=false submit-rel=swung
[22:42:47.253] [38908] [I] SCOPY T3 frame=7278 drawn=45 buffer-after-draw=sampled changed-since-T2=true final-rel=swung node-row1=(0.022,0.877,-0.480)
[22:42:47.253] [38908] [I] SCOPY T1c frame=7278 buffer=current slot=28 closest=bone-captured-T(2.28) next=bind(2.34) | buffer=previous slot=28 closest=bone-captured-T(2.28) next=bind(2.34)
[22:42:47.253] [38908] [I] SCOPY T3c frame=7278 buffer=current slot=28 closest=bone-captured-T(2.28) next=bind(2.34) | buffer=previous slot=28 closest=bone-captured-T(2.28) next=bind(2.34)
[22:42:47.391] [38908] [I] SCOPY T0 frame=7286 capture=2 bone='NPC Spine [Spn0]' skin='Dress' root='skeleton_female.nif' bone-origin=(1.2,-487.0,3.8) bone-row1=(0.021,0.995,0.098) witness='hdtSSEPhysics_AutoRename_Head_00000002 BDOr_H_PPW13_L1_08_00' witness-radius=21.39 subtree-nodes=968
[22:42:47.391] [38908] [I] SCOPY T1 frame=7286 bone-row1=(0.022,0.879,-0.477) orientation-delta-deg=34.1 witness-moved=12.56 moved-range=[0.50,12.64] slot=28 buffer-pre=sampled pre-rel=swung probe-effective=true
[22:42:47.391] [38908] [I] SCOPY T2 frame=7286 pass-geometry='Dress' numMatrices=71 frameID=7555 buffer-submit=sampled changed-since-T1=false submit-rel=swung
[22:42:47.391] [38908] [I] SCOPY T3 frame=7286 drawn=45 buffer-after-draw=sampled changed-since-T2=true final-rel=swung node-row1=(0.022,0.879,-0.477)
[22:42:47.391] [38908] [I] SCOPY T1c frame=7286 buffer=current slot=28 closest=bone-captured-T(2.28) next=bind(2.34) | buffer=previous slot=28 closest=bone-captured-T(2.28) next=bind(2.34)
[22:42:47.391] [38908] [I] SCOPY T3c frame=7286 buffer=current slot=28 closest=bone-captured-T(2.28) next=bind(2.34) | buffer=previous slot=28 closest=bone-captured-T(2.28) next=bind(2.34)
[22:42:47.529] [38908] [I] SCOPY T0 frame=7294 capture=2 bone='NPC Spine [Spn0]' skin='Dress' root='skeleton_female.nif' bone-origin=(1.2,-487.0,3.8) bone-row1=(0.021,0.995,0.098) witness='hdtSSEPhysics_AutoRename_Head_00000002 BDOr_H_PPW13_L1_08_00' witness-radius=21.39 subtree-nodes=968
[22:42:47.529] [38908] [I] SCOPY T1 frame=7294 bone-row1=(0.022,0.887,-0.461) orientation-delta-deg=33.1 witness-moved=12.18 moved-range=[0.50,12.64] slot=28 buffer-pre=sampled pre-rel=swung probe-effective=true
[22:42:47.529] [38908] [I] SCOPY T2 frame=7294 pass-geometry='Dress' numMatrices=71 frameID=7563 buffer-submit=sampled changed-since-T1=false submit-rel=swung
[22:42:47.529] [38908] [I] SCOPY T3 frame=7294 drawn=45 buffer-after-draw=sampled changed-since-T2=true final-rel=swung node-row1=(0.022,0.887,-0.461)
[22:42:47.529] [38908] [I] SCOPY T1c frame=7294 buffer=current slot=28 closest=bone-captured-T(2.26) next=bind(2.33) | buffer=previous slot=28 closest=bone-captured-T(2.27) next=bind(2.33)
[22:42:47.529] [38908] [I] SCOPY T3c frame=7294 buffer=current slot=28 closest=bone-captured-T(2.26) next=bind(2.32) | buffer=previous slot=28 closest=bone-captured-T(2.26) next=bind(2.33)
[22:42:47.671] [38908] [I] SCOPY T0 frame=7302 capture=2 bone='NPC Spine [Spn0]' skin='Dress' root='skeleton_female.nif' bone-origin=(1.2,-487.0,3.8) bone-row1=(0.021,0.995,0.098) witness='hdtSSEPhysics_AutoRename_Head_00000002 BDOr_H_PPW13_L1_08_00' witness-radius=21.39 subtree-nodes=968
[22:42:47.671] [38908] [I] SCOPY T1 frame=7302 bone-row1=(0.022,0.902,-0.432) orientation-delta-deg=31.2 witness-moved=11.51 moved-range=[0.50,12.64] slot=28 buffer-pre=sampled pre-rel=swung probe-effective=true
[22:42:47.671] [38908] [I] SCOPY T2 frame=7302 pass-geometry='Dress' numMatrices=71 frameID=7571 buffer-submit=sampled changed-since-T1=false submit-rel=swung
[22:42:47.671] [38908] [I] SCOPY T3 frame=7302 drawn=45 buffer-after-draw=sampled changed-since-T2=true final-rel=swung node-row1=(0.022,0.902,-0.432)
[22:42:47.671] [38908] [I] SCOPY T1c frame=7302 buffer=current slot=28 closest=bone-captured-T(2.23) next=bind(2.30) | buffer=previous slot=28 closest=bone-captured-T(2.24) next=bind(2.30)
[22:42:47.671] [38908] [I] SCOPY T3c frame=7302 buffer=current slot=28 closest=bone-captured-T(2.23) next=bind(2.29) | buffer=previous slot=28 closest=bone-captured-T(2.23) next=bind(2.30)
[22:42:47.811] [38908] [I] SCOPY T0 frame=7310 capture=2 bone='NPC Spine [Spn0]' skin='Dress' root='skeleton_female.nif' bone-origin=(1.2,-487.0,3.8) bone-row1=(0.021,0.995,0.098) witness='hdtSSEPhysics_AutoRename_Head_00000002 BDOr_H_PPW13_L1_08_00' witness-radius=21.39 subtree-nodes=968
[22:42:47.811] [38908] [I] SCOPY T1 frame=7310 bone-row1=(0.022,0.921,-0.390) orientation-delta-deg=28.6 witness-moved=10.56 moved-range=[0.50,12.64] slot=28 buffer-pre=sampled pre-rel=swung probe-effective=true
[22:42:47.811] [38908] [I] SCOPY T2 frame=7310 pass-geometry='Dress' numMatrices=71 frameID=7579 buffer-submit=sampled changed-since-T1=false submit-rel=swung
[22:42:47.811] [38908] [I] SCOPY T3 frame=7310 drawn=45 buffer-after-draw=sampled changed-since-T2=true final-rel=swung node-row1=(0.022,0.921,-0.390)
[22:42:47.811] [38908] [I] SCOPY T1c frame=7310 buffer=current slot=28 closest=bone-captured-T(2.19) next=bind(2.25) | buffer=previous slot=28 closest=bone-captured-T(2.20) next=bind(2.26)
[22:42:47.811] [38908] [I] SCOPY T3c frame=7310 buffer=current slot=28 closest=bone-captured-T(2.19) next=bind(2.25) | buffer=previous slot=28 closest=bone-captured-T(2.19) next=bind(2.25)
[22:42:47.935] [38908] [I] Clone draw: passes=45 rd-null=45 lights=3 | geoms=49 skinned=49 roots=2 num-mat=908 bone-count=941 bound=908
[22:42:47.935] [38908] [I] SCOPY DRAW frame=961 passes=45 lights=true animation-driver=none physics-driver=none
[22:42:47.953] [38908] [I] SCOPY T0 frame=7318 capture=2 bone='NPC Spine [Spn0]' skin='Dress' root='skeleton_female.nif' bone-origin=(1.2,-487.0,3.8) bone-row1=(0.021,0.995,0.098) witness='hdtSSEPhysics_AutoRename_Head_00000002 BDOr_H_PPW13_L1_08_00' witness-radius=21.39 subtree-nodes=968
[22:42:47.953] [38908] [I] SCOPY T1 frame=7318 bone-row1=(0.023,0.942,-0.335) orientation-delta-deg=25.2 witness-moved=9.35 moved-range=[0.50,12.64] slot=28 buffer-pre=sampled pre-rel=swung probe-effective=true
[22:42:47.953] [38908] [I] SCOPY T2 frame=7318 pass-geometry='Dress' numMatrices=71 frameID=7587 buffer-submit=sampled changed-since-T1=false submit-rel=swung
[22:42:47.953] [38908] [I] SCOPY T3 frame=7318 drawn=45 buffer-after-draw=sampled changed-since-T2=true final-rel=swung node-row1=(0.023,0.942,-0.335)
[22:42:47.953] [38908] [I] SCOPY T1c frame=7318 buffer=current slot=28 closest=bone-captured-T(2.14) next=bind(2.20) | buffer=previous slot=28 closest=bone-captured-T(2.15) next=bind(2.21)
[22:42:47.953] [38908] [I] SCOPY T3c frame=7318 buffer=current slot=28 closest=bone-captured-T(2.13) next=bind(2.19) | buffer=previous slot=28 closest=bone-captured-T(2.14) next=bind(2.20)
[22:42:48.095] [38908] [I] SCOPY T0 frame=7326 capture=2 bone='NPC Spine [Spn0]' skin='Dress' root='skeleton_female.nif' bone-origin=(1.2,-487.0,3.8) bone-row1=(0.021,0.995,0.098) witness='hdtSSEPhysics_AutoRename_Head_00000002 BDOr_H_PPW13_L1_08_00' witness-radius=21.39 subtree-nodes=968
[22:42:48.095] [38908] [I] SCOPY T1 frame=7326 bone-row1=(0.023,0.963,-0.269) orientation-delta-deg=21.3 witness-moved=7.90 moved-range=[0.50,12.64] slot=28 buffer-pre=sampled pre-rel=swung probe-effective=true
[22:42:48.095] [38908] [I] SCOPY T2 frame=7326 pass-geometry='Dress' numMatrices=71 frameID=7595 buffer-submit=sampled changed-since-T1=false submit-rel=swung
[22:42:48.095] [38908] [I] SCOPY T3 frame=7326 drawn=45 buffer-after-draw=sampled changed-since-T2=true final-rel=swung node-row1=(0.023,0.963,-0.269)
[22:42:48.095] [38908] [I] SCOPY T1c frame=7326 buffer=current slot=28 closest=bone-captured-T(2.08) next=bind(2.14) | buffer=previous slot=28 closest=bone-captured-T(2.09) next=bind(2.15)
[22:42:48.095] [38908] [I] SCOPY T3c frame=7326 buffer=current slot=28 closest=bone-captured-T(2.07) next=bind(2.13) | buffer=previous slot=28 closest=bone-captured-T(2.08) next=bind(2.14)
[22:42:48.234] [38908] [I] SCOPY T0 frame=7334 capture=2 bone='NPC Spine [Spn0]' skin='Dress' root='skeleton_female.nif' bone-origin=(1.2,-487.0,3.8) bone-row1=(0.021,0.995,0.098) witness='hdtSSEPhysics_AutoRename_Head_00000002 BDOr_H_PPW13_L1_08_00' witness-radius=21.39 subtree-nodes=968
[22:42:48.234] [38908] [I] SCOPY T1 frame=7334 bone-row1=(0.022,0.981,-0.193) orientation-delta-deg=16.8 witness-moved=6.25 moved-range=[0.50,12.64] slot=28 buffer-pre=sampled pre-rel=swung probe-effective=true
[22:42:48.234] [38908] [I] SCOPY T2 frame=7334 pass-geometry='Dress' numMatrices=71 frameID=7603 buffer-submit=sampled changed-since-T1=false submit-rel=swung
[22:42:48.234] [38908] [I] SCOPY T3 frame=7334 drawn=45 buffer-after-draw=sampled changed-since-T2=true final-rel=swung node-row1=(0.022,0.981,-0.193)
[22:42:48.234] [38908] [I] SCOPY T1c frame=7334 buffer=current slot=28 closest=bone-captured-T(2.06) next=bind(2.07) | buffer=previous slot=28 closest=bone-captured-T(2.06) next=bind(2.08)
[22:42:48.234] [38908] [I] SCOPY T3c frame=7334 buffer=current slot=28 closest=bind(2.06) next=bone-captured-T(2.07) | buffer=previous slot=28 closest=bone-captured-T(2.06) next=bind(2.07)
[22:42:48.375] [38908] [I] SCOPY T0 frame=7342 capture=2 bone='NPC Spine [Spn0]' skin='Dress' root='skeleton_female.nif' bone-origin=(1.2,-487.0,3.8) bone-row1=(0.021,0.995,0.098) witness='hdtSSEPhysics_AutoRename_Head_00000002 BDOr_H_PPW13_L1_08_00' witness-radius=21.39 subtree-nodes=968
[22:42:48.375] [38908] [I] SCOPY T1 frame=7342 bone-row1=(0.022,0.994,-0.109) orientation-delta-deg=11.9 witness-moved=4.44 moved-range=[0.50,12.64] slot=28 buffer-pre=sampled pre-rel=swung probe-effective=true
[22:42:48.375] [38908] [I] SCOPY T2 frame=7342 pass-geometry='Dress' numMatrices=71 frameID=7611 buffer-submit=sampled changed-since-T1=false submit-rel=swung
[22:42:48.375] [38908] [I] SCOPY T3 frame=7342 drawn=45 buffer-after-draw=sampled changed-since-T2=true final-rel=swung node-row1=(0.022,0.994,-0.109)
[22:42:48.375] [38908] [I] SCOPY T1c frame=7342 buffer=current slot=28 closest=bind(2.00) next=bone-world(2.09) | buffer=previous slot=28 closest=bind(2.01) next=bone-world(2.08)
[22:42:48.375] [38908] [I] SCOPY T3c frame=7342 buffer=current slot=28 closest=bind(2.00) next=bone-world(2.09) | buffer=previous slot=28 closest=bind(2.00) next=bone-world(2.09)
[22:42:48.516] [38908] [I] SCOPY T0 frame=7350 capture=2 bone='NPC Spine [Spn0]' skin='Dress' root='skeleton_female.nif' bone-origin=(1.2,-487.0,3.8) bone-row1=(0.021,0.995,0.098) witness='hdtSSEPhysics_AutoRename_Head_00000002 BDOr_H_PPW13_L1_08_00' witness-radius=21.39 subtree-nodes=968
[22:42:48.516] [38908] [I] SCOPY T1 frame=7350 bone-row1=(0.022,1.000,-0.018) orientation-delta-deg=6.7 witness-moved=2.50 moved-range=[0.50,12.64] slot=28 buffer-pre=sampled pre-rel=swung probe-effective=true
[22:42:48.516] [38908] [I] SCOPY T2 frame=7350 pass-geometry='Dress' numMatrices=71 frameID=7619 buffer-submit=sampled changed-since-T1=false submit-rel=swung
[22:42:48.516] [38908] [I] SCOPY T3 frame=7350 drawn=45 buffer-after-draw=sampled changed-since-T2=true final-rel=swung node-row1=(0.022,1.000,-0.018)
[22:42:48.516] [38908] [I] SCOPY T1c frame=7350 buffer=current slot=28 closest=bone-prev-frame(2.00) next=bone-world(2.00) | buffer=previous slot=28 closest=bone-prev-frame(1.99) next=bind(2.00)
[22:42:48.516] [38908] [I] SCOPY T3c frame=7350 buffer=current slot=28 closest=bone-world(1.99) next=bone-prev-frame(2.00) | buffer=previous slot=28 closest=bone-prev-frame(2.00) next=bone-world(2.00)
[22:42:48.657] [38908] [I] SCOPY T0 frame=7358 capture=2 bone='NPC Spine [Spn0]' skin='Dress' root='skeleton_female.nif' bone-origin=(1.2,-487.0,3.8) bone-row1=(0.021,0.995,0.098) witness='hdtSSEPhysics_AutoRename_Head_00000002 BDOr_H_PPW13_L1_08_00' witness-radius=21.39 subtree-nodes=968
[22:42:48.657] [38908] [I] SCOPY T1 frame=7358 bone-row1=(0.021,0.997,0.075) orientation-delta-deg=1.3 witness-moved=0.50 moved-range=[0.50,12.64] slot=28 buffer-pre=sampled pre-rel=swung probe-effective=true
[22:42:48.657] [38908] [I] SCOPY T2 frame=7358 pass-geometry='Dress' numMatrices=71 frameID=7627 buffer-submit=sampled changed-since-T1=false submit-rel=swung
[22:42:48.657] [38908] [I] SCOPY T3 frame=7358 drawn=45 buffer-after-draw=sampled changed-since-T2=true final-rel=swung node-row1=(0.021,0.997,0.075)
[22:42:48.657] [38908] [I] SCOPY T1c frame=7358 buffer=current slot=28 closest=bind-x-world(2.03) next=world-x-bind(2.04) | buffer=previous slot=28 closest=bind-x-world(2.04) next=world-x-bind(2.04)
[22:42:48.657] [38908] [I] SCOPY T3c frame=7358 buffer=current slot=28 closest=bind-x-world(2.03) next=world-x-bind(2.03) | buffer=previous slot=28 closest=bind-x-world(2.03) next=world-x-bind(2.04)
[22:42:48.799] [38908] [I] SCOPY T0 frame=7366 capture=2 bone='NPC Spine [Spn0]' skin='Dress' root='skeleton_female.nif' bone-origin=(1.2,-487.0,3.8) bone-row1=(0.021,0.995,0.098) witness='hdtSSEPhysics_AutoRename_Head_00000002 BDOr_H_PPW13_L1_08_00' witness-radius=21.39 subtree-nodes=968
[22:42:48.799] [38908] [I] SCOPY T1 frame=7366 bone-row1=(0.020,0.986,0.168) orientation-delta-deg=4.0 witness-moved=1.51 moved-range=[0.50,12.64] slot=28 buffer-pre=sampled pre-rel=captured probe-effective=true
[22:42:48.799] [38908] [I] SCOPY T2 frame=7366 pass-geometry='Dress' numMatrices=71 frameID=7635 buffer-submit=sampled changed-since-T1=false submit-rel=captured
[22:42:48.799] [38908] [I] SCOPY T3 frame=7366 drawn=45 buffer-after-draw=sampled changed-since-T2=true final-rel=captured node-row1=(0.020,0.986,0.168)
[22:42:48.799] [38908] [I] SCOPY T1c frame=7366 buffer=current slot=28 closest=bind-T(1.98) next=captured-x-bind(2.02) | buffer=previous slot=28 closest=bind-T(1.99) next=captured-x-bind(2.03)
[22:42:48.799] [38908] [I] SCOPY T3c frame=7366 buffer=current slot=28 closest=bind-T(1.97) next=captured-x-bind(2.01) | buffer=previous slot=28 closest=bind-T(1.98) next=captured-x-bind(2.02)
[22:42:48.939] [38908] [I] SCOPY T0 frame=7374 capture=2 bone='NPC Spine [Spn0]' skin='Dress' root='skeleton_female.nif' bone-origin=(1.2,-487.0,3.8) bone-row1=(0.021,0.995,0.098) witness='hdtSSEPhysics_AutoRename_Head_00000002 BDOr_H_PPW13_L1_08_00' witness-radius=21.39 subtree-nodes=968
[22:42:48.939] [38908] [I] SCOPY T1 frame=7374 bone-row1=(0.019,0.966,0.259) orientation-delta-deg=9.3 witness-moved=3.48 moved-range=[0.50,12.64] slot=28 buffer-pre=sampled pre-rel=captured probe-effective=true
[22:42:48.939] [38908] [I] SCOPY T2 frame=7374 pass-geometry='Dress' numMatrices=71 frameID=7643 buffer-submit=sampled changed-since-T1=false submit-rel=captured
[22:42:48.939] [38908] [I] SCOPY T3 frame=7374 drawn=45 buffer-after-draw=sampled changed-since-T2=true final-rel=captured node-row1=(0.019,0.966,0.259)
[22:42:48.939] [38908] [I] SCOPY T1c frame=7374 buffer=current slot=28 closest=captured-x-bind(2.03) next=bind-T(2.04) | buffer=previous slot=28 closest=captured-x-bind(2.02) next=bind-T(2.03)
[22:42:48.939] [38908] [I] SCOPY T3c frame=7374 buffer=current slot=28 closest=bone-captured(2.04) next=captured-x-bind(2.04) | buffer=previous slot=28 closest=captured-x-bind(2.03) next=bind-T(2.04)
[22:42:49.081] [38908] [I] SCOPY T0 frame=7382 capture=2 bone='NPC Spine [Spn0]' skin='Dress' root='skeleton_female.nif' bone-origin=(1.2,-487.0,3.8) bone-row1=(0.021,0.995,0.098) witness='hdtSSEPhysics_AutoRename_Head_00000002 BDOr_H_PPW13_L1_08_00' witness-radius=21.39 subtree-nodes=968
[22:42:49.081] [38908] [I] SCOPY T1 frame=7382 bone-row1=(0.018,0.939,0.343) orientation-delta-deg=14.4 witness-moved=5.36 moved-range=[0.50,12.64] slot=28 buffer-pre=sampled pre-rel=captured probe-effective=true
[22:42:49.081] [38908] [I] SCOPY T2 frame=7382 pass-geometry='Dress' numMatrices=71 frameID=7651 buffer-submit=sampled changed-since-T1=false submit-rel=captured
[22:42:49.081] [38908] [I] SCOPY T3 frame=7382 drawn=45 buffer-after-draw=sampled changed-since-T2=true final-rel=captured node-row1=(0.018,0.939,0.343)
[22:42:49.081] [38908] [I] SCOPY T1c frame=7382 buffer=current slot=28 closest=bone-captured(2.01) next=captured-x-bind(2.11) | buffer=previous slot=28 closest=bone-captured(2.00) next=captured-x-bind(2.10)
[22:42:49.081] [38908] [I] SCOPY T3c frame=7382 buffer=current slot=28 closest=bone-captured(2.02) next=captured-x-bind(2.12) | buffer=previous slot=28 closest=bone-captured(2.01) next=captured-x-bind(2.11)
[22:42:49.222] [38908] [I] SCOPY T0 frame=7390 capture=2 bone='NPC Spine [Spn0]' skin='Dress' root='skeleton_female.nif' bone-origin=(1.2,-487.0,3.8) bone-row1=(0.021,0.995,0.098) witness='hdtSSEPhysics_AutoRename_Head_00000002 BDOr_H_PPW13_L1_08_00' witness-radius=21.39 subtree-nodes=968
[22:42:49.222] [38908] [I] SCOPY T1 frame=7390 bone-row1=(0.017,0.908,0.419) orientation-delta-deg=19.1 witness-moved=7.10 moved-range=[0.50,12.64] slot=28 buffer-pre=sampled pre-rel=captured probe-effective=true
[22:42:49.222] [38908] [I] SCOPY T2 frame=7390 pass-geometry='Dress' numMatrices=71 frameID=7659 buffer-submit=sampled changed-since-T1=false submit-rel=captured
[22:42:49.222] [38908] [I] SCOPY T3 frame=7390 drawn=45 buffer-after-draw=sampled changed-since-T2=true final-rel=captured node-row1=(0.017,0.908,0.419)
[22:42:49.222] [38908] [I] SCOPY T1c frame=7390 buffer=current slot=28 closest=bone-captured(2.09) next=captured-x-bind(2.18) | buffer=previous slot=28 closest=bone-captured(2.08) next=captured-x-bind(2.17)
[22:42:49.222] [38908] [I] SCOPY T3c frame=7390 buffer=current slot=28 closest=bone-captured(2.10) next=captured-x-bind(2.19) | buffer=previous slot=28 closest=bone-captured(2.09) next=captured-x-bind(2.18)
[22:42:49.365] [38908] [I] SCOPY T0 frame=7398 capture=2 bone='NPC Spine [Spn0]' skin='Dress' root='skeleton_female.nif' bone-origin=(1.2,-487.0,3.8) bone-row1=(0.021,0.995,0.098) witness='hdtSSEPhysics_AutoRename_Head_00000002 BDOr_H_PPW13_L1_08_00' witness-radius=21.39 subtree-nodes=968
[22:42:49.365] [38908] [I] SCOPY T1 frame=7398 bone-row1=(0.016,0.875,0.485) orientation-delta-deg=23.3 witness-moved=8.65 moved-range=[0.50,12.64] slot=28 buffer-pre=sampled pre-rel=captured probe-effective=true
[22:42:49.365] [38908] [I] SCOPY T2 frame=7398 pass-geometry='Dress' numMatrices=71 frameID=7667 buffer-submit=sampled changed-since-T1=false submit-rel=captured
[22:42:49.365] [38908] [I] SCOPY T3 frame=7398 drawn=45 buffer-after-draw=sampled changed-since-T2=true final-rel=captured node-row1=(0.016,0.875,0.485)
[22:42:49.365] [38908] [I] SCOPY T1c frame=7398 buffer=current slot=28 closest=bone-captured(2.16) next=captured-x-bind(2.25) | buffer=previous slot=28 closest=bone-captured(2.15) next=captured-x-bind(2.24)
[22:42:49.365] [38908] [I] SCOPY T3c frame=7398 buffer=current slot=28 closest=bone-captured(2.17) next=captured-x-bind(2.26) | buffer=previous slot=28 closest=bone-captured(2.16) next=captured-x-bind(2.25)
[22:42:49.508] [38908] [I] SCOPY T0 frame=7406 capture=2 bone='NPC Spine [Spn0]' skin='Dress' root='skeleton_female.nif' bone-origin=(1.2,-487.0,3.8) bone-row1=(0.021,0.995,0.098) witness='hdtSSEPhysics_AutoRename_Head_00000002 BDOr_H_PPW13_L1_08_00' witness-radius=21.39 subtree-nodes=968
[22:42:49.508] [38908] [I] SCOPY T1 frame=7406 bone-row1=(0.015,0.842,0.539) orientation-delta-deg=27.0 witness-moved=9.99 moved-range=[0.50,12.64] slot=28 buffer-pre=sampled pre-rel=captured probe-effective=true
[22:42:49.508] [38908] [I] SCOPY T2 frame=7406 pass-geometry='Dress' numMatrices=71 frameID=7675 buffer-submit=sampled changed-since-T1=false submit-rel=captured
[22:42:49.508] [38908] [I] SCOPY T3 frame=7406 drawn=45 buffer-after-draw=sampled changed-since-T2=true final-rel=captured node-row1=(0.015,0.842,0.539)
[22:42:49.508] [38908] [I] SCOPY T1c frame=7406 buffer=current slot=28 closest=bone-captured(2.22) next=captured-x-bind(2.31) | buffer=previous slot=28 closest=bone-captured(2.21) next=captured-x-bind(2.31)
[22:42:49.508] [38908] [I] SCOPY T3c frame=7406 buffer=current slot=28 closest=bone-captured(2.23) next=captured-x-bind(2.32) | buffer=previous slot=28 closest=bone-captured(2.22) next=captured-x-bind(2.31)
[22:42:49.649] [38908] [I] SCOPY T0 frame=7414 capture=2 bone='NPC Spine [Spn0]' skin='Dress' root='skeleton_female.nif' bone-origin=(1.2,-487.0,3.8) bone-row1=(0.021,0.995,0.098) witness='hdtSSEPhysics_AutoRename_Head_00000002 BDOr_H_PPW13_L1_08_00' witness-radius=21.39 subtree-nodes=968
[22:42:49.649] [38908] [I] SCOPY T1 frame=7414 bone-row1=(0.014,0.813,0.583) orientation-delta-deg=30.0 witness-moved=11.07 moved-range=[0.50,12.64] slot=28 buffer-pre=sampled pre-rel=captured probe-effective=true
[22:42:49.649] [38908] [I] SCOPY T2 frame=7414 pass-geometry='Dress' numMatrices=71 frameID=7683 buffer-submit=sampled changed-since-T1=false submit-rel=captured
[22:42:49.649] [38908] [I] SCOPY T3 frame=7414 drawn=45 buffer-after-draw=sampled changed-since-T2=true final-rel=captured node-row1=(0.014,0.813,0.583)
[22:42:49.649] [38908] [I] SCOPY T1c frame=7414 buffer=current slot=28 closest=bone-captured(2.27) next=captured-x-bind(2.36) | buffer=previous slot=28 closest=bone-captured(2.26) next=captured-x-bind(2.36)
[22:42:49.649] [38908] [I] SCOPY T3c frame=7414 buffer=current slot=28 closest=bone-captured(2.28) next=captured-x-bind(2.37) | buffer=previous slot=28 closest=bone-captured(2.27) next=captured-x-bind(2.36)
[22:42:49.792] [38908] [I] SCOPY T0 frame=7422 capture=2 bone='NPC Spine [Spn0]' skin='Dress' root='skeleton_female.nif' bone-origin=(1.2,-487.0,3.8) bone-row1=(0.021,0.995,0.098) witness='hdtSSEPhysics_AutoRename_Head_00000002 BDOr_H_PPW13_L1_08_00' witness-radius=21.39 subtree-nodes=968
[22:42:49.792] [38908] [I] SCOPY T1 frame=7422 bone-row1=(0.013,0.789,0.614) orientation-delta-deg=32.3 witness-moved=11.88 moved-range=[0.50,12.64] slot=28 buffer-pre=sampled pre-rel=captured probe-effective=true
[22:42:49.792] [38908] [I] SCOPY T2 frame=7422 pass-geometry='Dress' numMatrices=71 frameID=7691 buffer-submit=sampled changed-since-T1=false submit-rel=captured
[22:42:49.792] [38908] [I] SCOPY T3 frame=7422 drawn=45 buffer-after-draw=sampled changed-since-T2=true final-rel=captured node-row1=(0.013,0.789,0.614)
[22:42:49.792] [38908] [I] SCOPY T1c frame=7422 buffer=current slot=28 closest=bone-captured(2.31) next=captured-x-bind(2.40) | buffer=previous slot=28 closest=bone-captured(2.31) next=captured-x-bind(2.40)
[22:42:49.792] [38908] [I] SCOPY T3c frame=7422 buffer=current slot=28 closest=bone-captured(2.31) next=captured-x-bind(2.41) | buffer=previous slot=28 closest=bone-captured(2.31) next=captured-x-bind(2.40)
[22:42:49.934] [38908] [I] SCOPY T0 frame=7430 capture=2 bone='NPC Spine [Spn0]' skin='Dress' root='skeleton_female.nif' bone-origin=(1.2,-487.0,3.8) bone-row1=(0.021,0.995,0.098) witness='hdtSSEPhysics_AutoRename_Head_00000002 BDOr_H_PPW13_L1_08_00' witness-radius=21.39 subtree-nodes=968
[22:42:49.934] [38908] [I] SCOPY T1 frame=7430 bone-row1=(0.013,0.773,0.634) orientation-delta-deg=33.7 witness-moved=12.41 moved-range=[0.50,12.64] slot=28 buffer-pre=sampled pre-rel=captured probe-effective=true
[22:42:49.934] [38908] [I] SCOPY T2 frame=7430 pass-geometry='Dress' numMatrices=71 frameID=7699 buffer-submit=sampled changed-since-T1=false submit-rel=captured
[22:42:49.934] [38908] [I] SCOPY T3 frame=7430 drawn=45 buffer-after-draw=sampled changed-since-T2=true final-rel=captured node-row1=(0.013,0.773,0.634)
[22:42:49.934] [38908] [I] SCOPY T1c frame=7430 buffer=current slot=28 closest=bone-captured(2.34) next=captured-x-bind(2.43) | buffer=previous slot=28 closest=bone-captured(2.33) next=captured-x-bind(2.43)
[22:42:49.934] [38908] [I] SCOPY T3c frame=7430 buffer=current slot=28 closest=bone-captured(2.34) next=captured-x-bind(2.43) | buffer=previous slot=28 closest=bone-captured(2.34) next=captured-x-bind(2.43)
[22:42:50.057] [38908] [I] Clone draw: passes=45 rd-null=45 lights=3 | geoms=49 skinned=49 roots=2 num-mat=908 bone-count=941 bound=908
[22:42:50.057] [38908] [I] SCOPY DRAW frame=1081 passes=45 lights=true animation-driver=none physics-driver=none
[22:42:50.076] [38908] [I] SCOPY T0 frame=7438 capture=2 bone='NPC Spine [Spn0]' skin='Dress' root='skeleton_female.nif' bone-origin=(1.2,-487.0,3.8) bone-row1=(0.021,0.995,0.098) witness='hdtSSEPhysics_AutoRename_Head_00000002 BDOr_H_PPW13_L1_08_00' witness-radius=21.39 subtree-nodes=968
[22:42:50.076] [38908] [I] SCOPY T1 frame=7438 bone-row1=(0.012,0.766,0.643) orientation-delta-deg=34.4 witness-moved=12.64 moved-range=[0.50,12.64] slot=28 buffer-pre=sampled pre-rel=captured probe-effective=true
[22:42:50.076] [38908] [I] SCOPY T2 frame=7438 pass-geometry='Dress' numMatrices=71 frameID=7707 buffer-submit=sampled changed-since-T1=false submit-rel=captured
[22:42:50.076] [38908] [I] SCOPY T3 frame=7438 drawn=45 buffer-after-draw=sampled changed-since-T2=true final-rel=captured node-row1=(0.012,0.766,0.643)
[22:42:50.076] [38908] [I] SCOPY T1c frame=7438 buffer=current slot=28 closest=bone-captured(2.35) next=captured-x-bind(2.44) | buffer=previous slot=28 closest=bone-captured(2.35) next=captured-x-bind(2.44)
[22:42:50.076] [38908] [I] SCOPY T3c frame=7438 buffer=current slot=28 closest=bone-captured(2.35) next=captured-x-bind(2.44) | buffer=previous slot=28 closest=bone-captured(2.35) next=captured-x-bind(2.44)
[22:42:50.217] [38908] [I] SCOPY T0 frame=7446 capture=2 bone='NPC Spine [Spn0]' skin='Dress' root='skeleton_female.nif' bone-origin=(1.2,-487.0,3.8) bone-row1=(0.021,0.995,0.098) witness='hdtSSEPhysics_AutoRename_Head_00000002 BDOr_H_PPW13_L1_08_00' witness-radius=21.39 subtree-nodes=968
[22:42:50.217] [38908] [I] SCOPY T1 frame=7446 bone-row1=(0.012,0.768,0.640) orientation-delta-deg=34.1 witness-moved=12.56 moved-range=[0.50,12.64] slot=28 buffer-pre=sampled pre-rel=captured probe-effective=true
[22:42:50.217] [38908] [I] SCOPY T2 frame=7446 pass-geometry='Dress' numMatrices=71 frameID=7715 buffer-submit=sampled changed-since-T1=false submit-rel=captured
[22:42:50.217] [38908] [I] SCOPY T3 frame=7446 drawn=45 buffer-after-draw=sampled changed-since-T2=true final-rel=captured node-row1=(0.012,0.768,0.640)
[22:42:50.217] [38908] [I] SCOPY T1c frame=7446 buffer=current slot=28 closest=bone-captured(2.35) next=captured-x-bind(2.44) | buffer=previous slot=28 closest=bone-captured(2.35) next=captured-x-bind(2.44)
[22:42:50.217] [38908] [I] SCOPY T3c frame=7446 buffer=current slot=28 closest=bone-captured(2.35) next=captured-x-bind(2.44) | buffer=previous slot=28 closest=bone-captured(2.35) next=captured-x-bind(2.44)
[22:42:50.358] [38908] [I] SCOPY T0 frame=7454 capture=2 bone='NPC Spine [Spn0]' skin='Dress' root='skeleton_female.nif' bone-origin=(1.2,-487.0,3.8) bone-row1=(0.021,0.995,0.098) witness='hdtSSEPhysics_AutoRename_Head_00000002 BDOr_H_PPW13_L1_08_00' witness-radius=21.39 subtree-nodes=968
[22:42:50.358] [38908] [I] SCOPY T1 frame=7454 bone-row1=(0.013,0.780,0.626) orientation-delta-deg=33.1 witness-moved=12.18 moved-range=[0.50,12.64] slot=28 buffer-pre=sampled pre-rel=captured probe-effective=true
[22:42:50.358] [38908] [I] SCOPY T2 frame=7454 pass-geometry='Dress' numMatrices=71 frameID=7723 buffer-submit=sampled changed-since-T1=false submit-rel=captured
[22:42:50.358] [38908] [I] SCOPY T3 frame=7454 drawn=45 buffer-after-draw=sampled changed-since-T2=true final-rel=captured node-row1=(0.013,0.780,0.626)
[22:42:50.358] [38908] [I] SCOPY T1c frame=7454 buffer=current slot=28 closest=bone-captured(2.33) next=captured-x-bind(2.43) | buffer=previous slot=28 closest=bone-captured(2.33) next=captured-x-bind(2.43)
[22:42:50.358] [38908] [I] SCOPY T3c frame=7454 buffer=current slot=28 closest=bone-captured(2.33) next=captured-x-bind(2.42) | buffer=previous slot=28 closest=bone-captured(2.33) next=captured-x-bind(2.43)
[22:42:50.501] [38908] [I] SCOPY T0 frame=7462 capture=2 bone='NPC Spine [Spn0]' skin='Dress' root='skeleton_female.nif' bone-origin=(1.2,-487.0,3.8) bone-row1=(0.021,0.995,0.098) witness='hdtSSEPhysics_AutoRename_Head_00000002 BDOr_H_PPW13_L1_08_00' witness-radius=21.39 subtree-nodes=968
[22:42:50.501] [38908] [I] SCOPY T1 frame=7462 bone-row1=(0.013,0.800,0.600) orientation-delta-deg=31.2 witness-moved=11.51 moved-range=[0.50,12.64] slot=28 buffer-pre=sampled pre-rel=captured probe-effective=true
[22:42:50.501] [38908] [I] SCOPY T2 frame=7462 pass-geometry='Dress' numMatrices=71 frameID=7731 buffer-submit=sampled changed-since-T1=false submit-rel=captured
[22:42:50.501] [38908] [I] SCOPY T3 frame=7462 drawn=45 buffer-after-draw=sampled changed-since-T2=true final-rel=captured node-row1=(0.013,0.800,0.600)
[22:42:50.501] [38908] [I] SCOPY T1c frame=7462 buffer=current slot=28 closest=bone-captured(2.30) next=captured-x-bind(2.40) | buffer=previous slot=28 closest=bone-captured(2.31) next=captured-x-bind(2.40)
[22:42:50.501] [38908] [I] SCOPY T3c frame=7462 buffer=current slot=28 closest=bone-captured(2.30) next=captured-x-bind(2.39) | buffer=previous slot=28 closest=bone-captured(2.30) next=captured-x-bind(2.40)
[22:42:50.642] [38908] [I] SCOPY T0 frame=7470 capture=2 bone='NPC Spine [Spn0]' skin='Dress' root='skeleton_female.nif' bone-origin=(1.2,-487.0,3.8) bone-row1=(0.021,0.995,0.098) witness='hdtSSEPhysics_AutoRename_Head_00000002 BDOr_H_PPW13_L1_08_00' witness-radius=21.39 subtree-nodes=968
[22:42:50.642] [38908] [I] SCOPY T1 frame=7470 bone-row1=(0.014,0.827,0.563) orientation-delta-deg=28.6 witness-moved=10.56 moved-range=[0.50,12.64] slot=28 buffer-pre=sampled pre-rel=captured probe-effective=true
[22:42:50.642] [38908] [I] SCOPY T2 frame=7470 pass-geometry='Dress' numMatrices=71 frameID=7739 buffer-submit=sampled changed-since-T1=false submit-rel=captured
[22:42:50.642] [38908] [I] SCOPY T3 frame=7470 drawn=45 buffer-after-draw=sampled changed-since-T2=true final-rel=captured node-row1=(0.014,0.827,0.563)
[22:42:50.642] [38908] [I] SCOPY T1c frame=7470 buffer=current slot=28 closest=bone-captured(2.26) next=captured-x-bind(2.35) | buffer=previous slot=28 closest=bone-captured(2.26) next=captured-x-bind(2.36)
[22:42:50.642] [38908] [I] SCOPY T3c frame=7470 buffer=current slot=28 closest=bone-captured(2.25) next=captured-x-bind(2.35) | buffer=previous slot=28 closest=bone-captured(2.26) next=captured-x-bind(2.35)
[22:42:50.785] [38908] [I] SCOPY T0 frame=7478 capture=2 bone='NPC Spine [Spn0]' skin='Dress' root='skeleton_female.nif' bone-origin=(1.2,-487.0,3.8) bone-row1=(0.021,0.995,0.098) witness='hdtSSEPhysics_AutoRename_Head_00000002 BDOr_H_PPW13_L1_08_00' witness-radius=21.39 subtree-nodes=968
[22:42:50.785] [38908] [I] SCOPY T1 frame=7478 bone-row1=(0.015,0.858,0.513) orientation-delta-deg=25.2 witness-moved=9.35 moved-range=[0.50,12.64] slot=28 buffer-pre=sampled pre-rel=captured probe-effective=true
[22:42:50.785] [38908] [I] SCOPY T2 frame=7478 pass-geometry='Dress' numMatrices=71 frameID=7747 buffer-submit=sampled changed-since-T1=false submit-rel=captured
[22:42:50.785] [38908] [I] SCOPY T3 frame=7478 drawn=45 buffer-after-draw=sampled changed-since-T2=true final-rel=captured node-row1=(0.015,0.858,0.513)
[22:42:50.785] [38908] [I] SCOPY T1c frame=7478 buffer=current slot=28 closest=bone-captured(2.20) next=captured-x-bind(2.30) | buffer=previous slot=28 closest=bone-captured(2.21) next=captured-x-bind(2.31)
[22:42:50.785] [38908] [I] SCOPY T3c frame=7478 buffer=current slot=28 closest=bone-captured(2.20) next=captured-x-bind(2.29) | buffer=previous slot=28 closest=bone-captured(2.20) next=captured-x-bind(2.30)
[22:42:50.927] [38908] [I] SCOPY T0 frame=7486 capture=2 bone='NPC Spine [Spn0]' skin='Dress' root='skeleton_female.nif' bone-origin=(1.2,-487.0,3.8) bone-row1=(0.021,0.995,0.098) witness='hdtSSEPhysics_AutoRename_Head_00000002 BDOr_H_PPW13_L1_08_00' witness-radius=21.39 subtree-nodes=968
[22:42:50.927] [38908] [I] SCOPY T1 frame=7486 bone-row1=(0.016,0.891,0.453) orientation-delta-deg=21.3 witness-moved=7.90 moved-range=[0.50,12.64] slot=28 buffer-pre=sampled pre-rel=captured probe-effective=true
[22:42:50.927] [38908] [I] SCOPY T2 frame=7486 pass-geometry='Dress' numMatrices=71 frameID=7755 buffer-submit=sampled changed-since-T1=false submit-rel=captured
[22:42:50.927] [38908] [I] SCOPY T3 frame=7486 drawn=45 buffer-after-draw=sampled changed-since-T2=true final-rel=captured node-row1=(0.016,0.891,0.453)
[22:42:50.927] [38908] [I] SCOPY T1c frame=7486 buffer=current slot=28 closest=bone-captured(2.14) next=captured-x-bind(2.23) | buffer=previous slot=28 closest=bone-captured(2.15) next=captured-x-bind(2.24)
[22:42:50.927] [38908] [I] SCOPY T3c frame=7486 buffer=current slot=28 closest=bone-captured(2.13) next=captured-x-bind(2.23) | buffer=previous slot=28 closest=bone-captured(2.14) next=captured-x-bind(2.23)
[22:42:51.069] [38908] [I] SCOPY T0 frame=7494 capture=2 bone='NPC Spine [Spn0]' skin='Dress' root='skeleton_female.nif' bone-origin=(1.2,-487.0,3.8) bone-row1=(0.021,0.995,0.098) witness='hdtSSEPhysics_AutoRename_Head_00000002 BDOr_H_PPW13_L1_08_00' witness-radius=21.39 subtree-nodes=968
[22:42:51.069] [38908] [I] SCOPY T1 frame=7494 bone-row1=(0.017,0.924,0.382) orientation-delta-deg=16.8 witness-moved=6.25 moved-range=[0.50,12.64] slot=28 buffer-pre=sampled pre-rel=captured probe-effective=true
[22:42:51.069] [38908] [I] SCOPY T2 frame=7494 pass-geometry='Dress' numMatrices=71 frameID=7763 buffer-submit=sampled changed-since-T1=false submit-rel=captured
[22:42:51.069] [38908] [I] SCOPY T3 frame=7494 drawn=45 buffer-after-draw=sampled changed-since-T2=true final-rel=captured node-row1=(0.017,0.924,0.382)
[22:42:51.069] [38908] [I] SCOPY T1c frame=7494 buffer=current slot=28 closest=bone-captured(2.07) next=captured-x-bind(2.16) | buffer=previous slot=28 closest=bone-captured(2.08) next=captured-x-bind(2.17)
[22:42:51.069] [38908] [I] SCOPY T3c frame=7494 buffer=current slot=28 closest=bone-captured(2.06) next=captured-x-bind(2.15) | buffer=previous slot=28 closest=bone-captured(2.07) next=captured-x-bind(2.16)
[22:42:51.211] [38908] [I] SCOPY T0 frame=7502 capture=2 bone='NPC Spine [Spn0]' skin='Dress' root='skeleton_female.nif' bone-origin=(1.2,-487.0,3.8) bone-row1=(0.021,0.995,0.098) witness='hdtSSEPhysics_AutoRename_Head_00000002 BDOr_H_PPW13_L1_08_00' witness-radius=21.39 subtree-nodes=968
[22:42:51.211] [38908] [I] SCOPY T1 frame=7502 bone-row1=(0.019,0.953,0.302) orientation-delta-deg=11.9 witness-moved=4.44 moved-range=[0.50,12.64] slot=28 buffer-pre=sampled pre-rel=captured probe-effective=true
[22:42:51.211] [38908] [I] SCOPY T2 frame=7502 pass-geometry='Dress' numMatrices=71 frameID=7771 buffer-submit=sampled changed-since-T1=false submit-rel=captured
[22:42:51.211] [38908] [I] SCOPY T3 frame=7502 drawn=45 buffer-after-draw=sampled changed-since-T2=true final-rel=captured node-row1=(0.019,0.953,0.302)
[22:42:51.211] [38908] [I] SCOPY T1c frame=7502 buffer=current slot=28 closest=bone-captured(2.01) next=captured-x-bind(2.09) | buffer=previous slot=28 closest=bone-captured(2.00) next=captured-x-bind(2.10)
[22:42:51.211] [38908] [I] SCOPY T3c frame=7502 buffer=current slot=28 closest=bone-captured(2.02) next=captured-x-bind(2.08) | buffer=previous slot=28 closest=bone-captured(2.01) next=captured-x-bind(2.09)
[22:42:51.361] [38908] [I] SCOPY T0 frame=7510 capture=2 bone='NPC Spine [Spn0]' skin='Dress' root='skeleton_female.nif' bone-origin=(1.2,-487.0,3.8) bone-row1=(0.021,0.995,0.098) witness='hdtSSEPhysics_AutoRename_Head_00000002 BDOr_H_PPW13_L1_08_00' witness-radius=21.39 subtree-nodes=968
[22:42:51.361] [38908] [I] SCOPY T1 frame=7510 bone-row1=(0.020,0.977,0.214) orientation-delta-deg=6.7 witness-moved=2.50 moved-range=[0.50,12.64] slot=28 buffer-pre=sampled pre-rel=captured probe-effective=true
[22:42:51.361] [38908] [I] SCOPY T2 frame=7510 pass-geometry='Dress' numMatrices=71 frameID=7779 buffer-submit=sampled changed-since-T1=false submit-rel=captured
[22:42:51.361] [38908] [I] SCOPY T3 frame=7510 drawn=45 buffer-after-draw=sampled changed-since-T2=true final-rel=captured node-row1=(0.020,0.977,0.214)
[22:42:51.361] [38908] [I] SCOPY T1c frame=7510 buffer=current slot=28 closest=captured-x-bind(2.01) next=bind-T(2.02) | buffer=previous slot=28 closest=captured-x-bind(2.02) next=bind-T(2.03)
[22:42:51.361] [38908] [I] SCOPY T3c frame=7510 buffer=current slot=28 closest=captured-x-bind(2.00) next=bind-T(2.01) | buffer=previous slot=28 closest=captured-x-bind(2.01) next=bind-T(2.02)
[22:42:51.503] [38908] [I] SCOPY T0 frame=7518 capture=2 bone='NPC Spine [Spn0]' skin='Dress' root='skeleton_female.nif' bone-origin=(1.2,-487.0,3.8) bone-row1=(0.021,0.995,0.098) witness='hdtSSEPhysics_AutoRename_Head_00000002 BDOr_H_PPW13_L1_08_00' witness-radius=21.39 subtree-nodes=968
[22:42:51.503] [38908] [I] SCOPY T1 frame=7518 bone-row1=(0.021,0.992,0.122) orientation-delta-deg=1.3 witness-moved=0.50 moved-range=[0.50,12.64] slot=28 buffer-pre=sampled pre-rel=captured probe-effective=true
[22:42:51.503] [38908] [I] SCOPY T2 frame=7518 pass-geometry='Dress' numMatrices=71 frameID=7787 buffer-submit=sampled changed-since-T1=false submit-rel=captured
[22:42:51.503] [38908] [I] SCOPY T3 frame=7518 drawn=45 buffer-after-draw=sampled changed-since-T2=true final-rel=captured node-row1=(0.021,0.992,0.122)
[22:42:51.503] [38908] [I] SCOPY T1c frame=7518 buffer=current slot=28 closest=bind-T(2.00) next=captured-x-bind(2.03) | buffer=previous slot=28 closest=bind-T(1.99) next=captured-x-bind(2.03)
[22:42:51.503] [38908] [I] SCOPY T3c frame=7518 buffer=current slot=28 closest=bind-T(2.00) next=captured-x-bind(2.04) | buffer=previous slot=28 closest=bind-T(2.00) next=captured-x-bind(2.03)
[22:42:51.641] [38908] [I] SCOPY T0 frame=7526 capture=2 bone='NPC Spine [Spn0]' skin='Dress' root='skeleton_female.nif' bone-origin=(1.2,-487.0,3.8) bone-row1=(0.021,0.995,0.098) witness='hdtSSEPhysics_AutoRename_Head_00000002 BDOr_H_PPW13_L1_08_00' witness-radius=21.39 subtree-nodes=968
[22:42:51.641] [38908] [I] SCOPY T1 frame=7526 bone-row1=(0.021,0.999,0.028) orientation-delta-deg=4.0 witness-moved=1.51 moved-range=[0.50,12.64] slot=28 buffer-pre=sampled pre-rel=swung probe-effective=true
[22:42:51.641] [38908] [I] SCOPY T2 frame=7526 pass-geometry='Dress' numMatrices=71 frameID=7795 buffer-submit=sampled changed-since-T1=false submit-rel=swung
[22:42:51.641] [38908] [I] SCOPY T3 frame=7526 drawn=45 buffer-after-draw=sampled changed-since-T2=true final-rel=swung node-row1=(0.021,0.999,0.028)
[22:42:51.641] [38908] [I] SCOPY T1c frame=7526 buffer=current slot=28 closest=bind-x-world(2.01) next=world-x-bind(2.02) | buffer=previous slot=28 closest=bind-x-world(2.02) next=world-x-bind(2.02)
[22:42:51.641] [38908] [I] SCOPY T3c frame=7526 buffer=current slot=28 closest=bind-x-world(2.01) next=world-x-bind(2.01) | buffer=previous slot=28 closest=bind-x-world(2.01) next=world-x-bind(2.02)
[22:42:51.782] [38908] [I] SCOPY T0 frame=7534 capture=2 bone='NPC Spine [Spn0]' skin='Dress' root='skeleton_female.nif' bone-origin=(1.2,-487.0,3.8) bone-row1=(0.021,0.995,0.098) witness='hdtSSEPhysics_AutoRename_Head_00000002 BDOr_H_PPW13_L1_08_00' witness-radius=21.39 subtree-nodes=968
[22:42:51.782] [38908] [I] SCOPY T1 frame=7534 bone-row1=(0.022,0.998,-0.064) orientation-delta-deg=9.3 witness-moved=3.48 moved-range=[0.50,12.64] slot=28 buffer-pre=sampled pre-rel=swung probe-effective=true
[22:42:51.782] [38908] [I] SCOPY T2 frame=7534 pass-geometry='Dress' numMatrices=71 frameID=7803 buffer-submit=sampled changed-since-T1=false submit-rel=swung
[22:42:51.782] [38908] [I] SCOPY T3 frame=7534 drawn=45 buffer-after-draw=sampled changed-since-T2=true final-rel=swung node-row1=(0.022,0.998,-0.064)
[22:42:51.782] [38908] [I] SCOPY T1c frame=7534 buffer=current slot=28 closest=bind(1.99) next=bone-prev-frame(2.02) | buffer=previous slot=28 closest=bind(2.00) next=bone-prev-frame(2.03)
[22:42:51.782] [38908] [I] SCOPY T3c frame=7534 buffer=current slot=28 closest=bind(1.98) next=bone-prev-frame(2.02) | buffer=previous slot=28 closest=bind(1.99) next=bone-prev-frame(2.02)
[22:42:51.924] [38908] [I] SCOPY T0 frame=7542 capture=2 bone='NPC Spine [Spn0]' skin='Dress' root='skeleton_female.nif' bone-origin=(1.2,-487.0,3.8) bone-row1=(0.021,0.995,0.098) witness='hdtSSEPhysics_AutoRename_Head_00000002 BDOr_H_PPW13_L1_08_00' witness-radius=21.39 subtree-nodes=968
[22:42:51.924] [38908] [I] SCOPY T1 frame=7542 bone-row1=(0.022,0.988,-0.152) orientation-delta-deg=14.4 witness-moved=5.36 moved-range=[0.50,12.64] slot=28 buffer-pre=sampled pre-rel=swung probe-effective=true
[22:42:51.924] [38908] [I] SCOPY T2 frame=7542 pass-geometry='Dress' numMatrices=71 frameID=7811 buffer-submit=sampled changed-since-T1=false submit-rel=swung
[22:42:51.924] [38908] [I] SCOPY T3 frame=7542 drawn=45 buffer-after-draw=sampled changed-since-T2=true final-rel=swung node-row1=(0.022,0.988,-0.152)
[22:42:51.924] [38908] [I] SCOPY T1c frame=7542 buffer=current slot=28 closest=bind(2.02) next=bone-captured-T(2.10) | buffer=previous slot=28 closest=bind(2.01) next=bone-captured-T(2.10)
[22:42:51.924] [38908] [I] SCOPY T3c frame=7542 buffer=current slot=28 closest=bind(2.03) next=bone-captured-T(2.09) | buffer=previous slot=28 closest=bind(2.02) next=bone-captured-T(2.10)
[22:42:52.064] [38908] [I] SCOPY T0 frame=7550 capture=2 bone='NPC Spine [Spn0]' skin='Dress' root='skeleton_female.nif' bone-origin=(1.2,-487.0,3.8) bone-row1=(0.021,0.995,0.098) witness='hdtSSEPhysics_AutoRename_Head_00000002 BDOr_H_PPW13_L1_08_00' witness-radius=21.39 subtree-nodes=968
[22:42:52.064] [38908] [I] SCOPY T1 frame=7550 bone-row1=(0.023,0.972,-0.233) orientation-delta-deg=19.1 witness-moved=7.10 moved-range=[0.50,12.64] slot=28 buffer-pre=sampled pre-rel=swung probe-effective=true
[22:42:52.064] [38908] [I] SCOPY T2 frame=7550 pass-geometry='Dress' numMatrices=71 frameID=7819 buffer-submit=sampled changed-since-T1=false submit-rel=swung
[22:42:52.064] [38908] [I] SCOPY T3 frame=7550 drawn=45 buffer-after-draw=sampled changed-since-T2=true final-rel=swung node-row1=(0.023,0.972,-0.233)
[22:42:52.064] [38908] [I] SCOPY T1c frame=7550 buffer=current slot=28 closest=bone-captured-T(2.05) next=bind(2.09) | buffer=previous slot=28 closest=bone-captured-T(2.06) next=bind(2.08)
[22:42:52.064] [38908] [I] SCOPY T3c frame=7550 buffer=current slot=28 closest=bone-captured-T(2.05) next=bind(2.10) | buffer=previous slot=28 closest=bone-captured-T(2.05) next=bind(2.09)
[22:42:52.188] [38908] [I] Clone draw: passes=45 rd-null=45 lights=3 | geoms=49 skinned=49 roots=2 num-mat=908 bone-count=941 bound=908
[22:42:52.188] [38908] [I] SCOPY DRAW frame=1201 passes=45 lights=true animation-driver=none physics-driver=none
[22:42:52.206] [38908] [I] SCOPY T0 frame=7558 capture=2 bone='NPC Spine [Spn0]' skin='Dress' root='skeleton_female.nif' bone-origin=(1.2,-487.0,3.8) bone-row1=(0.021,0.995,0.098) witness='hdtSSEPhysics_AutoRename_Head_00000002 BDOr_H_PPW13_L1_08_00' witness-radius=21.39 subtree-nodes=968
[22:42:52.206] [38908] [I] SCOPY T1 frame=7558 bone-row1=(0.023,0.952,-0.304) orientation-delta-deg=23.3 witness-moved=8.65 moved-range=[0.50,12.64] slot=28 buffer-pre=sampled pre-rel=swung probe-effective=true
[22:42:52.206] [38908] [I] SCOPY T2 frame=7558 pass-geometry='Dress' numMatrices=71 frameID=7827 buffer-submit=sampled changed-since-T1=false submit-rel=swung
[22:42:52.206] [38908] [I] SCOPY T3 frame=7558 drawn=45 buffer-after-draw=sampled changed-since-T2=true final-rel=swung node-row1=(0.023,0.952,-0.304)
[22:42:52.206] [38908] [I] SCOPY T1c frame=7558 buffer=current slot=28 closest=bone-captured-T(2.10) next=bind(2.16) | buffer=previous slot=28 closest=bone-captured-T(2.09) next=bind(2.15)
[22:42:52.206] [38908] [I] SCOPY T3c frame=7558 buffer=current slot=28 closest=bone-captured-T(2.10) next=bind(2.16) | buffer=previous slot=28 closest=bone-captured-T(2.10) next=bind(2.16)
[22:42:52.346] [38908] [I] SCOPY T0 frame=7566 capture=2 bone='NPC Spine [Spn0]' skin='Dress' root='skeleton_female.nif' bone-origin=(1.2,-487.0,3.8) bone-row1=(0.021,0.995,0.098) witness='hdtSSEPhysics_AutoRename_Head_00000002 BDOr_H_PPW13_L1_08_00' witness-radius=21.39 subtree-nodes=968
[22:42:52.346] [38908] [I] SCOPY T1 frame=7566 bone-row1=(0.023,0.931,-0.364) orientation-delta-deg=27.0 witness-moved=9.99 moved-range=[0.50,12.64] slot=28 buffer-pre=sampled pre-rel=swung probe-effective=true
[22:42:52.346] [38908] [I] SCOPY T2 frame=7566 pass-geometry='Dress' numMatrices=71 frameID=7835 buffer-submit=sampled changed-since-T1=false submit-rel=swung
[22:42:52.346] [38908] [I] SCOPY T3 frame=7566 drawn=45 buffer-after-draw=sampled changed-since-T2=true final-rel=swung node-row1=(0.023,0.931,-0.364)
[22:42:52.346] [38908] [I] SCOPY T1c frame=7566 buffer=current slot=28 closest=bone-captured-T(2.15) next=bind(2.22) | buffer=previous slot=28 closest=bone-captured-T(2.15) next=bind(2.21)
[22:42:52.346] [38908] [I] SCOPY T3c frame=7566 buffer=current slot=28 closest=bone-captured-T(2.16) next=bind(2.22) | buffer=previous slot=28 closest=bone-captured-T(2.15) next=bind(2.22)
[22:42:52.487] [38908] [I] SCOPY T0 frame=7574 capture=2 bone='NPC Spine [Spn0]' skin='Dress' root='skeleton_female.nif' bone-origin=(1.2,-487.0,3.8) bone-row1=(0.021,0.995,0.098) witness='hdtSSEPhysics_AutoRename_Head_00000002 BDOr_H_PPW13_L1_08_00' witness-radius=21.39 subtree-nodes=968
[22:42:52.487] [38908] [I] SCOPY T1 frame=7574 bone-row1=(0.022,0.911,-0.412) orientation-delta-deg=30.0 witness-moved=11.07 moved-range=[0.50,12.64] slot=28 buffer-pre=sampled pre-rel=swung probe-effective=true
[22:42:52.487] [38908] [I] SCOPY T2 frame=7574 pass-geometry='Dress' numMatrices=71 frameID=7843 buffer-submit=sampled changed-since-T1=false submit-rel=swung
[22:42:52.487] [38908] [I] SCOPY T3 frame=7574 drawn=45 buffer-after-draw=sampled changed-since-T2=true final-rel=swung node-row1=(0.022,0.911,-0.412)
[22:42:52.487] [38908] [I] SCOPY T1c frame=7574 buffer=current slot=28 closest=bone-captured-T(2.20) next=bind(2.27) | buffer=previous slot=28 closest=bone-captured-T(2.20) next=bind(2.26)
[22:42:52.488] [38908] [I] SCOPY T3c frame=7574 buffer=current slot=28 closest=bone-captured-T(2.21) next=bind(2.27) | buffer=previous slot=28 closest=bone-captured-T(2.20) next=bind(2.27)
[22:42:52.630] [38908] [I] SCOPY T0 frame=7582 capture=2 bone='NPC Spine [Spn0]' skin='Dress' root='skeleton_female.nif' bone-origin=(1.2,-487.0,3.8) bone-row1=(0.021,0.995,0.098) witness='hdtSSEPhysics_AutoRename_Head_00000002 BDOr_H_PPW13_L1_08_00' witness-radius=21.39 subtree-nodes=968
[22:42:52.630] [38908] [I] SCOPY T1 frame=7582 bone-row1=(0.022,0.894,-0.448) orientation-delta-deg=32.3 witness-moved=11.88 moved-range=[0.50,12.64] slot=28 buffer-pre=sampled pre-rel=swung probe-effective=true
[22:42:52.630] [38908] [I] SCOPY T2 frame=7582 pass-geometry='Dress' numMatrices=71 frameID=7851 buffer-submit=sampled changed-since-T1=false submit-rel=swung
[22:42:52.630] [38908] [I] SCOPY T3 frame=7582 drawn=45 buffer-after-draw=sampled changed-since-T2=true final-rel=swung node-row1=(0.022,0.894,-0.448)
[22:42:52.630] [38908] [I] SCOPY T1c frame=7582 buffer=current slot=28 closest=bone-captured-T(2.24) next=bind(2.31) | buffer=previous slot=28 closest=bone-captured-T(2.24) next=bind(2.30)
[22:42:52.630] [38908] [I] SCOPY T3c frame=7582 buffer=current slot=28 closest=bone-captured-T(2.25) next=bind(2.31) | buffer=previous slot=28 closest=bone-captured-T(2.24) next=bind(2.31)
[22:42:52.771] [38908] [I] SCOPY T0 frame=7590 capture=2 bone='NPC Spine [Spn0]' skin='Dress' root='skeleton_female.nif' bone-origin=(1.2,-487.0,3.8) bone-row1=(0.021,0.995,0.098) witness='hdtSSEPhysics_AutoRename_Head_00000002 BDOr_H_PPW13_L1_08_00' witness-radius=21.39 subtree-nodes=968
[22:42:52.771] [38908] [I] SCOPY T1 frame=7590 bone-row1=(0.022,0.882,-0.470) orientation-delta-deg=33.7 witness-moved=12.41 moved-range=[0.50,12.64] slot=28 buffer-pre=sampled pre-rel=swung probe-effective=true
[22:42:52.771] [38908] [I] SCOPY T2 frame=7590 pass-geometry='Dress' numMatrices=71 frameID=7859 buffer-submit=sampled changed-since-T1=false submit-rel=swung
[22:42:52.771] [38908] [I] SCOPY T3 frame=7590 drawn=45 buffer-after-draw=sampled changed-since-T2=true final-rel=swung node-row1=(0.022,0.882,-0.470)
[22:42:52.771] [38908] [I] SCOPY T1c frame=7590 buffer=current slot=28 closest=bone-captured-T(2.27) next=bind(2.33) | buffer=previous slot=28 closest=bone-captured-T(2.27) next=bind(2.33)
[22:42:52.771] [38908] [I] SCOPY T3c frame=7590 buffer=current slot=28 closest=bone-captured-T(2.27) next=bind(2.33) | buffer=previous slot=28 closest=bone-captured-T(2.27) next=bind(2.33)
[22:42:52.912] [38908] [I] SCOPY T0 frame=7598 capture=2 bone='NPC Spine [Spn0]' skin='Dress' root='skeleton_female.nif' bone-origin=(1.2,-487.0,3.8) bone-row1=(0.021,0.995,0.098) witness='hdtSSEPhysics_AutoRename_Head_00000002 BDOr_H_PPW13_L1_08_00' witness-radius=21.39 subtree-nodes=968
[22:42:52.912] [38908] [I] SCOPY T1 frame=7598 bone-row1=(0.022,0.877,-0.480) orientation-delta-deg=34.4 witness-moved=12.64 moved-range=[0.50,12.64] slot=28 buffer-pre=sampled pre-rel=swung probe-effective=true
[22:42:52.912] [38908] [I] SCOPY T2 frame=7598 pass-geometry='Dress' numMatrices=71 frameID=7867 buffer-submit=sampled changed-since-T1=false submit-rel=swung
[22:42:52.912] [38908] [I] SCOPY T3 frame=7598 drawn=45 buffer-after-draw=sampled changed-since-T2=true final-rel=swung node-row1=(0.022,0.877,-0.480)
[22:42:52.912] [38908] [I] SCOPY T1c frame=7598 buffer=current slot=28 closest=bone-captured-T(2.28) next=bind(2.34) | buffer=previous slot=28 closest=bone-captured-T(2.28) next=bind(2.34)
[22:42:52.912] [38908] [I] SCOPY T3c frame=7598 buffer=current slot=28 closest=bone-captured-T(2.28) next=bind(2.34) | buffer=previous slot=28 closest=bone-captured-T(2.28) next=bind(2.34)
[22:42:53.053] [38908] [I] SCOPY T0 frame=7606 capture=2 bone='NPC Spine [Spn0]' skin='Dress' root='skeleton_female.nif' bone-origin=(1.2,-487.0,3.8) bone-row1=(0.021,0.995,0.098) witness='hdtSSEPhysics_AutoRename_Head_00000002 BDOr_H_PPW13_L1_08_00' witness-radius=21.39 subtree-nodes=968
[22:42:53.053] [38908] [I] SCOPY T1 frame=7606 bone-row1=(0.022,0.879,-0.477) orientation-delta-deg=34.1 witness-moved=12.56 moved-range=[0.50,12.64] slot=28 buffer-pre=sampled pre-rel=swung probe-effective=true
[22:42:53.053] [38908] [I] SCOPY T2 frame=7606 pass-geometry='Dress' numMatrices=71 frameID=7875 buffer-submit=sampled changed-since-T1=false submit-rel=swung
[22:42:53.053] [38908] [I] SCOPY T3 frame=7606 drawn=45 buffer-after-draw=sampled changed-since-T2=true final-rel=swung node-row1=(0.022,0.879,-0.477)
[22:42:53.053] [38908] [I] SCOPY T1c frame=7606 buffer=current slot=28 closest=bone-captured-T(2.28) next=bind(2.34) | buffer=previous slot=28 closest=bone-captured-T(2.28) next=bind(2.34)
[22:42:53.053] [38908] [I] SCOPY T3c frame=7606 buffer=current slot=28 closest=bone-captured-T(2.28) next=bind(2.34) | buffer=previous slot=28 closest=bone-captured-T(2.28) next=bind(2.34)
[22:42:53.194] [38908] [I] SCOPY T0 frame=7614 capture=2 bone='NPC Spine [Spn0]' skin='Dress' root='skeleton_female.nif' bone-origin=(1.2,-487.0,3.8) bone-row1=(0.021,0.995,0.098) witness='hdtSSEPhysics_AutoRename_Head_00000002 BDOr_H_PPW13_L1_08_00' witness-radius=21.39 subtree-nodes=968
[22:42:53.194] [38908] [I] SCOPY T1 frame=7614 bone-row1=(0.022,0.887,-0.461) orientation-delta-deg=33.1 witness-moved=12.18 moved-range=[0.50,12.64] slot=28 buffer-pre=sampled pre-rel=swung probe-effective=true
[22:42:53.194] [38908] [I] SCOPY T2 frame=7614 pass-geometry='Dress' numMatrices=71 frameID=7883 buffer-submit=sampled changed-since-T1=false submit-rel=swung
[22:42:53.194] [38908] [I] SCOPY T3 frame=7614 drawn=45 buffer-after-draw=sampled changed-since-T2=true final-rel=swung node-row1=(0.022,0.887,-0.461)
[22:42:53.194] [38908] [I] SCOPY T1c frame=7614 buffer=current slot=28 closest=bone-captured-T(2.26) next=bind(2.33) | buffer=previous slot=28 closest=bone-captured-T(2.27) next=bind(2.33)
[22:42:53.194] [38908] [I] SCOPY T3c frame=7614 buffer=current slot=28 closest=bone-captured-T(2.26) next=bind(2.32) | buffer=previous slot=28 closest=bone-captured-T(2.26) next=bind(2.33)
[22:42:53.336] [38908] [I] SCOPY T0 frame=7622 capture=2 bone='NPC Spine [Spn0]' skin='Dress' root='skeleton_female.nif' bone-origin=(1.2,-487.0,3.8) bone-row1=(0.021,0.995,0.098) witness='hdtSSEPhysics_AutoRename_Head_00000002 BDOr_H_PPW13_L1_08_00' witness-radius=21.39 subtree-nodes=968
[22:42:53.336] [38908] [I] SCOPY T1 frame=7622 bone-row1=(0.022,0.902,-0.432) orientation-delta-deg=31.2 witness-moved=11.51 moved-range=[0.50,12.64] slot=28 buffer-pre=sampled pre-rel=swung probe-effective=true
[22:42:53.336] [38908] [I] SCOPY T2 frame=7622 pass-geometry='Dress' numMatrices=71 frameID=7891 buffer-submit=sampled changed-since-T1=false submit-rel=swung
[22:42:53.336] [38908] [I] SCOPY T3 frame=7622 drawn=45 buffer-after-draw=sampled changed-since-T2=true final-rel=swung node-row1=(0.022,0.902,-0.432)
[22:42:53.336] [38908] [I] SCOPY T1c frame=7622 buffer=current slot=28 closest=bone-captured-T(2.23) next=bind(2.30) | buffer=previous slot=28 closest=bone-captured-T(2.24) next=bind(2.30)
[22:42:53.336] [38908] [I] SCOPY T3c frame=7622 buffer=current slot=28 closest=bone-captured-T(2.23) next=bind(2.29) | buffer=previous slot=28 closest=bone-captured-T(2.23) next=bind(2.30)
[22:42:53.477] [38908] [I] SCOPY T0 frame=7630 capture=2 bone='NPC Spine [Spn0]' skin='Dress' root='skeleton_female.nif' bone-origin=(1.2,-487.0,3.8) bone-row1=(0.021,0.995,0.098) witness='hdtSSEPhysics_AutoRename_Head_00000002 BDOr_H_PPW13_L1_08_00' witness-radius=21.39 subtree-nodes=968
[22:42:53.477] [38908] [I] SCOPY T1 frame=7630 bone-row1=(0.022,0.921,-0.390) orientation-delta-deg=28.6 witness-moved=10.56 moved-range=[0.50,12.64] slot=28 buffer-pre=sampled pre-rel=swung probe-effective=true
[22:42:53.477] [38908] [I] SCOPY T2 frame=7630 pass-geometry='Dress' numMatrices=71 frameID=7899 buffer-submit=sampled changed-since-T1=false submit-rel=swung
[22:42:53.477] [38908] [I] SCOPY T3 frame=7630 drawn=45 buffer-after-draw=sampled changed-since-T2=true final-rel=swung node-row1=(0.022,0.921,-0.390)
[22:42:53.477] [38908] [I] SCOPY T1c frame=7630 buffer=current slot=28 closest=bone-captured-T(2.19) next=bind(2.25) | buffer=previous slot=28 closest=bone-captured-T(2.20) next=bind(2.26)
[22:42:53.477] [38908] [I] SCOPY T3c frame=7630 buffer=current slot=28 closest=bone-captured-T(2.19) next=bind(2.25) | buffer=previous slot=28 closest=bone-captured-T(2.19) next=bind(2.25)
[22:42:53.618] [38908] [I] SCOPY T0 frame=7638 capture=2 bone='NPC Spine [Spn0]' skin='Dress' root='skeleton_female.nif' bone-origin=(1.2,-487.0,3.8) bone-row1=(0.021,0.995,0.098) witness='hdtSSEPhysics_AutoRename_Head_00000002 BDOr_H_PPW13_L1_08_00' witness-radius=21.39 subtree-nodes=968
[22:42:53.618] [38908] [I] SCOPY T1 frame=7638 bone-row1=(0.023,0.942,-0.335) orientation-delta-deg=25.2 witness-moved=9.35 moved-range=[0.50,12.64] slot=28 buffer-pre=sampled pre-rel=swung probe-effective=true
[22:42:53.618] [38908] [I] SCOPY T2 frame=7638 pass-geometry='Dress' numMatrices=71 frameID=7907 buffer-submit=sampled changed-since-T1=false submit-rel=swung
[22:42:53.618] [38908] [I] SCOPY T3 frame=7638 drawn=45 buffer-after-draw=sampled changed-since-T2=true final-rel=swung node-row1=(0.023,0.942,-0.335)
[22:42:53.618] [38908] [I] SCOPY T1c frame=7638 buffer=current slot=28 closest=bone-captured-T(2.14) next=bind(2.20) | buffer=previous slot=28 closest=bone-captured-T(2.15) next=bind(2.21)
[22:42:53.618] [38908] [I] SCOPY T3c frame=7638 buffer=current slot=28 closest=bone-captured-T(2.13) next=bind(2.19) | buffer=previous slot=28 closest=bone-captured-T(2.14) next=bind(2.20)
[22:42:53.759] [38908] [I] SCOPY T0 frame=7646 capture=2 bone='NPC Spine [Spn0]' skin='Dress' root='skeleton_female.nif' bone-origin=(1.2,-487.0,3.8) bone-row1=(0.021,0.995,0.098) witness='hdtSSEPhysics_AutoRename_Head_00000002 BDOr_H_PPW13_L1_08_00' witness-radius=21.39 subtree-nodes=968
[22:42:53.759] [38908] [I] SCOPY T1 frame=7646 bone-row1=(0.023,0.963,-0.269) orientation-delta-deg=21.3 witness-moved=7.90 moved-range=[0.50,12.64] slot=28 buffer-pre=sampled pre-rel=swung probe-effective=true
[22:42:53.759] [38908] [I] SCOPY T2 frame=7646 pass-geometry='Dress' numMatrices=71 frameID=7915 buffer-submit=sampled changed-since-T1=false submit-rel=swung
[22:42:53.759] [38908] [I] SCOPY T3 frame=7646 drawn=45 buffer-after-draw=sampled changed-since-T2=true final-rel=swung node-row1=(0.023,0.963,-0.269)
[22:42:53.759] [38908] [I] SCOPY T1c frame=7646 buffer=current slot=28 closest=bone-captured-T(2.08) next=bind(2.14) | buffer=previous slot=28 closest=bone-captured-T(2.09) next=bind(2.15)
[22:42:53.759] [38908] [I] SCOPY T3c frame=7646 buffer=current slot=28 closest=bone-captured-T(2.07) next=bind(2.13) | buffer=previous slot=28 closest=bone-captured-T(2.08) next=bind(2.14)
[22:42:53.900] [38908] [I] SCOPY T0 frame=7654 capture=2 bone='NPC Spine [Spn0]' skin='Dress' root='skeleton_female.nif' bone-origin=(1.2,-487.0,3.8) bone-row1=(0.021,0.995,0.098) witness='hdtSSEPhysics_AutoRename_Head_00000002 BDOr_H_PPW13_L1_08_00' witness-radius=21.39 subtree-nodes=968
[22:42:53.900] [38908] [I] SCOPY T1 frame=7654 bone-row1=(0.022,0.981,-0.193) orientation-delta-deg=16.8 witness-moved=6.25 moved-range=[0.50,12.64] slot=28 buffer-pre=sampled pre-rel=swung probe-effective=true
[22:42:53.900] [38908] [I] SCOPY T2 frame=7654 pass-geometry='Dress' numMatrices=71 frameID=7923 buffer-submit=sampled changed-since-T1=false submit-rel=swung
[22:42:53.900] [38908] [I] SCOPY T3 frame=7654 drawn=45 buffer-after-draw=sampled changed-since-T2=true final-rel=swung node-row1=(0.022,0.981,-0.193)
[22:42:53.900] [38908] [I] SCOPY T1c frame=7654 buffer=current slot=28 closest=bone-captured-T(2.06) next=bind(2.07) | buffer=previous slot=28 closest=bone-captured-T(2.06) next=bind(2.08)
[22:42:53.900] [38908] [I] SCOPY T3c frame=7654 buffer=current slot=28 closest=bind(2.06) next=bone-captured-T(2.07) | buffer=previous slot=28 closest=bone-captured-T(2.06) next=bind(2.07)
[22:42:54.042] [38908] [I] SCOPY T0 frame=7662 capture=2 bone='NPC Spine [Spn0]' skin='Dress' root='skeleton_female.nif' bone-origin=(1.2,-487.0,3.8) bone-row1=(0.021,0.995,0.098) witness='hdtSSEPhysics_AutoRename_Head_00000002 BDOr_H_PPW13_L1_08_00' witness-radius=21.39 subtree-nodes=968
[22:42:54.042] [38908] [I] SCOPY T1 frame=7662 bone-row1=(0.022,0.994,-0.109) orientation-delta-deg=11.9 witness-moved=4.44 moved-range=[0.50,12.64] slot=28 buffer-pre=sampled pre-rel=swung probe-effective=true
[22:42:54.042] [38908] [I] SCOPY T2 frame=7662 pass-geometry='Dress' numMatrices=71 frameID=7931 buffer-submit=sampled changed-since-T1=false submit-rel=swung
[22:42:54.042] [38908] [I] SCOPY T3 frame=7662 drawn=45 buffer-after-draw=sampled changed-since-T2=true final-rel=swung node-row1=(0.022,0.994,-0.109)
[22:42:54.042] [38908] [I] SCOPY T1c frame=7662 buffer=current slot=28 closest=bind(2.00) next=bone-world(2.09) | buffer=previous slot=28 closest=bind(2.01) next=bone-world(2.08)
[22:42:54.042] [38908] [I] SCOPY T3c frame=7662 buffer=current slot=28 closest=bind(2.00) next=bone-world(2.09) | buffer=previous slot=28 closest=bind(2.00) next=bone-world(2.09)
[22:42:54.182] [38908] [I] SCOPY T0 frame=7670 capture=2 bone='NPC Spine [Spn0]' skin='Dress' root='skeleton_female.nif' bone-origin=(1.2,-487.0,3.8) bone-row1=(0.021,0.995,0.098) witness='hdtSSEPhysics_AutoRename_Head_00000002 BDOr_H_PPW13_L1_08_00' witness-radius=21.39 subtree-nodes=968
[22:42:54.182] [38908] [I] SCOPY T1 frame=7670 bone-row1=(0.022,1.000,-0.018) orientation-delta-deg=6.7 witness-moved=2.50 moved-range=[0.50,12.64] slot=28 buffer-pre=sampled pre-rel=swung probe-effective=true
[22:42:54.182] [38908] [I] SCOPY T2 frame=7670 pass-geometry='Dress' numMatrices=71 frameID=7939 buffer-submit=sampled changed-since-T1=false submit-rel=swung
[22:42:54.182] [38908] [I] SCOPY T3 frame=7670 drawn=45 buffer-after-draw=sampled changed-since-T2=true final-rel=swung node-row1=(0.022,1.000,-0.018)
[22:42:54.182] [38908] [I] SCOPY T1c frame=7670 buffer=current slot=28 closest=bone-prev-frame(2.00) next=bone-world(2.00) | buffer=previous slot=28 closest=bone-prev-frame(1.99) next=bind(2.00)
[22:42:54.182] [38908] [I] SCOPY T3c frame=7670 buffer=current slot=28 closest=bone-world(1.99) next=bone-prev-frame(2.00) | buffer=previous slot=28 closest=bone-prev-frame(2.00) next=bone-world(2.00)
[22:42:54.305] [38908] [I] Clone draw: passes=45 rd-null=45 lights=3 | geoms=49 skinned=49 roots=2 num-mat=908 bone-count=941 bound=908
[22:42:54.305] [38908] [I] SCOPY DRAW frame=1321 passes=45 lights=true animation-driver=none physics-driver=none
[22:42:54.323] [38908] [I] SCOPY T0 frame=7678 capture=2 bone='NPC Spine [Spn0]' skin='Dress' root='skeleton_female.nif' bone-origin=(1.2,-487.0,3.8) bone-row1=(0.021,0.995,0.098) witness='hdtSSEPhysics_AutoRename_Head_00000002 BDOr_H_PPW13_L1_08_00' witness-radius=21.39 subtree-nodes=968
[22:42:54.323] [38908] [I] SCOPY T1 frame=7678 bone-row1=(0.021,0.997,0.075) orientation-delta-deg=1.3 witness-moved=0.50 moved-range=[0.50,12.64] slot=28 buffer-pre=sampled pre-rel=swung probe-effective=true
[22:42:54.323] [38908] [I] SCOPY T2 frame=7678 pass-geometry='Dress' numMatrices=71 frameID=7947 buffer-submit=sampled changed-since-T1=false submit-rel=swung
[22:42:54.323] [38908] [I] SCOPY T3 frame=7678 drawn=45 buffer-after-draw=sampled changed-since-T2=true final-rel=swung node-row1=(0.021,0.997,0.075)
[22:42:54.323] [38908] [I] SCOPY T1c frame=7678 buffer=current slot=28 closest=bind-x-world(2.03) next=world-x-bind(2.04) | buffer=previous slot=28 closest=bind-x-world(2.04) next=world-x-bind(2.04)
[22:42:54.323] [38908] [I] SCOPY T3c frame=7678 buffer=current slot=28 closest=bind-x-world(2.03) next=world-x-bind(2.03) | buffer=previous slot=28 closest=bind-x-world(2.03) next=world-x-bind(2.04)
[22:42:54.464] [38908] [I] SCOPY T0 frame=7686 capture=2 bone='NPC Spine [Spn0]' skin='Dress' root='skeleton_female.nif' bone-origin=(1.2,-487.0,3.8) bone-row1=(0.021,0.995,0.098) witness='hdtSSEPhysics_AutoRename_Head_00000002 BDOr_H_PPW13_L1_08_00' witness-radius=21.39 subtree-nodes=968
[22:42:54.464] [38908] [I] SCOPY T1 frame=7686 bone-row1=(0.020,0.986,0.168) orientation-delta-deg=4.0 witness-moved=1.51 moved-range=[0.50,12.64] slot=28 buffer-pre=sampled pre-rel=captured probe-effective=true
[22:42:54.464] [38908] [I] SCOPY T2 frame=7686 pass-geometry='Dress' numMatrices=71 frameID=7955 buffer-submit=sampled changed-since-T1=false submit-rel=captured
[22:42:54.464] [38908] [I] SCOPY T3 frame=7686 drawn=45 buffer-after-draw=sampled changed-since-T2=true final-rel=captured node-row1=(0.020,0.986,0.168)
[22:42:54.464] [38908] [I] SCOPY T1c frame=7686 buffer=current slot=28 closest=bind-T(1.98) next=captured-x-bind(2.02) | buffer=previous slot=28 closest=bind-T(1.99) next=captured-x-bind(2.03)
[22:42:54.464] [38908] [I] SCOPY T3c frame=7686 buffer=current slot=28 closest=bind-T(1.97) next=captured-x-bind(2.01) | buffer=previous slot=28 closest=bind-T(1.98) next=captured-x-bind(2.02)
[22:42:54.605] [38908] [I] SCOPY T0 frame=7694 capture=2 bone='NPC Spine [Spn0]' skin='Dress' root='skeleton_female.nif' bone-origin=(1.2,-487.0,3.8) bone-row1=(0.021,0.995,0.098) witness='hdtSSEPhysics_AutoRename_Head_00000002 BDOr_H_PPW13_L1_08_00' witness-radius=21.39 subtree-nodes=968
[22:42:54.605] [38908] [I] SCOPY T1 frame=7694 bone-row1=(0.019,0.966,0.259) orientation-delta-deg=9.3 witness-moved=3.48 moved-range=[0.50,12.64] slot=28 buffer-pre=sampled pre-rel=captured probe-effective=true
[22:42:54.605] [38908] [I] SCOPY T2 frame=7694 pass-geometry='Dress' numMatrices=71 frameID=7963 buffer-submit=sampled changed-since-T1=false submit-rel=captured
[22:42:54.605] [38908] [I] SCOPY T3 frame=7694 drawn=45 buffer-after-draw=sampled changed-since-T2=true final-rel=captured node-row1=(0.019,0.966,0.259)
[22:42:54.605] [38908] [I] SCOPY T1c frame=7694 buffer=current slot=28 closest=captured-x-bind(2.03) next=bind-T(2.04) | buffer=previous slot=28 closest=captured-x-bind(2.02) next=bind-T(2.03)
[22:42:54.605] [38908] [I] SCOPY T3c frame=7694 buffer=current slot=28 closest=bone-captured(2.04) next=captured-x-bind(2.04) | buffer=previous slot=28 closest=captured-x-bind(2.03) next=bind-T(2.04)
[22:42:54.747] [38908] [I] SCOPY T0 frame=7702 capture=2 bone='NPC Spine [Spn0]' skin='Dress' root='skeleton_female.nif' bone-origin=(1.2,-487.0,3.8) bone-row1=(0.021,0.995,0.098) witness='hdtSSEPhysics_AutoRename_Head_00000002 BDOr_H_PPW13_L1_08_00' witness-radius=21.39 subtree-nodes=968
[22:42:54.747] [38908] [I] SCOPY T1 frame=7702 bone-row1=(0.018,0.939,0.343) orientation-delta-deg=14.4 witness-moved=5.36 moved-range=[0.50,12.64] slot=28 buffer-pre=sampled pre-rel=captured probe-effective=true
[22:42:54.747] [38908] [I] SCOPY T2 frame=7702 pass-geometry='Dress' numMatrices=71 frameID=7971 buffer-submit=sampled changed-since-T1=false submit-rel=captured
[22:42:54.747] [38908] [I] SCOPY T3 frame=7702 drawn=45 buffer-after-draw=sampled changed-since-T2=true final-rel=captured node-row1=(0.018,0.939,0.343)
[22:42:54.747] [38908] [I] SCOPY T1c frame=7702 buffer=current slot=28 closest=bone-captured(2.01) next=captured-x-bind(2.11) | buffer=previous slot=28 closest=bone-captured(2.00) next=captured-x-bind(2.10)
[22:42:54.747] [38908] [I] SCOPY T3c frame=7702 buffer=current slot=28 closest=bone-captured(2.02) next=captured-x-bind(2.12) | buffer=previous slot=28 closest=bone-captured(2.01) next=captured-x-bind(2.11)
[22:42:54.888] [38908] [I] SCOPY T0 frame=7710 capture=2 bone='NPC Spine [Spn0]' skin='Dress' root='skeleton_female.nif' bone-origin=(1.2,-487.0,3.8) bone-row1=(0.021,0.995,0.098) witness='hdtSSEPhysics_AutoRename_Head_00000002 BDOr_H_PPW13_L1_08_00' witness-radius=21.39 subtree-nodes=968
[22:42:54.888] [38908] [I] SCOPY T1 frame=7710 bone-row1=(0.017,0.908,0.419) orientation-delta-deg=19.1 witness-moved=7.10 moved-range=[0.50,12.64] slot=28 buffer-pre=sampled pre-rel=captured probe-effective=true
[22:42:54.888] [38908] [I] SCOPY T2 frame=7710 pass-geometry='Dress' numMatrices=71 frameID=7979 buffer-submit=sampled changed-since-T1=false submit-rel=captured
[22:42:54.888] [38908] [I] SCOPY T3 frame=7710 drawn=45 buffer-after-draw=sampled changed-since-T2=true final-rel=captured node-row1=(0.017,0.908,0.419)
[22:42:54.888] [38908] [I] SCOPY T1c frame=7710 buffer=current slot=28 closest=bone-captured(2.09) next=captured-x-bind(2.18) | buffer=previous slot=28 closest=bone-captured(2.08) next=captured-x-bind(2.17)
[22:42:54.888] [38908] [I] SCOPY T3c frame=7710 buffer=current slot=28 closest=bone-captured(2.10) next=captured-x-bind(2.19) | buffer=previous slot=28 closest=bone-captured(2.09) next=captured-x-bind(2.18)
[22:42:55.029] [38908] [I] SCOPY T0 frame=7718 capture=2 bone='NPC Spine [Spn0]' skin='Dress' root='skeleton_female.nif' bone-origin=(1.2,-487.0,3.8) bone-row1=(0.021,0.995,0.098) witness='hdtSSEPhysics_AutoRename_Head_00000002 BDOr_H_PPW13_L1_08_00' witness-radius=21.39 subtree-nodes=968
[22:42:55.029] [38908] [I] SCOPY T1 frame=7718 bone-row1=(0.016,0.875,0.485) orientation-delta-deg=23.3 witness-moved=8.65 moved-range=[0.50,12.64] slot=28 buffer-pre=sampled pre-rel=captured probe-effective=true
[22:42:55.029] [38908] [I] SCOPY T2 frame=7718 pass-geometry='Dress' numMatrices=71 frameID=7987 buffer-submit=sampled changed-since-T1=false submit-rel=captured
[22:42:55.029] [38908] [I] SCOPY T3 frame=7718 drawn=45 buffer-after-draw=sampled changed-since-T2=true final-rel=captured node-row1=(0.016,0.875,0.485)
[22:42:55.029] [38908] [I] SCOPY T1c frame=7718 buffer=current slot=28 closest=bone-captured(2.16) next=captured-x-bind(2.25) | buffer=previous slot=28 closest=bone-captured(2.15) next=captured-x-bind(2.24)
[22:42:55.029] [38908] [I] SCOPY T3c frame=7718 buffer=current slot=28 closest=bone-captured(2.17) next=captured-x-bind(2.26) | buffer=previous slot=28 closest=bone-captured(2.16) next=captured-x-bind(2.25)
[22:42:55.171] [38908] [I] SCOPY T0 frame=7726 capture=2 bone='NPC Spine [Spn0]' skin='Dress' root='skeleton_female.nif' bone-origin=(1.2,-487.0,3.8) bone-row1=(0.021,0.995,0.098) witness='hdtSSEPhysics_AutoRename_Head_00000002 BDOr_H_PPW13_L1_08_00' witness-radius=21.39 subtree-nodes=968
[22:42:55.171] [38908] [I] SCOPY T1 frame=7726 bone-row1=(0.015,0.842,0.539) orientation-delta-deg=27.0 witness-moved=9.99 moved-range=[0.50,12.64] slot=28 buffer-pre=sampled pre-rel=captured probe-effective=true
[22:42:55.171] [38908] [I] SCOPY T2 frame=7726 pass-geometry='Dress' numMatrices=71 frameID=7995 buffer-submit=sampled changed-since-T1=false submit-rel=captured
[22:42:55.171] [38908] [I] SCOPY T3 frame=7726 drawn=45 buffer-after-draw=sampled changed-since-T2=true final-rel=captured node-row1=(0.015,0.842,0.539)
[22:42:55.171] [38908] [I] SCOPY T1c frame=7726 buffer=current slot=28 closest=bone-captured(2.22) next=captured-x-bind(2.31) | buffer=previous slot=28 closest=bone-captured(2.21) next=captured-x-bind(2.31)
[22:42:55.171] [38908] [I] SCOPY T3c frame=7726 buffer=current slot=28 closest=bone-captured(2.23) next=captured-x-bind(2.32) | buffer=previous slot=28 closest=bone-captured(2.22) next=captured-x-bind(2.31)
[22:42:55.315] [38908] [I] SCOPY T0 frame=7734 capture=2 bone='NPC Spine [Spn0]' skin='Dress' root='skeleton_female.nif' bone-origin=(1.2,-487.0,3.8) bone-row1=(0.021,0.995,0.098) witness='hdtSSEPhysics_AutoRename_Head_00000002 BDOr_H_PPW13_L1_08_00' witness-radius=21.39 subtree-nodes=968
[22:42:55.315] [38908] [I] SCOPY T1 frame=7734 bone-row1=(0.014,0.813,0.583) orientation-delta-deg=30.0 witness-moved=11.07 moved-range=[0.50,12.64] slot=28 buffer-pre=sampled pre-rel=captured probe-effective=true
[22:42:55.315] [38908] [I] SCOPY T2 frame=7734 pass-geometry='Dress' numMatrices=71 frameID=8003 buffer-submit=sampled changed-since-T1=false submit-rel=captured
[22:42:55.315] [38908] [I] SCOPY T3 frame=7734 drawn=45 buffer-after-draw=sampled changed-since-T2=true final-rel=captured node-row1=(0.014,0.813,0.583)
[22:42:55.315] [38908] [I] SCOPY T1c frame=7734 buffer=current slot=28 closest=bone-captured(2.27) next=captured-x-bind(2.36) | buffer=previous slot=28 closest=bone-captured(2.26) next=captured-x-bind(2.36)
[22:42:55.315] [38908] [I] SCOPY T3c frame=7734 buffer=current slot=28 closest=bone-captured(2.28) next=captured-x-bind(2.37) | buffer=previous slot=28 closest=bone-captured(2.27) next=captured-x-bind(2.36)
[22:42:55.458] [38908] [I] SCOPY T0 frame=7742 capture=2 bone='NPC Spine [Spn0]' skin='Dress' root='skeleton_female.nif' bone-origin=(1.2,-487.0,3.8) bone-row1=(0.021,0.995,0.098) witness='hdtSSEPhysics_AutoRename_Head_00000002 BDOr_H_PPW13_L1_08_00' witness-radius=21.39 subtree-nodes=968
[22:42:55.458] [38908] [I] SCOPY T1 frame=7742 bone-row1=(0.013,0.789,0.614) orientation-delta-deg=32.3 witness-moved=11.88 moved-range=[0.50,12.64] slot=28 buffer-pre=sampled pre-rel=captured probe-effective=true
[22:42:55.458] [38908] [I] SCOPY T2 frame=7742 pass-geometry='Dress' numMatrices=71 frameID=8011 buffer-submit=sampled changed-since-T1=false submit-rel=captured
[22:42:55.458] [38908] [I] SCOPY T3 frame=7742 drawn=45 buffer-after-draw=sampled changed-since-T2=true final-rel=captured node-row1=(0.013,0.789,0.614)
[22:42:55.458] [38908] [I] SCOPY T1c frame=7742 buffer=current slot=28 closest=bone-captured(2.31) next=captured-x-bind(2.40) | buffer=previous slot=28 closest=bone-captured(2.31) next=captured-x-bind(2.40)
[22:42:55.458] [38908] [I] SCOPY T3c frame=7742 buffer=current slot=28 closest=bone-captured(2.31) next=captured-x-bind(2.41) | buffer=previous slot=28 closest=bone-captured(2.31) next=captured-x-bind(2.40)
[22:42:55.598] [38908] [I] SCOPY T0 frame=7750 capture=2 bone='NPC Spine [Spn0]' skin='Dress' root='skeleton_female.nif' bone-origin=(1.2,-487.0,3.8) bone-row1=(0.021,0.995,0.098) witness='hdtSSEPhysics_AutoRename_Head_00000002 BDOr_H_PPW13_L1_08_00' witness-radius=21.39 subtree-nodes=968
[22:42:55.598] [38908] [I] SCOPY T1 frame=7750 bone-row1=(0.013,0.773,0.634) orientation-delta-deg=33.7 witness-moved=12.41 moved-range=[0.50,12.64] slot=28 buffer-pre=sampled pre-rel=captured probe-effective=true
[22:42:55.598] [38908] [I] SCOPY T2 frame=7750 pass-geometry='Dress' numMatrices=71 frameID=8019 buffer-submit=sampled changed-since-T1=false submit-rel=captured
[22:42:55.598] [38908] [I] SCOPY T3 frame=7750 drawn=45 buffer-after-draw=sampled changed-since-T2=true final-rel=captured node-row1=(0.013,0.773,0.634)
[22:42:55.598] [38908] [I] SCOPY T1c frame=7750 buffer=current slot=28 closest=bone-captured(2.34) next=captured-x-bind(2.43) | buffer=previous slot=28 closest=bone-captured(2.33) next=captured-x-bind(2.43)
[22:42:55.598] [38908] [I] SCOPY T3c frame=7750 buffer=current slot=28 closest=bone-captured(2.34) next=captured-x-bind(2.43) | buffer=previous slot=28 closest=bone-captured(2.34) next=captured-x-bind(2.43)
[22:42:55.739] [38908] [I] SCOPY T0 frame=7758 capture=2 bone='NPC Spine [Spn0]' skin='Dress' root='skeleton_female.nif' bone-origin=(1.2,-487.0,3.8) bone-row1=(0.021,0.995,0.098) witness='hdtSSEPhysics_AutoRename_Head_00000002 BDOr_H_PPW13_L1_08_00' witness-radius=21.39 subtree-nodes=968
[22:42:55.739] [38908] [I] SCOPY T1 frame=7758 bone-row1=(0.012,0.766,0.643) orientation-delta-deg=34.4 witness-moved=12.64 moved-range=[0.50,12.64] slot=28 buffer-pre=sampled pre-rel=captured probe-effective=true
[22:42:55.739] [38908] [I] SCOPY T2 frame=7758 pass-geometry='Dress' numMatrices=71 frameID=8027 buffer-submit=sampled changed-since-T1=false submit-rel=captured
[22:42:55.739] [38908] [I] SCOPY T3 frame=7758 drawn=45 buffer-after-draw=sampled changed-since-T2=true final-rel=captured node-row1=(0.012,0.766,0.643)
[22:42:55.739] [38908] [I] SCOPY T1c frame=7758 buffer=current slot=28 closest=bone-captured(2.35) next=captured-x-bind(2.44) | buffer=previous slot=28 closest=bone-captured(2.35) next=captured-x-bind(2.44)
[22:42:55.739] [38908] [I] SCOPY T3c frame=7758 buffer=current slot=28 closest=bone-captured(2.35) next=captured-x-bind(2.44) | buffer=previous slot=28 closest=bone-captured(2.35) next=captured-x-bind(2.44)
[22:42:55.882] [38908] [I] SCOPY T0 frame=7766 capture=2 bone='NPC Spine [Spn0]' skin='Dress' root='skeleton_female.nif' bone-origin=(1.2,-487.0,3.8) bone-row1=(0.021,0.995,0.098) witness='hdtSSEPhysics_AutoRename_Head_00000002 BDOr_H_PPW13_L1_08_00' witness-radius=21.39 subtree-nodes=968
[22:42:55.882] [38908] [I] SCOPY T1 frame=7766 bone-row1=(0.012,0.768,0.640) orientation-delta-deg=34.1 witness-moved=12.56 moved-range=[0.50,12.64] slot=28 buffer-pre=sampled pre-rel=captured probe-effective=true
[22:42:55.882] [38908] [I] SCOPY T2 frame=7766 pass-geometry='Dress' numMatrices=71 frameID=8035 buffer-submit=sampled changed-since-T1=false submit-rel=captured
[22:42:55.882] [38908] [I] SCOPY T3 frame=7766 drawn=45 buffer-after-draw=sampled changed-since-T2=true final-rel=captured node-row1=(0.012,0.768,0.640)
[22:42:55.882] [38908] [I] SCOPY T1c frame=7766 buffer=current slot=28 closest=bone-captured(2.35) next=captured-x-bind(2.44) | buffer=previous slot=28 closest=bone-captured(2.35) next=captured-x-bind(2.44)
[22:42:55.882] [38908] [I] SCOPY T3c frame=7766 buffer=current slot=28 closest=bone-captured(2.35) next=captured-x-bind(2.44) | buffer=previous slot=28 closest=bone-captured(2.35) next=captured-x-bind(2.44)
[22:42:56.023] [38908] [I] SCOPY T0 frame=7774 capture=2 bone='NPC Spine [Spn0]' skin='Dress' root='skeleton_female.nif' bone-origin=(1.2,-487.0,3.8) bone-row1=(0.021,0.995,0.098) witness='hdtSSEPhysics_AutoRename_Head_00000002 BDOr_H_PPW13_L1_08_00' witness-radius=21.39 subtree-nodes=968
[22:42:56.023] [38908] [I] SCOPY T1 frame=7774 bone-row1=(0.013,0.780,0.626) orientation-delta-deg=33.1 witness-moved=12.18 moved-range=[0.50,12.64] slot=28 buffer-pre=sampled pre-rel=captured probe-effective=true
[22:42:56.023] [38908] [I] SCOPY T2 frame=7774 pass-geometry='Dress' numMatrices=71 frameID=8043 buffer-submit=sampled changed-since-T1=false submit-rel=captured
[22:42:56.023] [38908] [I] SCOPY T3 frame=7774 drawn=45 buffer-after-draw=sampled changed-since-T2=true final-rel=captured node-row1=(0.013,0.780,0.626)
[22:42:56.023] [38908] [I] SCOPY T1c frame=7774 buffer=current slot=28 closest=bone-captured(2.33) next=captured-x-bind(2.43) | buffer=previous slot=28 closest=bone-captured(2.33) next=captured-x-bind(2.43)
[22:42:56.023] [38908] [I] SCOPY T3c frame=7774 buffer=current slot=28 closest=bone-captured(2.33) next=captured-x-bind(2.42) | buffer=previous slot=28 closest=bone-captured(2.33) next=captured-x-bind(2.43)
[22:42:56.166] [38908] [I] SCOPY T0 frame=7782 capture=2 bone='NPC Spine [Spn0]' skin='Dress' root='skeleton_female.nif' bone-origin=(1.2,-487.0,3.8) bone-row1=(0.021,0.995,0.098) witness='hdtSSEPhysics_AutoRename_Head_00000002 BDOr_H_PPW13_L1_08_00' witness-radius=21.39 subtree-nodes=968
[22:42:56.166] [38908] [I] SCOPY T1 frame=7782 bone-row1=(0.013,0.800,0.600) orientation-delta-deg=31.2 witness-moved=11.51 moved-range=[0.50,12.64] slot=28 buffer-pre=sampled pre-rel=captured probe-effective=true
[22:42:56.166] [38908] [I] SCOPY T2 frame=7782 pass-geometry='Dress' numMatrices=71 frameID=8051 buffer-submit=sampled changed-since-T1=false submit-rel=captured
[22:42:56.166] [38908] [I] SCOPY T3 frame=7782 drawn=45 buffer-after-draw=sampled changed-since-T2=true final-rel=captured node-row1=(0.013,0.800,0.600)
[22:42:56.166] [38908] [I] SCOPY T1c frame=7782 buffer=current slot=28 closest=bone-captured(2.30) next=captured-x-bind(2.40) | buffer=previous slot=28 closest=bone-captured(2.31) next=captured-x-bind(2.40)
[22:42:56.166] [38908] [I] SCOPY T3c frame=7782 buffer=current slot=28 closest=bone-captured(2.30) next=captured-x-bind(2.39) | buffer=previous slot=28 closest=bone-captured(2.30) next=captured-x-bind(2.40)
[22:42:56.307] [38908] [I] SCOPY T0 frame=7790 capture=2 bone='NPC Spine [Spn0]' skin='Dress' root='skeleton_female.nif' bone-origin=(1.2,-487.0,3.8) bone-row1=(0.021,0.995,0.098) witness='hdtSSEPhysics_AutoRename_Head_00000002 BDOr_H_PPW13_L1_08_00' witness-radius=21.39 subtree-nodes=968
[22:42:56.307] [38908] [I] SCOPY T1 frame=7790 bone-row1=(0.014,0.827,0.563) orientation-delta-deg=28.6 witness-moved=10.56 moved-range=[0.50,12.64] slot=28 buffer-pre=sampled pre-rel=captured probe-effective=true
[22:42:56.307] [38908] [I] SCOPY T2 frame=7790 pass-geometry='Dress' numMatrices=71 frameID=8059 buffer-submit=sampled changed-since-T1=false submit-rel=captured
[22:42:56.307] [38908] [I] SCOPY T3 frame=7790 drawn=45 buffer-after-draw=sampled changed-since-T2=true final-rel=captured node-row1=(0.014,0.827,0.563)
[22:42:56.307] [38908] [I] SCOPY T1c frame=7790 buffer=current slot=28 closest=bone-captured(2.26) next=captured-x-bind(2.35) | buffer=previous slot=28 closest=bone-captured(2.26) next=captured-x-bind(2.36)
[22:42:56.307] [38908] [I] SCOPY T3c frame=7790 buffer=current slot=28 closest=bone-captured(2.25) next=captured-x-bind(2.35) | buffer=previous slot=28 closest=bone-captured(2.26) next=captured-x-bind(2.35)
[22:42:56.432] [38908] [I] Clone draw: passes=45 rd-null=45 lights=3 | geoms=49 skinned=49 roots=2 num-mat=908 bone-count=941 bound=908
[22:42:56.432] [38908] [I] SCOPY DRAW frame=1441 passes=45 lights=true animation-driver=none physics-driver=none
[22:42:56.450] [38908] [I] SCOPY T0 frame=7798 capture=2 bone='NPC Spine [Spn0]' skin='Dress' root='skeleton_female.nif' bone-origin=(1.2,-487.0,3.8) bone-row1=(0.021,0.995,0.098) witness='hdtSSEPhysics_AutoRename_Head_00000002 BDOr_H_PPW13_L1_08_00' witness-radius=21.39 subtree-nodes=968
[22:42:56.450] [38908] [I] SCOPY T1 frame=7798 bone-row1=(0.015,0.858,0.513) orientation-delta-deg=25.2 witness-moved=9.35 moved-range=[0.50,12.64] slot=28 buffer-pre=sampled pre-rel=captured probe-effective=true
[22:42:56.450] [38908] [I] SCOPY T2 frame=7798 pass-geometry='Dress' numMatrices=71 frameID=8067 buffer-submit=sampled changed-since-T1=false submit-rel=captured
[22:42:56.450] [38908] [I] SCOPY T3 frame=7798 drawn=45 buffer-after-draw=sampled changed-since-T2=true final-rel=captured node-row1=(0.015,0.858,0.513)
[22:42:56.450] [38908] [I] SCOPY T1c frame=7798 buffer=current slot=28 closest=bone-captured(2.20) next=captured-x-bind(2.30) | buffer=previous slot=28 closest=bone-captured(2.21) next=captured-x-bind(2.31)
[22:42:56.450] [38908] [I] SCOPY T3c frame=7798 buffer=current slot=28 closest=bone-captured(2.20) next=captured-x-bind(2.29) | buffer=previous slot=28 closest=bone-captured(2.20) next=captured-x-bind(2.30)
[22:42:56.592] [38908] [I] SCOPY T0 frame=7806 capture=2 bone='NPC Spine [Spn0]' skin='Dress' root='skeleton_female.nif' bone-origin=(1.2,-487.0,3.8) bone-row1=(0.021,0.995,0.098) witness='hdtSSEPhysics_AutoRename_Head_00000002 BDOr_H_PPW13_L1_08_00' witness-radius=21.39 subtree-nodes=968
[22:42:56.592] [38908] [I] SCOPY T1 frame=7806 bone-row1=(0.016,0.891,0.453) orientation-delta-deg=21.3 witness-moved=7.90 moved-range=[0.50,12.64] slot=28 buffer-pre=sampled pre-rel=captured probe-effective=true
[22:42:56.592] [38908] [I] SCOPY T2 frame=7806 pass-geometry='Dress' numMatrices=71 frameID=8075 buffer-submit=sampled changed-since-T1=false submit-rel=captured
[22:42:56.592] [38908] [I] SCOPY T3 frame=7806 drawn=45 buffer-after-draw=sampled changed-since-T2=true final-rel=captured node-row1=(0.016,0.891,0.453)
[22:42:56.592] [38908] [I] SCOPY T1c frame=7806 buffer=current slot=28 closest=bone-captured(2.14) next=captured-x-bind(2.23) | buffer=previous slot=28 closest=bone-captured(2.15) next=captured-x-bind(2.24)
[22:42:56.592] [38908] [I] SCOPY T3c frame=7806 buffer=current slot=28 closest=bone-captured(2.13) next=captured-x-bind(2.23) | buffer=previous slot=28 closest=bone-captured(2.14) next=captured-x-bind(2.23)
[22:42:56.734] [38908] [I] SCOPY T0 frame=7814 capture=2 bone='NPC Spine [Spn0]' skin='Dress' root='skeleton_female.nif' bone-origin=(1.2,-487.0,3.8) bone-row1=(0.021,0.995,0.098) witness='hdtSSEPhysics_AutoRename_Head_00000002 BDOr_H_PPW13_L1_08_00' witness-radius=21.39 subtree-nodes=968
[22:42:56.734] [38908] [I] SCOPY T1 frame=7814 bone-row1=(0.017,0.924,0.382) orientation-delta-deg=16.8 witness-moved=6.25 moved-range=[0.50,12.64] slot=28 buffer-pre=sampled pre-rel=captured probe-effective=true
[22:42:56.734] [38908] [I] SCOPY T2 frame=7814 pass-geometry='Dress' numMatrices=71 frameID=8083 buffer-submit=sampled changed-since-T1=false submit-rel=captured
[22:42:56.734] [38908] [I] SCOPY T3 frame=7814 drawn=45 buffer-after-draw=sampled changed-since-T2=true final-rel=captured node-row1=(0.017,0.924,0.382)
[22:42:56.734] [38908] [I] SCOPY T1c frame=7814 buffer=current slot=28 closest=bone-captured(2.07) next=captured-x-bind(2.16) | buffer=previous slot=28 closest=bone-captured(2.08) next=captured-x-bind(2.17)
[22:42:56.734] [38908] [I] SCOPY T3c frame=7814 buffer=current slot=28 closest=bone-captured(2.06) next=captured-x-bind(2.15) | buffer=previous slot=28 closest=bone-captured(2.07) next=captured-x-bind(2.16)
[22:42:56.877] [38908] [I] SCOPY T0 frame=7822 capture=2 bone='NPC Spine [Spn0]' skin='Dress' root='skeleton_female.nif' bone-origin=(1.2,-487.0,3.8) bone-row1=(0.021,0.995,0.098) witness='hdtSSEPhysics_AutoRename_Head_00000002 BDOr_H_PPW13_L1_08_00' witness-radius=21.39 subtree-nodes=968
[22:42:56.877] [38908] [I] SCOPY T1 frame=7822 bone-row1=(0.019,0.953,0.302) orientation-delta-deg=11.9 witness-moved=4.44 moved-range=[0.50,12.64] slot=28 buffer-pre=sampled pre-rel=captured probe-effective=true
[22:42:56.877] [38908] [I] SCOPY T2 frame=7822 pass-geometry='Dress' numMatrices=71 frameID=8091 buffer-submit=sampled changed-since-T1=false submit-rel=captured
[22:42:56.877] [38908] [I] SCOPY T3 frame=7822 drawn=45 buffer-after-draw=sampled changed-since-T2=true final-rel=captured node-row1=(0.019,0.953,0.302)
[22:42:56.877] [38908] [I] SCOPY T1c frame=7822 buffer=current slot=28 closest=bone-captured(2.01) next=captured-x-bind(2.09) | buffer=previous slot=28 closest=bone-captured(2.00) next=captured-x-bind(2.10)
[22:42:56.877] [38908] [I] SCOPY T3c frame=7822 buffer=current slot=28 closest=bone-captured(2.02) next=captured-x-bind(2.08) | buffer=previous slot=28 closest=bone-captured(2.01) next=captured-x-bind(2.09)
[22:42:57.017] [38908] [I] SCOPY T0 frame=7830 capture=2 bone='NPC Spine [Spn0]' skin='Dress' root='skeleton_female.nif' bone-origin=(1.2,-487.0,3.8) bone-row1=(0.021,0.995,0.098) witness='hdtSSEPhysics_AutoRename_Head_00000002 BDOr_H_PPW13_L1_08_00' witness-radius=21.39 subtree-nodes=968
[22:42:57.017] [38908] [I] SCOPY T1 frame=7830 bone-row1=(0.020,0.977,0.214) orientation-delta-deg=6.7 witness-moved=2.50 moved-range=[0.50,12.64] slot=28 buffer-pre=sampled pre-rel=captured probe-effective=true
[22:42:57.017] [38908] [I] SCOPY T2 frame=7830 pass-geometry='Dress' numMatrices=71 frameID=8099 buffer-submit=sampled changed-since-T1=false submit-rel=captured
[22:42:57.017] [38908] [I] SCOPY T3 frame=7830 drawn=45 buffer-after-draw=sampled changed-since-T2=true final-rel=captured node-row1=(0.020,0.977,0.214)
[22:42:57.017] [38908] [I] SCOPY T1c frame=7830 buffer=current slot=28 closest=captured-x-bind(2.01) next=bind-T(2.02) | buffer=previous slot=28 closest=captured-x-bind(2.02) next=bind-T(2.03)
[22:42:57.017] [38908] [I] SCOPY T3c frame=7830 buffer=current slot=28 closest=captured-x-bind(2.00) next=bind-T(2.01) | buffer=previous slot=28 closest=captured-x-bind(2.01) next=bind-T(2.02)
[22:42:57.159] [38908] [I] SCOPY T0 frame=7838 capture=2 bone='NPC Spine [Spn0]' skin='Dress' root='skeleton_female.nif' bone-origin=(1.2,-487.0,3.8) bone-row1=(0.021,0.995,0.098) witness='hdtSSEPhysics_AutoRename_Head_00000002 BDOr_H_PPW13_L1_08_00' witness-radius=21.39 subtree-nodes=968
[22:42:57.159] [38908] [I] SCOPY T1 frame=7838 bone-row1=(0.021,0.992,0.122) orientation-delta-deg=1.3 witness-moved=0.50 moved-range=[0.50,12.64] slot=28 buffer-pre=sampled pre-rel=captured probe-effective=true
[22:42:57.159] [38908] [I] SCOPY T2 frame=7838 pass-geometry='Dress' numMatrices=71 frameID=8107 buffer-submit=sampled changed-since-T1=false submit-rel=captured
[22:42:57.159] [38908] [I] SCOPY T3 frame=7838 drawn=45 buffer-after-draw=sampled changed-since-T2=true final-rel=captured node-row1=(0.021,0.992,0.122)
[22:42:57.159] [38908] [I] SCOPY T1c frame=7838 buffer=current slot=28 closest=bind-T(2.00) next=captured-x-bind(2.03) | buffer=previous slot=28 closest=bind-T(1.99) next=captured-x-bind(2.03)
[22:42:57.159] [38908] [I] SCOPY T3c frame=7838 buffer=current slot=28 closest=bind-T(2.00) next=captured-x-bind(2.04) | buffer=previous slot=28 closest=bind-T(2.00) next=captured-x-bind(2.03)
[22:42:57.300] [38908] [I] SCOPY T0 frame=7846 capture=2 bone='NPC Spine [Spn0]' skin='Dress' root='skeleton_female.nif' bone-origin=(1.2,-487.0,3.8) bone-row1=(0.021,0.995,0.098) witness='hdtSSEPhysics_AutoRename_Head_00000002 BDOr_H_PPW13_L1_08_00' witness-radius=21.39 subtree-nodes=968
[22:42:57.300] [38908] [I] SCOPY T1 frame=7846 bone-row1=(0.021,0.999,0.028) orientation-delta-deg=4.0 witness-moved=1.51 moved-range=[0.50,12.64] slot=28 buffer-pre=sampled pre-rel=swung probe-effective=true
[22:42:57.300] [38908] [I] SCOPY T2 frame=7846 pass-geometry='Dress' numMatrices=71 frameID=8115 buffer-submit=sampled changed-since-T1=false submit-rel=swung
[22:42:57.300] [38908] [I] SCOPY T3 frame=7846 drawn=45 buffer-after-draw=sampled changed-since-T2=true final-rel=swung node-row1=(0.021,0.999,0.028)
[22:42:57.300] [38908] [I] SCOPY T1c frame=7846 buffer=current slot=28 closest=bind-x-world(2.01) next=world-x-bind(2.02) | buffer=previous slot=28 closest=bind-x-world(2.02) next=world-x-bind(2.02)
[22:42:57.300] [38908] [I] SCOPY T3c frame=7846 buffer=current slot=28 closest=bind-x-world(2.01) next=world-x-bind(2.01) | buffer=previous slot=28 closest=bind-x-world(2.01) next=world-x-bind(2.02)
[22:42:57.450] [38908] [I] SCOPY T0 frame=7854 capture=2 bone='NPC Spine [Spn0]' skin='Dress' root='skeleton_female.nif' bone-origin=(1.2,-487.0,3.8) bone-row1=(0.021,0.995,0.098) witness='hdtSSEPhysics_AutoRename_Head_00000002 BDOr_H_PPW13_L1_08_00' witness-radius=21.39 subtree-nodes=968
[22:42:57.450] [38908] [I] SCOPY T1 frame=7854 bone-row1=(0.022,0.998,-0.064) orientation-delta-deg=9.3 witness-moved=3.48 moved-range=[0.50,12.64] slot=28 buffer-pre=sampled pre-rel=swung probe-effective=true
[22:42:57.450] [38908] [I] SCOPY T2 frame=7854 pass-geometry='Dress' numMatrices=71 frameID=8123 buffer-submit=sampled changed-since-T1=false submit-rel=swung
[22:42:57.450] [38908] [I] SCOPY T3 frame=7854 drawn=45 buffer-after-draw=sampled changed-since-T2=true final-rel=swung node-row1=(0.022,0.998,-0.064)
[22:42:57.450] [38908] [I] SCOPY T1c frame=7854 buffer=current slot=28 closest=bind(1.99) next=bone-prev-frame(2.02) | buffer=previous slot=28 closest=bind(2.00) next=bone-prev-frame(2.03)
[22:42:57.450] [38908] [I] SCOPY T3c frame=7854 buffer=current slot=28 closest=bind(1.98) next=bone-prev-frame(2.02) | buffer=previous slot=28 closest=bind(1.99) next=bone-prev-frame(2.02)
[22:42:57.589] [38908] [I] SCOPY T0 frame=7862 capture=2 bone='NPC Spine [Spn0]' skin='Dress' root='skeleton_female.nif' bone-origin=(1.2,-487.0,3.8) bone-row1=(0.021,0.995,0.098) witness='hdtSSEPhysics_AutoRename_Head_00000002 BDOr_H_PPW13_L1_08_00' witness-radius=21.39 subtree-nodes=968
[22:42:57.589] [38908] [I] SCOPY T1 frame=7862 bone-row1=(0.022,0.988,-0.152) orientation-delta-deg=14.4 witness-moved=5.36 moved-range=[0.50,12.64] slot=28 buffer-pre=sampled pre-rel=swung probe-effective=true
[22:42:57.589] [38908] [I] SCOPY T2 frame=7862 pass-geometry='Dress' numMatrices=71 frameID=8131 buffer-submit=sampled changed-since-T1=false submit-rel=swung
[22:42:57.589] [38908] [I] SCOPY T3 frame=7862 drawn=45 buffer-after-draw=sampled changed-since-T2=true final-rel=swung node-row1=(0.022,0.988,-0.152)
[22:42:57.589] [38908] [I] SCOPY T1c frame=7862 buffer=current slot=28 closest=bind(2.02) next=bone-captured-T(2.10) | buffer=previous slot=28 closest=bind(2.01) next=bone-captured-T(2.10)
[22:42:57.589] [38908] [I] SCOPY T3c frame=7862 buffer=current slot=28 closest=bind(2.03) next=bone-captured-T(2.09) | buffer=previous slot=28 closest=bind(2.02) next=bone-captured-T(2.10)
[22:42:57.676] [38908] [I] SCOPY ROTATE angle-deg=450
[22:42:57.729] [38908] [I] SCOPY T0 frame=7870 capture=2 bone='NPC Spine [Spn0]' skin='Dress' root='skeleton_female.nif' bone-origin=(-1.6,-486.5,3.8) bone-row1=(-1.000,0.022,-0.007) witness='hdtSSEPhysics_AutoRename_Head_00000002 BDOr_H_PPW13_L1_08_00' witness-radius=21.39 subtree-nodes=968
[22:42:57.729] [38908] [I] SCOPY T1 frame=7870 bone-row1=(-0.942,0.053,-0.332) orientation-delta-deg=19.1 witness-moved=7.09 moved-range=[0.50,12.64] slot=28 buffer-pre=sampled pre-rel=captured probe-effective=true
[22:42:57.729] [38908] [I] SCOPY T2 frame=7870 pass-geometry='Dress' numMatrices=71 frameID=8139 buffer-submit=sampled changed-since-T1=false submit-rel=captured
[22:42:57.729] [38908] [I] SCOPY T3 frame=7870 drawn=45 buffer-after-draw=sampled changed-since-T2=true final-rel=captured node-row1=(-0.942,0.053,-0.332)
[22:42:57.729] [38908] [I] SCOPY T1c frame=7870 buffer=current slot=28 closest=captured-x-bind(2.29) next=bone-captured(2.38) | buffer=previous slot=28 closest=captured-x-bind(2.28) next=bone-captured(2.37)
[22:42:57.729] [38908] [I] SCOPY T3c frame=7870 buffer=current slot=28 closest=captured-x-bind(2.30) next=bone-captured(2.38) | buffer=previous slot=28 closest=captured-x-bind(2.29) next=bone-captured(2.38)
[22:42:57.868] [38908] [I] SCOPY T0 frame=7878 capture=2 bone='NPC Spine [Spn0]' skin='Dress' root='skeleton_female.nif' bone-origin=(-1.6,-486.5,3.8) bone-row1=(-1.000,0.022,-0.007) witness='hdtSSEPhysics_AutoRename_Head_00000002 BDOr_H_PPW13_L1_08_00' witness-radius=21.39 subtree-nodes=968
[22:42:57.868] [38908] [I] SCOPY T1 frame=7878 bone-row1=(-0.915,0.059,-0.400) orientation-delta-deg=23.3 witness-moved=8.65 moved-range=[0.50,12.64] slot=28 buffer-pre=sampled pre-rel=captured probe-effective=true
[22:42:57.868] [38908] [I] SCOPY T2 frame=7878 pass-geometry='Dress' numMatrices=71 frameID=8147 buffer-submit=sampled changed-since-T1=false submit-rel=captured
[22:42:57.868] [38908] [I] SCOPY T3 frame=7878 drawn=45 buffer-after-draw=sampled changed-since-T2=true final-rel=captured node-row1=(-0.915,0.059,-0.400)
[22:42:57.868] [38908] [I] SCOPY T1c frame=7878 buffer=current slot=28 closest=captured-x-bind(2.36) next=bone-captured(2.44) | buffer=previous slot=28 closest=captured-x-bind(2.35) next=bone-captured(2.43)
[22:42:57.868] [38908] [I] SCOPY T3c frame=7878 buffer=current slot=28 closest=captured-x-bind(2.37) next=bone-captured(2.45) | buffer=previous slot=28 closest=captured-x-bind(2.36) next=bone-captured(2.44)
[22:42:58.010] [38908] [I] SCOPY T0 frame=7886 capture=2 bone='NPC Spine [Spn0]' skin='Dress' root='skeleton_female.nif' bone-origin=(-1.6,-486.5,3.8) bone-row1=(-1.000,0.022,-0.007) witness='hdtSSEPhysics_AutoRename_Head_00000002 BDOr_H_PPW13_L1_08_00' witness-radius=21.39 subtree-nodes=968
[22:42:58.010] [38908] [I] SCOPY T1 frame=7886 bone-row1=(-0.887,0.064,-0.458) orientation-delta-deg=27.0 witness-moved=9.98 moved-range=[0.50,12.64] slot=28 buffer-pre=sampled pre-rel=captured probe-effective=true
[22:42:58.010] [38908] [I] SCOPY T2 frame=7886 pass-geometry='Dress' numMatrices=71 frameID=8155 buffer-submit=sampled changed-since-T1=false submit-rel=captured
[22:42:58.010] [38908] [I] SCOPY T3 frame=7886 drawn=45 buffer-after-draw=sampled changed-since-T2=true final-rel=captured node-row1=(-0.887,0.064,-0.458)
[22:42:58.010] [38908] [I] SCOPY T1c frame=7886 buffer=current slot=28 closest=captured-x-bind(2.42) next=bone-captured(2.50) | buffer=previous slot=28 closest=captured-x-bind(2.42) next=bone-captured(2.50)
[22:42:58.010] [38908] [I] SCOPY T3c frame=7886 buffer=current slot=28 closest=captured-x-bind(2.43) next=world-x-bind(2.50) | buffer=previous slot=28 closest=captured-x-bind(2.42) next=bone-captured(2.50)
[22:42:58.150] [38908] [I] SCOPY T0 frame=7894 capture=2 bone='NPC Spine [Spn0]' skin='Dress' root='skeleton_female.nif' bone-origin=(-1.6,-486.5,3.8) bone-row1=(-1.000,0.022,-0.007) witness='hdtSSEPhysics_AutoRename_Head_00000002 BDOr_H_PPW13_L1_08_00' witness-radius=21.39 subtree-nodes=968
[22:42:58.150] [38908] [I] SCOPY T1 frame=7894 bone-row1=(-0.862,0.068,-0.503) orientation-delta-deg=30.0 witness-moved=11.07 moved-range=[0.50,12.64] slot=28 buffer-pre=sampled pre-rel=captured probe-effective=true
[22:42:58.150] [38908] [I] SCOPY T2 frame=7894 pass-geometry='Dress' numMatrices=71 frameID=8163 buffer-submit=sampled changed-since-T1=false submit-rel=captured
[22:42:58.150] [38908] [I] SCOPY T3 frame=7894 drawn=45 buffer-after-draw=sampled changed-since-T2=true final-rel=captured node-row1=(-0.862,0.068,-0.503)
[22:42:58.150] [38908] [I] SCOPY T1c frame=7894 buffer=current slot=28 closest=captured-x-bind(2.47) next=world-x-bind(2.53) | buffer=previous slot=28 closest=captured-x-bind(2.47) next=world-x-bind(2.53)
[22:42:58.150] [38908] [I] SCOPY T3c frame=7894 buffer=current slot=28 closest=captured-x-bind(2.48) next=world-x-bind(2.53) | buffer=previous slot=28 closest=captured-x-bind(2.47) next=world-x-bind(2.53)
[22:42:58.291] [38908] [I] SCOPY T0 frame=7902 capture=2 bone='NPC Spine [Spn0]' skin='Dress' root='skeleton_female.nif' bone-origin=(-1.6,-486.5,3.8) bone-row1=(-1.000,0.022,-0.007) witness='hdtSSEPhysics_AutoRename_Head_00000002 BDOr_H_PPW13_L1_08_00' witness-radius=21.39 subtree-nodes=968
[22:42:58.291] [38908] [I] SCOPY T1 frame=7902 bone-row1=(-0.841,0.071,-0.537) orientation-delta-deg=32.3 witness-moved=11.88 moved-range=[0.50,12.64] slot=28 buffer-pre=sampled pre-rel=captured probe-effective=true
[22:42:58.291] [38908] [I] SCOPY T2 frame=7902 pass-geometry='Dress' numMatrices=71 frameID=8171 buffer-submit=sampled changed-since-T1=false submit-rel=captured
[22:42:58.291] [38908] [I] SCOPY T3 frame=7902 drawn=45 buffer-after-draw=sampled changed-since-T2=true final-rel=captured node-row1=(-0.841,0.071,-0.537)
[22:42:58.291] [38908] [I] SCOPY T1c frame=7902 buffer=current slot=28 closest=captured-x-bind(2.51) next=world-x-bind(2.55) | buffer=previous slot=28 closest=captured-x-bind(2.51) next=world-x-bind(2.55)
[22:42:58.291] [38908] [I] SCOPY T3c frame=7902 buffer=current slot=28 closest=captured-x-bind(2.52) next=world-x-bind(2.55) | buffer=previous slot=28 closest=captured-x-bind(2.51) next=world-x-bind(2.55)
[22:42:58.432] [38908] [I] SCOPY T0 frame=7910 capture=2 bone='NPC Spine [Spn0]' skin='Dress' root='skeleton_female.nif' bone-origin=(-1.6,-486.5,3.8) bone-row1=(-1.000,0.022,-0.007) witness='hdtSSEPhysics_AutoRename_Head_00000002 BDOr_H_PPW13_L1_08_00' witness-radius=21.39 subtree-nodes=968
[22:42:58.432] [38908] [I] SCOPY T1 frame=7910 bone-row1=(-0.827,0.073,-0.558) orientation-delta-deg=33.7 witness-moved=12.40 moved-range=[0.50,12.64] slot=28 buffer-pre=sampled pre-rel=captured probe-effective=true
[22:42:58.432] [38908] [I] SCOPY T2 frame=7910 pass-geometry='Dress' numMatrices=71 frameID=8179 buffer-submit=sampled changed-since-T1=false submit-rel=captured
[22:42:58.432] [38908] [I] SCOPY T3 frame=7910 drawn=45 buffer-after-draw=sampled changed-since-T2=true final-rel=captured node-row1=(-0.827,0.073,-0.558)
[22:42:58.432] [38908] [I] SCOPY T1c frame=7910 buffer=current slot=28 closest=captured-x-bind(2.54) next=world-x-bind(2.56) | buffer=previous slot=28 closest=captured-x-bind(2.54) next=world-x-bind(2.56)
[22:42:58.432] [38908] [I] SCOPY T3c frame=7910 buffer=current slot=28 closest=captured-x-bind(2.54) next=world-x-bind(2.56) | buffer=previous slot=28 closest=captured-x-bind(2.54) next=world-x-bind(2.56)
[22:42:58.555] [38908] [I] Clone draw: passes=45 rd-null=45 lights=3 | geoms=49 skinned=49 roots=2 num-mat=908 bone-count=941 bound=908
[22:42:58.555] [38908] [I] SCOPY DRAW frame=1561 passes=45 lights=true animation-driver=none physics-driver=none
[22:42:58.573] [38908] [I] SCOPY T0 frame=7918 capture=2 bone='NPC Spine [Spn0]' skin='Dress' root='skeleton_female.nif' bone-origin=(-1.6,-486.5,3.8) bone-row1=(-1.000,0.022,-0.007) witness='hdtSSEPhysics_AutoRename_Head_00000002 BDOr_H_PPW13_L1_08_00' witness-radius=21.39 subtree-nodes=968
[22:42:58.573] [38908] [I] SCOPY T1 frame=7918 bone-row1=(-0.821,0.073,-0.567) orientation-delta-deg=34.4 witness-moved=12.63 moved-range=[0.50,12.64] slot=28 buffer-pre=sampled pre-rel=captured probe-effective=true
[22:42:58.573] [38908] [I] SCOPY T2 frame=7918 pass-geometry='Dress' numMatrices=71 frameID=8187 buffer-submit=sampled changed-since-T1=false submit-rel=captured
[22:42:58.573] [38908] [I] SCOPY T3 frame=7918 drawn=45 buffer-after-draw=sampled changed-since-T2=true final-rel=captured node-row1=(-0.821,0.073,-0.567)
[22:42:58.573] [38908] [I] SCOPY T1c frame=7918 buffer=current slot=28 closest=captured-x-bind(2.55) next=world-x-bind(2.56) | buffer=previous slot=28 closest=captured-x-bind(2.55) next=world-x-bind(2.56)
[22:42:58.573] [38908] [I] SCOPY T3c frame=7918 buffer=current slot=28 closest=captured-x-bind(2.55) next=world-x-bind(2.56) | buffer=previous slot=28 closest=captured-x-bind(2.55) next=world-x-bind(2.56)
[22:42:58.714] [38908] [I] SCOPY T0 frame=7926 capture=2 bone='NPC Spine [Spn0]' skin='Dress' root='skeleton_female.nif' bone-origin=(-1.6,-486.5,3.8) bone-row1=(-1.000,0.022,-0.007) witness='hdtSSEPhysics_AutoRename_Head_00000002 BDOr_H_PPW13_L1_08_00' witness-radius=21.39 subtree-nodes=968
[22:42:58.714] [38908] [I] SCOPY T1 frame=7926 bone-row1=(-0.823,0.073,-0.564) orientation-delta-deg=34.1 witness-moved=12.55 moved-range=[0.50,12.64] slot=28 buffer-pre=sampled pre-rel=captured probe-effective=true
[22:42:58.714] [38908] [I] SCOPY T2 frame=7926 pass-geometry='Dress' numMatrices=71 frameID=8195 buffer-submit=sampled changed-since-T1=false submit-rel=captured
[22:42:58.714] [38908] [I] SCOPY T3 frame=7926 drawn=45 buffer-after-draw=sampled changed-since-T2=true final-rel=captured node-row1=(-0.823,0.073,-0.564)
[22:42:58.714] [38908] [I] SCOPY T1c frame=7926 buffer=current slot=28 closest=captured-x-bind(2.55) next=world-x-bind(2.56) | buffer=previous slot=28 closest=captured-x-bind(2.55) next=world-x-bind(2.56)
[22:42:58.714] [38908] [I] SCOPY T3c frame=7926 buffer=current slot=28 closest=captured-x-bind(2.55) next=world-x-bind(2.56) | buffer=previous slot=28 closest=captured-x-bind(2.55) next=world-x-bind(2.56)
[22:42:58.854] [38908] [I] SCOPY T0 frame=7934 capture=2 bone='NPC Spine [Spn0]' skin='Dress' root='skeleton_female.nif' bone-origin=(-1.6,-486.5,3.8) bone-row1=(-1.000,0.022,-0.007) witness='hdtSSEPhysics_AutoRename_Head_00000002 BDOr_H_PPW13_L1_08_00' witness-radius=21.39 subtree-nodes=968
[22:42:58.854] [38908] [I] SCOPY T1 frame=7934 bone-row1=(-0.833,0.072,-0.549) orientation-delta-deg=33.1 witness-moved=12.18 moved-range=[0.50,12.64] slot=28 buffer-pre=sampled pre-rel=captured probe-effective=true
[22:42:58.854] [38908] [I] SCOPY T2 frame=7934 pass-geometry='Dress' numMatrices=71 frameID=8203 buffer-submit=sampled changed-since-T1=false submit-rel=captured
[22:42:58.854] [38908] [I] SCOPY T3 frame=7934 drawn=45 buffer-after-draw=sampled changed-since-T2=true final-rel=captured node-row1=(-0.833,0.072,-0.549)
[22:42:58.854] [38908] [I] SCOPY T1c frame=7934 buffer=current slot=28 closest=captured-x-bind(2.53) next=world-x-bind(2.55) | buffer=previous slot=28 closest=captured-x-bind(2.54) next=world-x-bind(2.55)
[22:42:58.854] [38908] [I] SCOPY T3c frame=7934 buffer=current slot=28 closest=captured-x-bind(2.53) next=world-x-bind(2.55) | buffer=previous slot=28 closest=captured-x-bind(2.53) next=world-x-bind(2.55)
[22:42:58.995] [38908] [I] SCOPY T0 frame=7942 capture=2 bone='NPC Spine [Spn0]' skin='Dress' root='skeleton_female.nif' bone-origin=(-1.6,-486.5,3.8) bone-row1=(-1.000,0.022,-0.007) witness='hdtSSEPhysics_AutoRename_Head_00000002 BDOr_H_PPW13_L1_08_00' witness-radius=21.39 subtree-nodes=968
[22:42:58.995] [38908] [I] SCOPY T1 frame=7942 bone-row1=(-0.850,0.069,-0.521) orientation-delta-deg=31.2 witness-moved=11.51 moved-range=[0.50,12.64] slot=28 buffer-pre=sampled pre-rel=captured probe-effective=true
[22:42:58.995] [38908] [I] SCOPY T2 frame=7942 pass-geometry='Dress' numMatrices=71 frameID=8211 buffer-submit=sampled changed-since-T1=false submit-rel=captured
[22:42:58.995] [38908] [I] SCOPY T3 frame=7942 drawn=45 buffer-after-draw=sampled changed-since-T2=true final-rel=captured node-row1=(-0.850,0.069,-0.521)
[22:42:58.996] [38908] [I] SCOPY T1c frame=7942 buffer=current slot=28 closest=captured-x-bind(2.50) next=world-x-bind(2.54) | buffer=previous slot=28 closest=captured-x-bind(2.51) next=world-x-bind(2.54)
[22:42:58.996] [38908] [I] SCOPY T3c frame=7942 buffer=current slot=28 closest=captured-x-bind(2.50) next=world-x-bind(2.54) | buffer=previous slot=28 closest=captured-x-bind(2.50) next=world-x-bind(2.54)
[22:42:59.136] [38908] [I] SCOPY T0 frame=7950 capture=2 bone='NPC Spine [Spn0]' skin='Dress' root='skeleton_female.nif' bone-origin=(-1.6,-486.5,3.8) bone-row1=(-1.000,0.022,-0.007) witness='hdtSSEPhysics_AutoRename_Head_00000002 BDOr_H_PPW13_L1_08_00' witness-radius=21.39 subtree-nodes=968
[22:42:59.136] [38908] [I] SCOPY T1 frame=7950 bone-row1=(-0.874,0.066,-0.482) orientation-delta-deg=28.6 witness-moved=10.56 moved-range=[0.50,12.64] slot=28 buffer-pre=sampled pre-rel=captured probe-effective=true
[22:42:59.136] [38908] [I] SCOPY T2 frame=7950 pass-geometry='Dress' numMatrices=71 frameID=8219 buffer-submit=sampled changed-since-T1=false submit-rel=captured
[22:42:59.136] [38908] [I] SCOPY T3 frame=7950 drawn=45 buffer-after-draw=sampled changed-since-T2=true final-rel=captured node-row1=(-0.874,0.066,-0.482)
[22:42:59.136] [38908] [I] SCOPY T1c frame=7950 buffer=current slot=28 closest=captured-x-bind(2.46) next=world-x-bind(2.52) | buffer=previous slot=28 closest=captured-x-bind(2.47) next=world-x-bind(2.51)
[22:42:59.136] [38908] [I] SCOPY T3c frame=7950 buffer=current slot=28 closest=captured-x-bind(2.46) next=world-x-bind(2.52) | buffer=previous slot=28 closest=captured-x-bind(2.46) next=world-x-bind(2.52)
[22:42:59.277] [38908] [I] SCOPY T0 frame=7958 capture=2 bone='NPC Spine [Spn0]' skin='Dress' root='skeleton_female.nif' bone-origin=(-1.6,-486.5,3.8) bone-row1=(-1.000,0.022,-0.007) witness='hdtSSEPhysics_AutoRename_Head_00000002 BDOr_H_PPW13_L1_08_00' witness-radius=21.39 subtree-nodes=968
[22:42:59.277] [38908] [I] SCOPY T1 frame=7958 bone-row1=(-0.901,0.061,-0.430) orientation-delta-deg=25.2 witness-moved=9.35 moved-range=[0.50,12.64] slot=28 buffer-pre=sampled pre-rel=captured probe-effective=true
[22:42:59.277] [38908] [I] SCOPY T2 frame=7958 pass-geometry='Dress' numMatrices=71 frameID=8227 buffer-submit=sampled changed-since-T1=false submit-rel=captured
[22:42:59.277] [38908] [I] SCOPY T3 frame=7958 drawn=45 buffer-after-draw=sampled changed-since-T2=true final-rel=captured node-row1=(-0.901,0.061,-0.430)
[22:42:59.277] [38908] [I] SCOPY T1c frame=7958 buffer=current slot=28 closest=captured-x-bind(2.41) next=world-x-bind(2.48) | buffer=previous slot=28 closest=captured-x-bind(2.42) next=world-x-bind(2.48)
[22:42:59.277] [38908] [I] SCOPY T3c frame=7958 buffer=current slot=28 closest=captured-x-bind(2.40) next=bone-captured(2.48) | buffer=previous slot=28 closest=captured-x-bind(2.41) next=world-x-bind(2.48)
[22:42:59.421] [38908] [I] SCOPY T0 frame=7966 capture=2 bone='NPC Spine [Spn0]' skin='Dress' root='skeleton_female.nif' bone-origin=(-1.6,-486.5,3.8) bone-row1=(-1.000,0.022,-0.007) witness='hdtSSEPhysics_AutoRename_Head_00000002 BDOr_H_PPW13_L1_08_00' witness-radius=21.39 subtree-nodes=968
[22:42:59.421] [38908] [I] SCOPY T1 frame=7966 bone-row1=(-0.928,0.056,-0.367) orientation-delta-deg=21.3 witness-moved=7.90 moved-range=[0.50,12.64] slot=28 buffer-pre=sampled pre-rel=captured probe-effective=true
[22:42:59.421] [38908] [I] SCOPY T2 frame=7966 pass-geometry='Dress' numMatrices=71 frameID=8235 buffer-submit=sampled changed-since-T1=false submit-rel=captured
[22:42:59.421] [38908] [I] SCOPY T3 frame=7966 drawn=45 buffer-after-draw=sampled changed-since-T2=true final-rel=captured node-row1=(-0.928,0.056,-0.367)
[22:42:59.421] [38908] [I] SCOPY T1c frame=7966 buffer=current slot=28 closest=captured-x-bind(2.35) next=bone-captured(2.43) | buffer=previous slot=28 closest=captured-x-bind(2.35) next=world-x-bind(2.43)
[22:42:59.421] [38908] [I] SCOPY T3c frame=7966 buffer=current slot=28 closest=captured-x-bind(2.34) next=bone-captured(2.42) | buffer=previous slot=28 closest=captured-x-bind(2.35) next=bone-captured(2.43)
[22:42:59.560] [38908] [I] SCOPY T0 frame=7974 capture=2 bone='NPC Spine [Spn0]' skin='Dress' root='skeleton_female.nif' bone-origin=(-1.6,-486.5,3.8) bone-row1=(-1.000,0.022,-0.007) witness='hdtSSEPhysics_AutoRename_Head_00000002 BDOr_H_PPW13_L1_08_00' witness-radius=21.39 subtree-nodes=968
[22:42:59.560] [38908] [I] SCOPY T1 frame=7974 bone-row1=(-0.955,0.049,-0.294) orientation-delta-deg=16.8 witness-moved=6.25 moved-range=[0.50,12.64] slot=28 buffer-pre=sampled pre-rel=captured probe-effective=true
[22:42:59.560] [38908] [I] SCOPY T2 frame=7974 pass-geometry='Dress' numMatrices=71 frameID=8243 buffer-submit=sampled changed-since-T1=false submit-rel=captured
[22:42:59.560] [38908] [I] SCOPY T3 frame=7974 drawn=45 buffer-after-draw=sampled changed-since-T2=true final-rel=captured node-row1=(-0.955,0.049,-0.294)
[22:42:59.560] [38908] [I] SCOPY T1c frame=7974 buffer=current slot=28 closest=captured-x-bind(2.28) next=bone-captured(2.36) | buffer=previous slot=28 closest=captured-x-bind(2.28) next=bone-captured(2.37)
[22:42:59.560] [38908] [I] SCOPY T3c frame=7974 buffer=current slot=28 closest=captured-x-bind(2.27) next=bone-captured(2.35) | buffer=previous slot=28 closest=captured-x-bind(2.28) next=bone-captured(2.36)
[22:42:59.703] [38908] [I] SCOPY T0 frame=7982 capture=2 bone='NPC Spine [Spn0]' skin='Dress' root='skeleton_female.nif' bone-origin=(-1.6,-486.5,3.8) bone-row1=(-1.000,0.022,-0.007) witness='hdtSSEPhysics_AutoRename_Head_00000002 BDOr_H_PPW13_L1_08_00' witness-radius=21.39 subtree-nodes=968
[22:42:59.703] [38908] [I] SCOPY T1 frame=7982 bone-row1=(-0.976,0.041,-0.212) orientation-delta-deg=11.9 witness-moved=4.43 moved-range=[0.50,12.64] slot=28 buffer-pre=sampled pre-rel=captured probe-effective=true
[22:42:59.703] [38908] [I] SCOPY T2 frame=7982 pass-geometry='Dress' numMatrices=71 frameID=8251 buffer-submit=sampled changed-since-T1=false submit-rel=captured
[22:42:59.703] [38908] [I] SCOPY T3 frame=7982 drawn=45 buffer-after-draw=sampled changed-since-T2=true final-rel=captured node-row1=(-0.976,0.041,-0.212)
[22:42:59.703] [38908] [I] SCOPY T1c frame=7982 buffer=current slot=28 closest=captured-x-bind(2.20) next=bone-captured(2.29) | buffer=previous slot=28 closest=captured-x-bind(2.21) next=world-x-bind(2.29)
[22:42:59.703] [38908] [I] SCOPY T3c frame=7982 buffer=current slot=28 closest=captured-x-bind(2.19) next=bone-captured(2.28) | buffer=previous slot=28 closest=captured-x-bind(2.20) next=bone-captured(2.29)
[22:42:59.843] [38908] [I] SCOPY T0 frame=7990 capture=2 bone='NPC Spine [Spn0]' skin='Dress' root='skeleton_female.nif' bone-origin=(-1.6,-486.5,3.8) bone-row1=(-1.000,0.022,-0.007) witness='hdtSSEPhysics_AutoRename_Head_00000002 BDOr_H_PPW13_L1_08_00' witness-radius=21.39 subtree-nodes=968
[22:42:59.843] [38908] [I] SCOPY T1 frame=7990 bone-row1=(-0.992,0.033,-0.123) orientation-delta-deg=6.7 witness-moved=2.50 moved-range=[0.50,12.64] slot=28 buffer-pre=sampled pre-rel=captured probe-effective=true
[22:42:59.843] [38908] [I] SCOPY T2 frame=7990 pass-geometry='Dress' numMatrices=71 frameID=8259 buffer-submit=sampled changed-since-T1=false submit-rel=captured
[22:42:59.843] [38908] [I] SCOPY T3 frame=7990 drawn=45 buffer-after-draw=sampled changed-since-T2=true final-rel=captured node-row1=(-0.992,0.033,-0.123)
[22:42:59.843] [38908] [I] SCOPY T1c frame=7990 buffer=current slot=28 closest=captured-x-bind(2.13) next=world-x-bind(2.19) | buffer=previous slot=28 closest=captured-x-bind(2.14) next=world-x-bind(2.19)
[22:42:59.843] [38908] [I] SCOPY T3c frame=7990 buffer=current slot=28 closest=captured-x-bind(2.12) next=world-x-bind(2.20) | buffer=previous slot=28 closest=captured-x-bind(2.13) next=world-x-bind(2.19)
[22:42:59.985] [38908] [I] SCOPY T0 frame=7998 capture=2 bone='NPC Spine [Spn0]' skin='Dress' root='skeleton_female.nif' bone-origin=(-1.6,-486.5,3.8) bone-row1=(-1.000,0.022,-0.007) witness='hdtSSEPhysics_AutoRename_Head_00000002 BDOr_H_PPW13_L1_08_00' witness-radius=21.39 subtree-nodes=968
[22:42:59.985] [38908] [I] SCOPY T1 frame=7998 bone-row1=(-0.999,0.024,-0.030) orientation-delta-deg=1.3 witness-moved=0.50 moved-range=[0.50,12.64] slot=28 buffer-pre=sampled pre-rel=captured probe-effective=true
[22:42:59.985] [38908] [I] SCOPY T2 frame=7998 pass-geometry='Dress' numMatrices=71 frameID=8267 buffer-submit=sampled changed-since-T1=false submit-rel=captured
[22:42:59.985] [38908] [I] SCOPY T3 frame=7998 drawn=45 buffer-after-draw=sampled changed-since-T2=true final-rel=captured node-row1=(-0.999,0.024,-0.030)
[22:42:59.985] [38908] [I] SCOPY T1c frame=7998 buffer=current slot=28 closest=captured-x-bind(2.06) next=world-x-bind(2.08) | buffer=previous slot=28 closest=captured-x-bind(2.07) next=world-x-bind(2.07)
[22:42:59.985] [38908] [I] SCOPY T3c frame=7998 buffer=current slot=28 closest=captured-x-bind(2.05) next=world-x-bind(2.09) | buffer=previous slot=28 closest=captured-x-bind(2.06) next=world-x-bind(2.08)
[22:43:00.127] [38908] [I] SCOPY T0 frame=8006 capture=2 bone='NPC Spine [Spn0]' skin='Dress' root='skeleton_female.nif' bone-origin=(-1.6,-486.5,3.8) bone-row1=(-1.000,0.022,-0.007) witness='hdtSSEPhysics_AutoRename_Head_00000002 BDOr_H_PPW13_L1_08_00' witness-radius=21.39 subtree-nodes=968
[22:43:00.127] [38908] [I] SCOPY T1 frame=8006 bone-row1=(-0.998,0.015,0.064) orientation-delta-deg=4.0 witness-moved=1.51 moved-range=[0.50,12.64] slot=28 buffer-pre=sampled pre-rel=captured probe-effective=true
[22:43:00.127] [38908] [I] SCOPY T2 frame=8006 pass-geometry='Dress' numMatrices=71 frameID=8275 buffer-submit=sampled changed-since-T1=false submit-rel=captured
[22:43:00.127] [38908] [I] SCOPY T3 frame=8006 drawn=45 buffer-after-draw=sampled changed-since-T2=true final-rel=captured node-row1=(-0.998,0.015,0.064)
[22:43:00.127] [38908] [I] SCOPY T1c frame=8006 buffer=current slot=28 closest=captured-x-bind(2.10) next=bind-x-world(2.13) | buffer=previous slot=28 closest=captured-x-bind(2.09) next=bind-x-world(2.14)
[22:43:00.127] [38908] [I] SCOPY T3c frame=8006 buffer=current slot=28 closest=captured-x-bind(2.11) next=world-x-bind(2.12) | buffer=previous slot=28 closest=captured-x-bind(2.10) next=bind-x-world(2.13)
[22:43:00.268] [38908] [I] SCOPY T0 frame=8014 capture=2 bone='NPC Spine [Spn0]' skin='Dress' root='skeleton_female.nif' bone-origin=(-1.6,-486.5,3.8) bone-row1=(-1.000,0.022,-0.007) witness='hdtSSEPhysics_AutoRename_Head_00000002 BDOr_H_PPW13_L1_08_00' witness-radius=21.39 subtree-nodes=968
[22:43:00.268] [38908] [I] SCOPY T1 frame=8014 bone-row1=(-0.988,0.005,0.155) orientation-delta-deg=9.3 witness-moved=3.48 moved-range=[0.50,12.64] slot=28 buffer-pre=sampled pre-rel=captured probe-effective=true
[22:43:00.268] [38908] [I] SCOPY T2 frame=8014 pass-geometry='Dress' numMatrices=71 frameID=8283 buffer-submit=sampled changed-since-T1=false submit-rel=captured
[22:43:00.268] [38908] [I] SCOPY T3 frame=8014 drawn=45 buffer-after-draw=sampled changed-since-T2=true final-rel=captured node-row1=(-0.988,0.005,0.155)
[22:43:00.268] [38908] [I] SCOPY T1c frame=8014 buffer=current slot=28 closest=captured-x-bind(2.17) next=world-x-bind(2.23) | buffer=previous slot=28 closest=captured-x-bind(2.16) next=world-x-bind(2.24)
[22:43:00.268] [38908] [I] SCOPY T3c frame=8014 buffer=current slot=28 closest=captured-x-bind(2.18) next=world-x-bind(2.23) | buffer=previous slot=28 closest=captured-x-bind(2.17) next=world-x-bind(2.23)
[22:43:00.410] [38908] [I] SCOPY T0 frame=8022 capture=2 bone='NPC Spine [Spn0]' skin='Dress' root='skeleton_female.nif' bone-origin=(-1.6,-486.5,3.8) bone-row1=(-1.000,0.022,-0.007) witness='hdtSSEPhysics_AutoRename_Head_00000002 BDOr_H_PPW13_L1_08_00' witness-radius=21.39 subtree-nodes=968
[22:43:00.410] [38908] [I] SCOPY T1 frame=8022 bone-row1=(-0.971,-0.004,0.241) orientation-delta-deg=14.4 witness-moved=5.36 moved-range=[0.50,12.64] slot=28 buffer-pre=sampled pre-rel=captured probe-effective=true
[22:43:00.410] [38908] [I] SCOPY T2 frame=8022 pass-geometry='Dress' numMatrices=71 frameID=8291 buffer-submit=sampled changed-since-T1=false submit-rel=captured
[22:43:00.410] [38908] [I] SCOPY T3 frame=8022 drawn=45 buffer-after-draw=sampled changed-since-T2=true final-rel=captured node-row1=(-0.971,-0.004,0.241)
[22:43:00.410] [38908] [I] SCOPY T1c frame=8022 buffer=current slot=28 closest=captured-x-bind(2.25) next=world-x-bind(2.32) | buffer=previous slot=28 closest=captured-x-bind(2.24) next=bone-captured(2.32)
[22:43:00.410] [38908] [I] SCOPY T3c frame=8022 buffer=current slot=28 closest=captured-x-bind(2.26) next=world-x-bind(2.31) | buffer=previous slot=28 closest=captured-x-bind(2.25) next=world-x-bind(2.32)
[22:43:00.551] [38908] [I] SCOPY T0 frame=8030 capture=2 bone='NPC Spine [Spn0]' skin='Dress' root='skeleton_female.nif' bone-origin=(-1.6,-486.5,3.8) bone-row1=(-1.000,0.022,-0.007) witness='hdtSSEPhysics_AutoRename_Head_00000002 BDOr_H_PPW13_L1_08_00' witness-radius=21.39 subtree-nodes=968
[22:43:00.551] [38908] [I] SCOPY T1 frame=8030 bone-row1=(-0.948,-0.012,0.319) orientation-delta-deg=19.1 witness-moved=7.10 moved-range=[0.50,12.64] slot=28 buffer-pre=sampled pre-rel=captured probe-effective=true
[22:43:00.551] [38908] [I] SCOPY T2 frame=8030 pass-geometry='Dress' numMatrices=71 frameID=8299 buffer-submit=sampled changed-since-T1=false submit-rel=captured
[22:43:00.551] [38908] [I] SCOPY T3 frame=8030 drawn=45 buffer-after-draw=sampled changed-since-T2=true final-rel=captured node-row1=(-0.948,-0.012,0.319)
[22:43:00.551] [38908] [I] SCOPY T1c frame=8030 buffer=current slot=28 closest=captured-x-bind(2.32) next=world-x-bind(2.39) | buffer=previous slot=28 closest=captured-x-bind(2.31) next=bone-captured(2.39)
[22:43:00.551] [38908] [I] SCOPY T3c frame=8030 buffer=current slot=28 closest=captured-x-bind(2.33) next=world-x-bind(2.38) | buffer=previous slot=28 closest=captured-x-bind(2.32) next=world-x-bind(2.39)
[22:43:00.676] [38908] [I] Clone draw: passes=45 rd-null=45 lights=3 | geoms=49 skinned=49 roots=2 num-mat=908 bone-count=941 bound=908
[22:43:00.676] [38908] [I] SCOPY DRAW frame=1681 passes=45 lights=true animation-driver=none physics-driver=none
[22:43:00.695] [38908] [I] SCOPY T0 frame=8038 capture=2 bone='NPC Spine [Spn0]' skin='Dress' root='skeleton_female.nif' bone-origin=(-1.6,-486.5,3.8) bone-row1=(-1.000,0.022,-0.007) witness='hdtSSEPhysics_AutoRename_Head_00000002 BDOr_H_PPW13_L1_08_00' witness-radius=21.39 subtree-nodes=968
[22:43:00.695] [38908] [I] SCOPY T1 frame=8038 bone-row1=(-0.921,-0.019,0.388) orientation-delta-deg=23.3 witness-moved=8.65 moved-range=[0.50,12.64] slot=28 buffer-pre=sampled pre-rel=captured probe-effective=true
[22:43:00.695] [38908] [I] SCOPY T2 frame=8038 pass-geometry='Dress' numMatrices=71 frameID=8307 buffer-submit=sampled changed-since-T1=false submit-rel=captured
[22:43:00.695] [38908] [I] SCOPY T3 frame=8038 drawn=45 buffer-after-draw=sampled changed-since-T2=true final-rel=captured node-row1=(-0.921,-0.019,0.388)
[22:43:00.695] [38908] [I] SCOPY T1c frame=8038 buffer=current slot=28 closest=captured-x-bind(2.39) next=world-x-bind(2.44) | buffer=previous slot=28 closest=captured-x-bind(2.38) next=world-x-bind(2.45)
[22:43:00.695] [38908] [I] SCOPY T3c frame=8038 buffer=current slot=28 closest=captured-x-bind(2.40) next=world-x-bind(2.44) | buffer=previous slot=28 closest=captured-x-bind(2.39) next=world-x-bind(2.44)
[22:43:00.838] [38908] [I] SCOPY T0 frame=8046 capture=2 bone='NPC Spine [Spn0]' skin='Dress' root='skeleton_female.nif' bone-origin=(-1.6,-486.5,3.8) bone-row1=(-1.000,0.022,-0.007) witness='hdtSSEPhysics_AutoRename_Head_00000002 BDOr_H_PPW13_L1_08_00' witness-radius=21.39 subtree-nodes=968
[22:43:00.838] [38908] [I] SCOPY T1 frame=8046 bone-row1=(-0.895,-0.025,0.446) orientation-delta-deg=27.0 witness-moved=9.98 moved-range=[0.50,12.64] slot=28 buffer-pre=sampled pre-rel=captured probe-effective=true
[22:43:00.838] [38908] [I] SCOPY T2 frame=8046 pass-geometry='Dress' numMatrices=71 frameID=8315 buffer-submit=sampled changed-since-T1=false submit-rel=captured
[22:43:00.838] [38908] [I] SCOPY T3 frame=8046 drawn=45 buffer-after-draw=sampled changed-since-T2=true final-rel=captured node-row1=(-0.895,-0.025,0.446)
[22:43:00.838] [38908] [I] SCOPY T1c frame=8046 buffer=current slot=28 closest=captured-x-bind(2.45) next=world-x-bind(2.48) | buffer=previous slot=28 closest=captured-x-bind(2.44) next=world-x-bind(2.49)
[22:43:00.838] [38908] [I] SCOPY T3c frame=8046 buffer=current slot=28 closest=captured-x-bind(2.46) next=world-x-bind(2.48) | buffer=previous slot=28 closest=captured-x-bind(2.45) next=world-x-bind(2.48)
[22:43:00.980] [38908] [I] SCOPY T0 frame=8054 capture=2 bone='NPC Spine [Spn0]' skin='Dress' root='skeleton_female.nif' bone-origin=(-1.6,-486.5,3.8) bone-row1=(-1.000,0.022,-0.007) witness='hdtSSEPhysics_AutoRename_Head_00000002 BDOr_H_PPW13_L1_08_00' witness-radius=21.39 subtree-nodes=968
[22:43:00.980] [38908] [I] SCOPY T1 frame=8054 bone-row1=(-0.870,-0.030,0.492) orientation-delta-deg=30.0 witness-moved=11.07 moved-range=[0.50,12.64] slot=28 buffer-pre=sampled pre-rel=captured probe-effective=true
[22:43:00.980] [38908] [I] SCOPY T2 frame=8054 pass-geometry='Dress' numMatrices=71 frameID=8323 buffer-submit=sampled changed-since-T1=false submit-rel=captured
[22:43:00.980] [38908] [I] SCOPY T3 frame=8054 drawn=45 buffer-after-draw=sampled changed-since-T2=true final-rel=captured node-row1=(-0.870,-0.030,0.492)
[22:43:00.980] [38908] [I] SCOPY T1c frame=8054 buffer=current slot=28 closest=captured-x-bind(2.50) next=world-x-bind(2.51) | buffer=previous slot=28 closest=captured-x-bind(2.50) next=world-x-bind(2.52)
[22:43:00.980] [38908] [I] SCOPY T3c frame=8054 buffer=current slot=28 closest=captured-x-bind(2.51) next=world-x-bind(2.51) | buffer=previous slot=28 closest=captured-x-bind(2.50) next=world-x-bind(2.51)
[22:43:01.122] [38908] [I] SCOPY T0 frame=8062 capture=2 bone='NPC Spine [Spn0]' skin='Dress' root='skeleton_female.nif' bone-origin=(-1.6,-486.5,3.8) bone-row1=(-1.000,0.022,-0.007) witness='hdtSSEPhysics_AutoRename_Head_00000002 BDOr_H_PPW13_L1_08_00' witness-radius=21.39 subtree-nodes=968
[22:43:01.122] [38908] [I] SCOPY T1 frame=8062 bone-row1=(-0.850,-0.034,0.526) orientation-delta-deg=32.3 witness-moved=11.88 moved-range=[0.50,12.64] slot=28 buffer-pre=sampled pre-rel=neither probe-effective=true
[22:43:01.122] [38908] [I] SCOPY T2 frame=8062 pass-geometry='Dress' numMatrices=71 frameID=8331 buffer-submit=sampled changed-since-T1=false submit-rel=neither
[22:43:01.122] [38908] [I] SCOPY T3 frame=8062 drawn=45 buffer-after-draw=sampled changed-since-T2=true final-rel=neither node-row1=(-0.850,-0.034,0.526)
[22:43:01.122] [38908] [I] SCOPY T1c frame=8062 buffer=current slot=28 closest=world-x-bind(2.53) next=captured-x-bind(2.54) | buffer=previous slot=28 closest=world-x-bind(2.53) next=captured-x-bind(2.54)
[22:43:01.122] [38908] [I] SCOPY T3c frame=8062 buffer=current slot=28 closest=world-x-bind(2.53) next=captured-x-bind(2.55) | buffer=previous slot=28 closest=world-x-bind(2.53) next=captured-x-bind(2.54)
[22:43:01.276] [38908] [I] SCOPY T0 frame=8070 capture=2 bone='NPC Spine [Spn0]' skin='Dress' root='skeleton_female.nif' bone-origin=(-1.6,-486.5,3.8) bone-row1=(-1.000,0.022,-0.007) witness='hdtSSEPhysics_AutoRename_Head_00000002 BDOr_H_PPW13_L1_08_00' witness-radius=21.39 subtree-nodes=968
[22:43:01.276] [38908] [I] SCOPY T1 frame=8070 bone-row1=(-0.836,-0.037,0.547) orientation-delta-deg=33.7 witness-moved=12.40 moved-range=[0.50,12.64] slot=28 buffer-pre=sampled pre-rel=swung probe-effective=true
[22:43:01.276] [38908] [I] SCOPY T2 frame=8070 pass-geometry='Dress' numMatrices=71 frameID=8339 buffer-submit=sampled changed-since-T1=false submit-rel=swung
[22:43:01.276] [38908] [I] SCOPY T3 frame=8070 drawn=45 buffer-after-draw=sampled changed-since-T2=true final-rel=swung node-row1=(-0.836,-0.037,0.547)
[22:43:01.276] [38908] [I] SCOPY T1c frame=8070 buffer=current slot=28 closest=world-x-bind(2.54) next=captured-x-bind(2.57) | buffer=previous slot=28 closest=world-x-bind(2.54) next=captured-x-bind(2.57)
[22:43:01.276] [38908] [I] SCOPY T3c frame=8070 buffer=current slot=28 closest=world-x-bind(2.54) next=captured-x-bind(2.57) | buffer=previous slot=28 closest=world-x-bind(2.54) next=captured-x-bind(2.57)
[22:43:01.415] [38908] [I] SCOPY ROTATE angle-deg=540
[22:43:01.416] [38908] [I] SCOPY T0 frame=8078 capture=2 bone='NPC Spine [Spn0]' skin='Dress' root='skeleton_female.nif' bone-origin=(-1.2,-483.7,3.8) bone-row1=(-0.021,-0.995,-0.098) witness='hdtSSEPhysics_AutoRename_Head_00000002 BDOr_H_PPW13_L1_08_00' witness-radius=21.39 subtree-nodes=968
[22:43:01.416] [38908] [I] SCOPY T1 frame=8078 bone-row1=(-0.022,-0.877,0.480) orientation-delta-deg=34.4 witness-moved=12.85 moved-range=[0.50,12.85] slot=28 buffer-pre=sampled pre-rel=captured probe-effective=true
[22:43:01.416] [38908] [I] SCOPY T2 frame=8078 pass-geometry='Dress' numMatrices=71 frameID=8347 buffer-submit=sampled changed-since-T1=false submit-rel=captured
[22:43:01.416] [38908] [I] SCOPY T3 frame=8078 drawn=45 buffer-after-draw=sampled changed-since-T2=true final-rel=swung node-row1=(-0.022,-0.877,0.480)
[22:43:01.416] [38908] [I] SCOPY T1c frame=8078 buffer=current slot=28 closest=bone-prev-frame(2.64) next=bind-T(3.73) | buffer=previous slot=28 closest=bone-prev-frame(2.64) next=bind-T(3.73)
[22:43:01.416] [38908] [I] SCOPY T3c frame=8078 buffer=current slot=28 closest=bind-x-world(2.40) next=bone-world(2.44) | buffer=previous slot=28 closest=bone-prev-frame(2.64) next=bind-T(3.73)
[22:43:01.556] [38908] [I] SCOPY T0 frame=8086 capture=2 bone='NPC Spine [Spn0]' skin='Dress' root='skeleton_female.nif' bone-origin=(-1.2,-483.7,3.8) bone-row1=(-0.021,-0.995,-0.098) witness='hdtSSEPhysics_AutoRename_Head_00000002 BDOr_H_PPW13_L1_08_00' witness-radius=21.39 subtree-nodes=968
[22:43:01.556] [38908] [I] SCOPY T1 frame=8086 bone-row1=(-0.022,-0.879,0.477) orientation-delta-deg=34.1 witness-moved=12.77 moved-range=[0.50,12.85] slot=28 buffer-pre=sampled pre-rel=swung probe-effective=true
[22:43:01.556] [38908] [I] SCOPY T2 frame=8086 pass-geometry='Dress' numMatrices=71 frameID=8355 buffer-submit=sampled changed-since-T1=false submit-rel=swung
[22:43:01.556] [38908] [I] SCOPY T3 frame=8086 drawn=45 buffer-after-draw=sampled changed-since-T2=true final-rel=swung node-row1=(-0.022,-0.879,0.477)
[22:43:01.556] [38908] [I] SCOPY T1c frame=8086 buffer=current slot=28 closest=bind-x-world(2.40) next=bone-world(2.44) | buffer=previous slot=28 closest=bind-x-world(2.40) next=bone-world(2.44)
[22:43:01.556] [38908] [I] SCOPY T3c frame=8086 buffer=current slot=28 closest=bind-x-world(2.40) next=bone-world(2.44) | buffer=previous slot=28 closest=bind-x-world(2.40) next=bone-world(2.44)
[22:43:01.698] [38908] [I] SCOPY T0 frame=8094 capture=2 bone='NPC Spine [Spn0]' skin='Dress' root='skeleton_female.nif' bone-origin=(-1.2,-483.7,3.8) bone-row1=(-0.021,-0.995,-0.098) witness='hdtSSEPhysics_AutoRename_Head_00000002 BDOr_H_PPW13_L1_08_00' witness-radius=21.39 subtree-nodes=968
[22:43:01.698] [38908] [I] SCOPY T1 frame=8094 bone-row1=(-0.022,-0.887,0.461) orientation-delta-deg=33.1 witness-moved=12.39 moved-range=[0.50,12.85] slot=28 buffer-pre=sampled pre-rel=swung probe-effective=true
[22:43:01.698] [38908] [I] SCOPY T2 frame=8094 pass-geometry='Dress' numMatrices=71 frameID=8363 buffer-submit=sampled changed-since-T1=false submit-rel=swung
[22:43:01.698] [38908] [I] SCOPY T3 frame=8094 drawn=45 buffer-after-draw=sampled changed-since-T2=true final-rel=swung node-row1=(-0.022,-0.887,0.461)
[22:43:01.698] [38908] [I] SCOPY T1c frame=8094 buffer=current slot=28 closest=bind-x-world(2.38) next=bone-world(2.42) | buffer=previous slot=28 closest=bind-x-world(2.38) next=bone-world(2.42)
[22:43:01.698] [38908] [I] SCOPY T3c frame=8094 buffer=current slot=28 closest=bind-x-world(2.38) next=bone-world(2.43) | buffer=previous slot=28 closest=bind-x-world(2.38) next=bone-world(2.42)
[22:43:01.840] [38908] [I] SCOPY T0 frame=8102 capture=2 bone='NPC Spine [Spn0]' skin='Dress' root='skeleton_female.nif' bone-origin=(-1.2,-483.7,3.8) bone-row1=(-0.021,-0.995,-0.098) witness='hdtSSEPhysics_AutoRename_Head_00000002 BDOr_H_PPW13_L1_08_00' witness-radius=21.39 subtree-nodes=968
[22:43:01.840] [38908] [I] SCOPY T1 frame=8102 bone-row1=(-0.022,-0.902,0.432) orientation-delta-deg=31.2 witness-moved=11.71 moved-range=[0.50,12.85] slot=28 buffer-pre=sampled pre-rel=swung probe-effective=true
[22:43:01.840] [38908] [I] SCOPY T2 frame=8102 pass-geometry='Dress' numMatrices=71 frameID=8371 buffer-submit=sampled changed-since-T1=false submit-rel=swung
[22:43:01.840] [38908] [I] SCOPY T3 frame=8102 drawn=45 buffer-after-draw=sampled changed-since-T2=true final-rel=swung node-row1=(-0.022,-0.902,0.432)
[22:43:01.840] [38908] [I] SCOPY T1c frame=8102 buffer=current slot=28 closest=bind-x-world(2.36) next=bone-world(2.40) | buffer=previous slot=28 closest=bind-x-world(2.36) next=bone-world(2.40)
[22:43:01.840] [38908] [I] SCOPY T3c frame=8102 buffer=current slot=28 closest=bind-x-world(2.36) next=bone-world(2.40) | buffer=previous slot=28 closest=bind-x-world(2.36) next=bone-world(2.40)
[22:43:01.981] [38908] [I] SCOPY T0 frame=8110 capture=2 bone='NPC Spine [Spn0]' skin='Dress' root='skeleton_female.nif' bone-origin=(-1.2,-483.7,3.8) bone-row1=(-0.021,-0.995,-0.098) witness='hdtSSEPhysics_AutoRename_Head_00000002 BDOr_H_PPW13_L1_08_00' witness-radius=21.39 subtree-nodes=968
[22:43:01.981] [38908] [I] SCOPY T1 frame=8110 bone-row1=(-0.022,-0.921,0.390) orientation-delta-deg=28.6 witness-moved=10.74 moved-range=[0.50,12.85] slot=28 buffer-pre=sampled pre-rel=swung probe-effective=true
[22:43:01.981] [38908] [I] SCOPY T2 frame=8110 pass-geometry='Dress' numMatrices=71 frameID=8379 buffer-submit=sampled changed-since-T1=false submit-rel=swung
[22:43:01.981] [38908] [I] SCOPY T3 frame=8110 drawn=45 buffer-after-draw=sampled changed-since-T2=true final-rel=swung node-row1=(-0.022,-0.921,0.390)
[22:43:01.981] [38908] [I] SCOPY T1c frame=8110 buffer=current slot=28 closest=bind-x-world(2.32) next=bone-world(2.37) | buffer=previous slot=28 closest=bind-x-world(2.32) next=bone-world(2.37)
[22:43:01.981] [38908] [I] SCOPY T3c frame=8110 buffer=current slot=28 closest=bind-x-world(2.32) next=bone-world(2.37) | buffer=previous slot=28 closest=bind-x-world(2.32) next=bone-world(2.37)
[22:43:02.123] [38908] [I] SCOPY T0 frame=8118 capture=2 bone='NPC Spine [Spn0]' skin='Dress' root='skeleton_female.nif' bone-origin=(-1.2,-483.7,3.8) bone-row1=(-0.021,-0.995,-0.098) witness='hdtSSEPhysics_AutoRename_Head_00000002 BDOr_H_PPW13_L1_08_00' witness-radius=21.39 subtree-nodes=968
[22:43:02.123] [38908] [I] SCOPY T1 frame=8118 bone-row1=(-0.023,-0.942,0.335) orientation-delta-deg=25.2 witness-moved=9.51 moved-range=[0.50,12.85] slot=28 buffer-pre=sampled pre-rel=swung probe-effective=true
[22:43:02.123] [38908] [I] SCOPY T2 frame=8118 pass-geometry='Dress' numMatrices=71 frameID=8387 buffer-submit=sampled changed-since-T1=false submit-rel=swung
[22:43:02.123] [38908] [I] SCOPY T3 frame=8118 drawn=45 buffer-after-draw=sampled changed-since-T2=true final-rel=swung node-row1=(-0.023,-0.942,0.335)
[22:43:02.123] [38908] [I] SCOPY T1c frame=8118 buffer=current slot=28 closest=bind-x-world(2.27) next=bone-world(2.32) | buffer=previous slot=28 closest=bind-x-world(2.26) next=bone-world(2.32)
[22:43:02.123] [38908] [I] SCOPY T3c frame=8118 buffer=current slot=28 closest=bind-x-world(2.27) next=bone-world(2.33) | buffer=previous slot=28 closest=bind-x-world(2.27) next=bone-world(2.32)
[22:43:02.264] [38908] [I] SCOPY T0 frame=8126 capture=2 bone='NPC Spine [Spn0]' skin='Dress' root='skeleton_female.nif' bone-origin=(-1.2,-483.7,3.8) bone-row1=(-0.021,-0.995,-0.098) witness='hdtSSEPhysics_AutoRename_Head_00000002 BDOr_H_PPW13_L1_08_00' witness-radius=21.39 subtree-nodes=968
[22:43:02.264] [38908] [I] SCOPY T1 frame=8126 bone-row1=(-0.023,-0.963,0.269) orientation-delta-deg=21.3 witness-moved=8.03 moved-range=[0.50,12.85] slot=28 buffer-pre=sampled pre-rel=swung probe-effective=true
[22:43:02.264] [38908] [I] SCOPY T2 frame=8126 pass-geometry='Dress' numMatrices=71 frameID=8395 buffer-submit=sampled changed-since-T1=false submit-rel=swung
[22:43:02.264] [38908] [I] SCOPY T3 frame=8126 drawn=45 buffer-after-draw=sampled changed-since-T2=true final-rel=swung node-row1=(-0.023,-0.963,0.269)
[22:43:02.264] [38908] [I] SCOPY T1c frame=8126 buffer=current slot=28 closest=bind-x-world(2.20) next=bone-world(2.26) | buffer=previous slot=28 closest=bind-x-world(2.19) next=bone-world(2.26)
[22:43:02.264] [38908] [I] SCOPY T3c frame=8126 buffer=current slot=28 closest=bind-x-world(2.20) next=bone-world(2.26) | buffer=previous slot=28 closest=bind-x-world(2.20) next=bone-world(2.26)
[22:43:02.405] [38908] [I] SCOPY T0 frame=8134 capture=2 bone='NPC Spine [Spn0]' skin='Dress' root='skeleton_female.nif' bone-origin=(-1.2,-483.7,3.8) bone-row1=(-0.021,-0.995,-0.098) witness='hdtSSEPhysics_AutoRename_Head_00000002 BDOr_H_PPW13_L1_08_00' witness-radius=21.39 subtree-nodes=968
[22:43:02.405] [38908] [I] SCOPY T1 frame=8134 bone-row1=(-0.022,-0.981,0.193) orientation-delta-deg=16.8 witness-moved=6.36 moved-range=[0.50,12.85] slot=28 buffer-pre=sampled pre-rel=swung probe-effective=true
[22:43:02.405] [38908] [I] SCOPY T2 frame=8134 pass-geometry='Dress' numMatrices=71 frameID=8403 buffer-submit=sampled changed-since-T1=false submit-rel=swung
[22:43:02.405] [38908] [I] SCOPY T3 frame=8134 drawn=45 buffer-after-draw=sampled changed-since-T2=true final-rel=swung node-row1=(-0.022,-0.981,0.193)
[22:43:02.405] [38908] [I] SCOPY T1c frame=8134 buffer=current slot=28 closest=bind-x-world(2.11) next=bone-world(2.18) | buffer=previous slot=28 closest=bind-x-world(2.11) next=bone-world(2.18)
[22:43:02.405] [38908] [I] SCOPY T3c frame=8134 buffer=current slot=28 closest=bind-x-world(2.12) next=bone-world(2.19) | buffer=previous slot=28 closest=bind-x-world(2.11) next=bone-world(2.18)
[22:43:02.548] [38908] [I] SCOPY T0 frame=8142 capture=2 bone='NPC Spine [Spn0]' skin='Dress' root='skeleton_female.nif' bone-origin=(-1.2,-483.7,3.8) bone-row1=(-0.021,-0.995,-0.098) witness='hdtSSEPhysics_AutoRename_Head_00000002 BDOr_H_PPW13_L1_08_00' witness-radius=21.39 subtree-nodes=968
[22:43:02.548] [38908] [I] SCOPY T1 frame=8142 bone-row1=(-0.022,-0.994,0.109) orientation-delta-deg=11.9 witness-moved=4.51 moved-range=[0.50,12.85] slot=28 buffer-pre=sampled pre-rel=swung probe-effective=true
[22:43:02.548] [38908] [I] SCOPY T2 frame=8142 pass-geometry='Dress' numMatrices=71 frameID=8411 buffer-submit=sampled changed-since-T1=false submit-rel=swung
[22:43:02.548] [38908] [I] SCOPY T3 frame=8142 drawn=45 buffer-after-draw=sampled changed-since-T2=true final-rel=swung node-row1=(-0.022,-0.994,0.109)
[22:43:02.548] [38908] [I] SCOPY T1c frame=8142 buffer=current slot=28 closest=bind-x-world(2.01) next=bone-world(2.09) | buffer=previous slot=28 closest=bind-x-world(2.00) next=bone-world(2.08)
[22:43:02.548] [38908] [I] SCOPY T3c frame=8142 buffer=current slot=28 closest=bind-x-world(2.01) next=bone-world(2.09) | buffer=previous slot=28 closest=bind-x-world(2.01) next=bone-world(2.09)
[22:43:02.690] [38908] [I] SCOPY T0 frame=8150 capture=2 bone='NPC Spine [Spn0]' skin='Dress' root='skeleton_female.nif' bone-origin=(-1.2,-483.7,3.8) bone-row1=(-0.021,-0.995,-0.098) witness='hdtSSEPhysics_AutoRename_Head_00000002 BDOr_H_PPW13_L1_08_00' witness-radius=21.39 subtree-nodes=968
[22:43:02.690] [38908] [I] SCOPY T1 frame=8150 bone-row1=(-0.022,-1.000,0.018) orientation-delta-deg=6.7 witness-moved=2.55 moved-range=[0.50,12.85] slot=28 buffer-pre=sampled pre-rel=swung probe-effective=true
[22:43:02.690] [38908] [I] SCOPY T2 frame=8150 pass-geometry='Dress' numMatrices=71 frameID=8419 buffer-submit=sampled changed-since-T1=false submit-rel=swung
[22:43:02.690] [38908] [I] SCOPY T3 frame=8150 drawn=45 buffer-after-draw=sampled changed-since-T2=true final-rel=swung node-row1=(-0.022,-1.000,0.018)
[22:43:02.690] [38908] [I] SCOPY T1c frame=8150 buffer=current slot=28 closest=bone-prev-frame(2.00) next=bone-world(2.00) | buffer=previous slot=28 closest=bone-prev-frame(1.99) next=bone-world(2.01)
[22:43:02.690] [38908] [I] SCOPY T3c frame=8150 buffer=current slot=28 closest=bone-world(1.99) next=bone-prev-frame(2.00) | buffer=previous slot=28 closest=bone-prev-frame(2.00) next=bone-world(2.00)
[22:43:02.812] [38908] [I] Clone draw: passes=45 rd-null=45 lights=3 | geoms=49 skinned=49 roots=2 num-mat=908 bone-count=941 bound=908
[22:43:02.812] [38908] [I] SCOPY DRAW frame=1801 passes=45 lights=true animation-driver=none physics-driver=none
[22:43:02.830] [38908] [I] SCOPY T0 frame=8158 capture=2 bone='NPC Spine [Spn0]' skin='Dress' root='skeleton_female.nif' bone-origin=(-1.2,-483.7,3.8) bone-row1=(-0.021,-0.995,-0.098) witness='hdtSSEPhysics_AutoRename_Head_00000002 BDOr_H_PPW13_L1_08_00' witness-radius=21.39 subtree-nodes=968
[22:43:02.830] [38908] [I] SCOPY T1 frame=8158 bone-row1=(-0.021,-0.997,-0.075) orientation-delta-deg=1.3 witness-moved=0.51 moved-range=[0.50,12.85] slot=28 buffer-pre=sampled pre-rel=swung probe-effective=true
[22:43:02.830] [38908] [I] SCOPY T2 frame=8158 pass-geometry='Dress' numMatrices=71 frameID=8427 buffer-submit=sampled changed-since-T1=false submit-rel=swung
[22:43:02.830] [38908] [I] SCOPY T3 frame=8158 drawn=45 buffer-after-draw=sampled changed-since-T2=true final-rel=swung node-row1=(-0.021,-0.997,-0.075)
[22:43:02.830] [38908] [I] SCOPY T1c frame=8158 buffer=current slot=28 closest=world-x-bind(2.04) next=captured-x-bind(2.08) | buffer=previous slot=28 closest=world-x-bind(2.04) next=captured-x-bind(2.09)
[22:43:02.830] [38908] [I] SCOPY T3c frame=8158 buffer=current slot=28 closest=world-x-bind(2.03) next=captured-x-bind(2.07) | buffer=previous slot=28 closest=world-x-bind(2.04) next=captured-x-bind(2.08)
[22:43:02.971] [38908] [I] SCOPY T0 frame=8166 capture=2 bone='NPC Spine [Spn0]' skin='Dress' root='skeleton_female.nif' bone-origin=(-1.2,-483.7,3.8) bone-row1=(-0.021,-0.995,-0.098) witness='hdtSSEPhysics_AutoRename_Head_00000002 BDOr_H_PPW13_L1_08_00' witness-radius=21.39 subtree-nodes=968
[22:43:02.971] [38908] [I] SCOPY T1 frame=8166 bone-row1=(-0.020,-0.986,-0.168) orientation-delta-deg=4.0 witness-moved=1.53 moved-range=[0.50,12.85] slot=28 buffer-pre=sampled pre-rel=captured probe-effective=true
[22:43:02.971] [38908] [I] SCOPY T2 frame=8166 pass-geometry='Dress' numMatrices=71 frameID=8435 buffer-submit=sampled changed-since-T1=false submit-rel=captured
[22:43:02.971] [38908] [I] SCOPY T3 frame=8166 drawn=45 buffer-after-draw=sampled changed-since-T2=true final-rel=captured node-row1=(-0.020,-0.986,-0.168)
[22:43:02.971] [38908] [I] SCOPY T1c frame=8166 buffer=current slot=28 closest=captured-x-bind(2.02) next=bone-captured(2.10) | buffer=previous slot=28 closest=captured-x-bind(2.03) next=bone-captured(2.11)
[22:43:02.971] [38908] [I] SCOPY T3c frame=8166 buffer=current slot=28 closest=captured-x-bind(2.01) next=bone-captured(2.09) | buffer=previous slot=28 closest=captured-x-bind(2.02) next=bone-captured(2.10)
[22:43:03.122] [38908] [I] SCOPY T0 frame=8174 capture=2 bone='NPC Spine [Spn0]' skin='Dress' root='skeleton_female.nif' bone-origin=(-1.2,-483.7,3.8) bone-row1=(-0.021,-0.995,-0.098) witness='hdtSSEPhysics_AutoRename_Head_00000002 BDOr_H_PPW13_L1_08_00' witness-radius=21.39 subtree-nodes=968
[22:43:03.122] [38908] [I] SCOPY T1 frame=8174 bone-row1=(-0.019,-0.966,-0.259) orientation-delta-deg=9.3 witness-moved=3.54 moved-range=[0.50,12.85] slot=28 buffer-pre=sampled pre-rel=captured probe-effective=true
[22:43:03.122] [38908] [I] SCOPY T2 frame=8174 pass-geometry='Dress' numMatrices=71 frameID=8443 buffer-submit=sampled changed-since-T1=false submit-rel=captured
[22:43:03.122] [38908] [I] SCOPY T3 frame=8174 drawn=45 buffer-after-draw=sampled changed-since-T2=true final-rel=captured node-row1=(-0.019,-0.966,-0.259)
[22:43:03.122] [38908] [I] SCOPY T1c frame=8174 buffer=current slot=28 closest=captured-x-bind(2.03) next=bone-captured(2.04) | buffer=previous slot=28 closest=captured-x-bind(2.02) next=bone-captured(2.05)
[22:43:03.122] [38908] [I] SCOPY T3c frame=8174 buffer=current slot=28 closest=bone-captured(2.04) next=captured-x-bind(2.04) | buffer=previous slot=28 closest=captured-x-bind(2.03) next=bone-captured(2.04)
[22:43:03.262] [38908] [I] SCOPY T0 frame=8182 capture=2 bone='NPC Spine [Spn0]' skin='Dress' root='skeleton_female.nif' bone-origin=(-1.2,-483.7,3.8) bone-row1=(-0.021,-0.995,-0.098) witness='hdtSSEPhysics_AutoRename_Head_00000002 BDOr_H_PPW13_L1_08_00' witness-radius=21.39 subtree-nodes=968
[22:43:03.262] [38908] [I] SCOPY T1 frame=8182 bone-row1=(-0.018,-0.939,-0.343) orientation-delta-deg=14.4 witness-moved=5.45 moved-range=[0.50,12.85] slot=28 buffer-pre=sampled pre-rel=captured probe-effective=true
[22:43:03.262] [38908] [I] SCOPY T2 frame=8182 pass-geometry='Dress' numMatrices=71 frameID=8451 buffer-submit=sampled changed-since-T1=false submit-rel=captured
[22:43:03.262] [38908] [I] SCOPY T3 frame=8182 drawn=45 buffer-after-draw=sampled changed-since-T2=true final-rel=captured node-row1=(-0.018,-0.939,-0.343)
[22:43:03.262] [38908] [I] SCOPY T1c frame=8182 buffer=current slot=28 closest=bone-captured(2.01) next=bone-captured-T(2.04) | buffer=previous slot=28 closest=bone-captured(2.00) next=bone-captured-T(2.03)
[22:43:03.262] [38908] [I] SCOPY T3c frame=8182 buffer=current slot=28 closest=bone-captured(2.02) next=bone-captured-T(2.05) | buffer=previous slot=28 closest=bone-captured(2.01) next=bone-captured-T(2.04)
[22:43:03.401] [38908] [I] SCOPY T0 frame=8190 capture=2 bone='NPC Spine [Spn0]' skin='Dress' root='skeleton_female.nif' bone-origin=(-1.2,-483.7,3.8) bone-row1=(-0.021,-0.995,-0.098) witness='hdtSSEPhysics_AutoRename_Head_00000002 BDOr_H_PPW13_L1_08_00' witness-radius=21.39 subtree-nodes=968
[22:43:03.401] [38908] [I] SCOPY T1 frame=8190 bone-row1=(-0.017,-0.908,-0.419) orientation-delta-deg=19.1 witness-moved=7.22 moved-range=[0.50,12.85] slot=28 buffer-pre=sampled pre-rel=captured probe-effective=true
[22:43:03.401] [38908] [I] SCOPY T2 frame=8190 pass-geometry='Dress' numMatrices=71 frameID=8459 buffer-submit=sampled changed-since-T1=false submit-rel=captured
[22:43:03.401] [38908] [I] SCOPY T3 frame=8190 drawn=45 buffer-after-draw=sampled changed-since-T2=true final-rel=captured node-row1=(-0.017,-0.908,-0.419)
[22:43:03.401] [38908] [I] SCOPY T1c frame=8190 buffer=current slot=28 closest=bone-captured(2.09) next=bone-captured-T(2.11) | buffer=previous slot=28 closest=bone-captured(2.08) next=bone-captured-T(2.11)
[22:43:03.401] [38908] [I] SCOPY T3c frame=8190 buffer=current slot=28 closest=bone-captured(2.10) next=bone-captured-T(2.12) | buffer=previous slot=28 closest=bone-captured(2.09) next=bone-captured-T(2.11)
[22:43:03.550] [38908] [I] SCOPY T0 frame=8198 capture=2 bone='NPC Spine [Spn0]' skin='Dress' root='skeleton_female.nif' bone-origin=(-1.2,-483.7,3.8) bone-row1=(-0.021,-0.995,-0.098) witness='hdtSSEPhysics_AutoRename_Head_00000002 BDOr_H_PPW13_L1_08_00' witness-radius=21.39 subtree-nodes=968
[22:43:03.550] [38908] [I] SCOPY T1 frame=8198 bone-row1=(-0.016,-0.875,-0.485) orientation-delta-deg=23.3 witness-moved=8.80 moved-range=[0.50,12.85] slot=28 buffer-pre=sampled pre-rel=captured probe-effective=true
[22:43:03.550] [38908] [I] SCOPY T2 frame=8198 pass-geometry='Dress' numMatrices=71 frameID=8467 buffer-submit=sampled changed-since-T1=false submit-rel=captured
[22:43:03.550] [38908] [I] SCOPY T3 frame=8198 drawn=45 buffer-after-draw=sampled changed-since-T2=true final-rel=captured node-row1=(-0.016,-0.875,-0.485)
[22:43:03.551] [38908] [I] SCOPY T1c frame=8198 buffer=current slot=28 closest=bone-captured(2.16) next=bone-captured-T(2.18) | buffer=previous slot=28 closest=bone-captured(2.15) next=bone-captured-T(2.17)
[22:43:03.551] [38908] [I] SCOPY T3c frame=8198 buffer=current slot=28 closest=bone-captured(2.17) next=bone-captured-T(2.19) | buffer=previous slot=28 closest=bone-captured(2.16) next=bone-captured-T(2.18)
[22:43:03.691] [38908] [I] SCOPY T0 frame=8206 capture=2 bone='NPC Spine [Spn0]' skin='Dress' root='skeleton_female.nif' bone-origin=(-1.2,-483.7,3.8) bone-row1=(-0.021,-0.995,-0.098) witness='hdtSSEPhysics_AutoRename_Head_00000002 BDOr_H_PPW13_L1_08_00' witness-radius=21.39 subtree-nodes=968
[22:43:03.691] [38908] [I] SCOPY T1 frame=8206 bone-row1=(-0.015,-0.842,-0.539) orientation-delta-deg=27.0 witness-moved=10.16 moved-range=[0.50,12.85] slot=28 buffer-pre=sampled pre-rel=captured probe-effective=true
[22:43:03.691] [38908] [I] SCOPY T2 frame=8206 pass-geometry='Dress' numMatrices=71 frameID=8475 buffer-submit=sampled changed-since-T1=false submit-rel=captured
[22:43:03.691] [38908] [I] SCOPY T3 frame=8206 drawn=45 buffer-after-draw=sampled changed-since-T2=true final-rel=captured node-row1=(-0.015,-0.842,-0.539)
[22:43:03.691] [38908] [I] SCOPY T1c frame=8206 buffer=current slot=28 closest=bone-captured(2.22) next=bone-captured-T(2.24) | buffer=previous slot=28 closest=bone-captured(2.21) next=bone-captured-T(2.24)
[22:43:03.691] [38908] [I] SCOPY T3c frame=8206 buffer=current slot=28 closest=bone-captured(2.23) next=bone-captured-T(2.25) | buffer=previous slot=28 closest=bone-captured(2.22) next=bone-captured-T(2.24)
[22:43:03.831] [38908] [I] SCOPY T0 frame=8214 capture=2 bone='NPC Spine [Spn0]' skin='Dress' root='skeleton_female.nif' bone-origin=(-1.2,-483.7,3.8) bone-row1=(-0.021,-0.995,-0.098) witness='hdtSSEPhysics_AutoRename_Head_00000002 BDOr_H_PPW13_L1_08_00' witness-radius=21.39 subtree-nodes=968
[22:43:03.831] [38908] [I] SCOPY T1 frame=8214 bone-row1=(-0.014,-0.813,-0.583) orientation-delta-deg=30.0 witness-moved=11.26 moved-range=[0.50,12.85] slot=28 buffer-pre=sampled pre-rel=captured probe-effective=true
[22:43:03.831] [38908] [I] SCOPY T2 frame=8214 pass-geometry='Dress' numMatrices=71 frameID=8483 buffer-submit=sampled changed-since-T1=false submit-rel=captured
[22:43:03.831] [38908] [I] SCOPY T3 frame=8214 drawn=45 buffer-after-draw=sampled changed-since-T2=true final-rel=captured node-row1=(-0.014,-0.813,-0.583)
[22:43:03.831] [38908] [I] SCOPY T1c frame=8214 buffer=current slot=28 closest=bone-captured(2.27) next=bone-captured-T(2.30) | buffer=previous slot=28 closest=bone-captured(2.26) next=bone-captured-T(2.29)
[22:43:03.831] [38908] [I] SCOPY T3c frame=8214 buffer=current slot=28 closest=bone-captured(2.28) next=bone-captured-T(2.30) | buffer=previous slot=28 closest=bone-captured(2.27) next=bone-captured-T(2.30)
[22:43:03.971] [38908] [I] SCOPY T0 frame=8222 capture=2 bone='NPC Spine [Spn0]' skin='Dress' root='skeleton_female.nif' bone-origin=(-1.2,-483.7,3.8) bone-row1=(-0.021,-0.995,-0.098) witness='hdtSSEPhysics_AutoRename_Head_00000002 BDOr_H_PPW13_L1_08_00' witness-radius=21.39 subtree-nodes=968
[22:43:03.971] [38908] [I] SCOPY T1 frame=8222 bone-row1=(-0.013,-0.789,-0.614) orientation-delta-deg=32.3 witness-moved=12.09 moved-range=[0.50,12.85] slot=28 buffer-pre=sampled pre-rel=captured probe-effective=true
[22:43:03.971] [38908] [I] SCOPY T2 frame=8222 pass-geometry='Dress' numMatrices=71 frameID=8491 buffer-submit=sampled changed-since-T1=false submit-rel=captured
[22:43:03.971] [38908] [I] SCOPY T3 frame=8222 drawn=45 buffer-after-draw=sampled changed-since-T2=true final-rel=captured node-row1=(-0.013,-0.789,-0.614)
[22:43:03.971] [38908] [I] SCOPY T1c frame=8222 buffer=current slot=28 closest=bone-captured(2.31) next=bone-captured-T(2.33) | buffer=previous slot=28 closest=bone-captured(2.31) next=bone-captured-T(2.33)
[22:43:03.971] [38908] [I] SCOPY T3c frame=8222 buffer=current slot=28 closest=bone-captured(2.31) next=bone-captured-T(2.34) | buffer=previous slot=28 closest=bone-captured(2.31) next=bone-captured-T(2.33)
[22:43:04.112] [38908] [I] SCOPY T0 frame=8230 capture=2 bone='NPC Spine [Spn0]' skin='Dress' root='skeleton_female.nif' bone-origin=(-1.2,-483.7,3.8) bone-row1=(-0.021,-0.995,-0.098) witness='hdtSSEPhysics_AutoRename_Head_00000002 BDOr_H_PPW13_L1_08_00' witness-radius=21.39 subtree-nodes=968
[22:43:04.112] [38908] [I] SCOPY T1 frame=8230 bone-row1=(-0.013,-0.773,-0.634) orientation-delta-deg=33.7 witness-moved=12.62 moved-range=[0.50,12.85] slot=28 buffer-pre=sampled pre-rel=captured probe-effective=true
[22:43:04.112] [38908] [I] SCOPY T2 frame=8230 pass-geometry='Dress' numMatrices=71 frameID=8499 buffer-submit=sampled changed-since-T1=false submit-rel=captured
[22:43:04.112] [38908] [I] SCOPY T3 frame=8230 drawn=45 buffer-after-draw=sampled changed-since-T2=true final-rel=captured node-row1=(-0.013,-0.773,-0.634)
[22:43:04.112] [38908] [I] SCOPY T1c frame=8230 buffer=current slot=28 closest=bone-captured(2.34) next=bone-captured-T(2.36) | buffer=previous slot=28 closest=bone-captured(2.33) next=bone-captured-T(2.36)
[22:43:04.112] [38908] [I] SCOPY T3c frame=8230 buffer=current slot=28 closest=bone-captured(2.34) next=bone-captured-T(2.36) | buffer=previous slot=28 closest=bone-captured(2.34) next=bone-captured-T(2.36)
[22:43:04.254] [38908] [I] SCOPY T0 frame=8238 capture=2 bone='NPC Spine [Spn0]' skin='Dress' root='skeleton_female.nif' bone-origin=(-1.2,-483.7,3.8) bone-row1=(-0.021,-0.995,-0.098) witness='hdtSSEPhysics_AutoRename_Head_00000002 BDOr_H_PPW13_L1_08_00' witness-radius=21.39 subtree-nodes=968
[22:43:04.254] [38908] [I] SCOPY T1 frame=8238 bone-row1=(-0.012,-0.766,-0.643) orientation-delta-deg=34.4 witness-moved=12.85 moved-range=[0.50,12.85] slot=28 buffer-pre=sampled pre-rel=captured probe-effective=true
[22:43:04.254] [38908] [I] SCOPY T2 frame=8238 pass-geometry='Dress' numMatrices=71 frameID=8507 buffer-submit=sampled changed-since-T1=false submit-rel=captured
[22:43:04.254] [38908] [I] SCOPY T3 frame=8238 drawn=45 buffer-after-draw=sampled changed-since-T2=true final-rel=captured node-row1=(-0.012,-0.766,-0.643)
[22:43:04.254] [38908] [I] SCOPY T1c frame=8238 buffer=current slot=28 closest=bone-captured(2.35) next=bone-captured-T(2.37) | buffer=previous slot=28 closest=bone-captured(2.35) next=bone-captured-T(2.37)
[22:43:04.254] [38908] [I] SCOPY T3c frame=8238 buffer=current slot=28 closest=bone-captured(2.35) next=bone-captured-T(2.37) | buffer=previous slot=28 closest=bone-captured(2.35) next=bone-captured-T(2.37)
[22:43:04.395] [38908] [I] SCOPY T0 frame=8246 capture=2 bone='NPC Spine [Spn0]' skin='Dress' root='skeleton_female.nif' bone-origin=(-1.2,-483.7,3.8) bone-row1=(-0.021,-0.995,-0.098) witness='hdtSSEPhysics_AutoRename_Head_00000002 BDOr_H_PPW13_L1_08_00' witness-radius=21.39 subtree-nodes=968
[22:43:04.395] [38908] [I] SCOPY T1 frame=8246 bone-row1=(-0.012,-0.768,-0.640) orientation-delta-deg=34.1 witness-moved=12.77 moved-range=[0.50,12.85] slot=28 buffer-pre=sampled pre-rel=captured probe-effective=true
[22:43:04.395] [38908] [I] SCOPY T2 frame=8246 pass-geometry='Dress' numMatrices=71 frameID=8515 buffer-submit=sampled changed-since-T1=false submit-rel=captured
[22:43:04.395] [38908] [I] SCOPY T3 frame=8246 drawn=45 buffer-after-draw=sampled changed-since-T2=true final-rel=captured node-row1=(-0.012,-0.768,-0.640)
[22:43:04.395] [38908] [I] SCOPY T1c frame=8246 buffer=current slot=28 closest=bone-captured(2.35) next=bone-captured-T(2.37) | buffer=previous slot=28 closest=bone-captured(2.35) next=bone-captured-T(2.37)
[22:43:04.395] [38908] [I] SCOPY T3c frame=8246 buffer=current slot=28 closest=bone-captured(2.35) next=bone-captured-T(2.37) | buffer=previous slot=28 closest=bone-captured(2.35) next=bone-captured-T(2.37)
[22:43:04.538] [38908] [I] SCOPY T0 frame=8254 capture=2 bone='NPC Spine [Spn0]' skin='Dress' root='skeleton_female.nif' bone-origin=(-1.2,-483.7,3.8) bone-row1=(-0.021,-0.995,-0.098) witness='hdtSSEPhysics_AutoRename_Head_00000002 BDOr_H_PPW13_L1_08_00' witness-radius=21.39 subtree-nodes=968
[22:43:04.538] [38908] [I] SCOPY T1 frame=8254 bone-row1=(-0.013,-0.780,-0.626) orientation-delta-deg=33.1 witness-moved=12.39 moved-range=[0.50,12.85] slot=28 buffer-pre=sampled pre-rel=captured probe-effective=true
[22:43:04.538] [38908] [I] SCOPY T2 frame=8254 pass-geometry='Dress' numMatrices=71 frameID=8523 buffer-submit=sampled changed-since-T1=false submit-rel=captured
[22:43:04.538] [38908] [I] SCOPY T3 frame=8254 drawn=45 buffer-after-draw=sampled changed-since-T2=true final-rel=captured node-row1=(-0.013,-0.780,-0.626)
[22:43:04.538] [38908] [I] SCOPY T1c frame=8254 buffer=current slot=28 closest=bone-captured(2.33) next=bone-captured-T(2.36) | buffer=previous slot=28 closest=bone-captured(2.33) next=bone-captured-T(2.36)
[22:43:04.538] [38908] [I] SCOPY T3c frame=8254 buffer=current slot=28 closest=bone-captured(2.33) next=bone-captured-T(2.35) | buffer=previous slot=28 closest=bone-captured(2.33) next=bone-captured-T(2.36)
[22:43:04.679] [38908] [I] SCOPY T0 frame=8262 capture=2 bone='NPC Spine [Spn0]' skin='Dress' root='skeleton_female.nif' bone-origin=(-1.2,-483.7,3.8) bone-row1=(-0.021,-0.995,-0.098) witness='hdtSSEPhysics_AutoRename_Head_00000002 BDOr_H_PPW13_L1_08_00' witness-radius=21.39 subtree-nodes=968
[22:43:04.679] [38908] [I] SCOPY T1 frame=8262 bone-row1=(-0.013,-0.800,-0.600) orientation-delta-deg=31.2 witness-moved=11.71 moved-range=[0.50,12.85] slot=28 buffer-pre=sampled pre-rel=captured probe-effective=true
[22:43:04.679] [38908] [I] SCOPY T2 frame=8262 pass-geometry='Dress' numMatrices=71 frameID=8531 buffer-submit=sampled changed-since-T1=false submit-rel=captured
[22:43:04.679] [38908] [I] SCOPY T3 frame=8262 drawn=45 buffer-after-draw=sampled changed-since-T2=true final-rel=captured node-row1=(-0.013,-0.800,-0.600)
[22:43:04.679] [38908] [I] SCOPY T1c frame=8262 buffer=current slot=28 closest=bone-captured(2.30) next=bone-captured-T(2.33) | buffer=previous slot=28 closest=bone-captured(2.31) next=bone-captured-T(2.33)
[22:43:04.679] [38908] [I] SCOPY T3c frame=8262 buffer=current slot=28 closest=bone-captured(2.30) next=bone-captured-T(2.32) | buffer=previous slot=28 closest=bone-captured(2.30) next=bone-captured-T(2.33)
[22:43:04.820] [38908] [I] SCOPY T0 frame=8270 capture=2 bone='NPC Spine [Spn0]' skin='Dress' root='skeleton_female.nif' bone-origin=(-1.2,-483.7,3.8) bone-row1=(-0.021,-0.995,-0.098) witness='hdtSSEPhysics_AutoRename_Head_00000002 BDOr_H_PPW13_L1_08_00' witness-radius=21.39 subtree-nodes=968
[22:43:04.820] [38908] [I] SCOPY T1 frame=8270 bone-row1=(-0.014,-0.827,-0.563) orientation-delta-deg=28.6 witness-moved=10.74 moved-range=[0.50,12.85] slot=28 buffer-pre=sampled pre-rel=captured probe-effective=true
[22:43:04.820] [38908] [I] SCOPY T2 frame=8270 pass-geometry='Dress' numMatrices=71 frameID=8539 buffer-submit=sampled changed-since-T1=false submit-rel=captured
[22:43:04.820] [38908] [I] SCOPY T3 frame=8270 drawn=45 buffer-after-draw=sampled changed-since-T2=true final-rel=captured node-row1=(-0.014,-0.827,-0.563)
[22:43:04.820] [38908] [I] SCOPY T1c frame=8270 buffer=current slot=28 closest=bone-captured(2.26) next=bone-captured-T(2.28) | buffer=previous slot=28 closest=bone-captured(2.26) next=bone-captured-T(2.29)
[22:43:04.820] [38908] [I] SCOPY T3c frame=8270 buffer=current slot=28 closest=bone-captured(2.25) next=bone-captured-T(2.28) | buffer=previous slot=28 closest=bone-captured(2.26) next=bone-captured-T(2.28)
[22:43:04.944] [38908] [I] Clone draw: passes=45 rd-null=45 lights=3 | geoms=49 skinned=49 roots=2 num-mat=908 bone-count=941 bound=908
[22:43:04.944] [38908] [I] SCOPY DRAW frame=1921 passes=45 lights=true animation-driver=none physics-driver=none
[22:43:04.962] [38908] [I] SCOPY T0 frame=8278 capture=2 bone='NPC Spine [Spn0]' skin='Dress' root='skeleton_female.nif' bone-origin=(-1.2,-483.7,3.8) bone-row1=(-0.021,-0.995,-0.098) witness='hdtSSEPhysics_AutoRename_Head_00000002 BDOr_H_PPW13_L1_08_00' witness-radius=21.39 subtree-nodes=968
[22:43:04.962] [38908] [I] SCOPY T1 frame=8278 bone-row1=(-0.015,-0.858,-0.513) orientation-delta-deg=25.2 witness-moved=9.51 moved-range=[0.50,12.85] slot=28 buffer-pre=sampled pre-rel=captured probe-effective=true
[22:43:04.962] [38908] [I] SCOPY T2 frame=8278 pass-geometry='Dress' numMatrices=71 frameID=8547 buffer-submit=sampled changed-since-T1=false submit-rel=captured
[22:43:04.962] [38908] [I] SCOPY T3 frame=8278 drawn=45 buffer-after-draw=sampled changed-since-T2=true final-rel=captured node-row1=(-0.015,-0.858,-0.513)
[22:43:04.962] [38908] [I] SCOPY T1c frame=8278 buffer=current slot=28 closest=bone-captured(2.20) next=bone-captured-T(2.23) | buffer=previous slot=28 closest=bone-captured(2.21) next=bone-captured-T(2.24)
[22:43:04.962] [38908] [I] SCOPY T3c frame=8278 buffer=current slot=28 closest=bone-captured(2.20) next=bone-captured-T(2.22) | buffer=previous slot=28 closest=bone-captured(2.20) next=bone-captured-T(2.23)
[22:43:05.103] [38908] [I] SCOPY T0 frame=8286 capture=2 bone='NPC Spine [Spn0]' skin='Dress' root='skeleton_female.nif' bone-origin=(-1.2,-483.7,3.8) bone-row1=(-0.021,-0.995,-0.098) witness='hdtSSEPhysics_AutoRename_Head_00000002 BDOr_H_PPW13_L1_08_00' witness-radius=21.39 subtree-nodes=968
[22:43:05.103] [38908] [I] SCOPY T1 frame=8286 bone-row1=(-0.016,-0.891,-0.453) orientation-delta-deg=21.3 witness-moved=8.03 moved-range=[0.50,12.85] slot=28 buffer-pre=sampled pre-rel=captured probe-effective=true
[22:43:05.103] [38908] [I] SCOPY T2 frame=8286 pass-geometry='Dress' numMatrices=71 frameID=8555 buffer-submit=sampled changed-since-T1=false submit-rel=captured
[22:43:05.103] [38908] [I] SCOPY T3 frame=8286 drawn=45 buffer-after-draw=sampled changed-since-T2=true final-rel=captured node-row1=(-0.016,-0.891,-0.453)
[22:43:05.103] [38908] [I] SCOPY T1c frame=8286 buffer=current slot=28 closest=bone-captured(2.14) next=bone-captured-T(2.17) | buffer=previous slot=28 closest=bone-captured(2.15) next=bone-captured-T(2.17)
[22:43:05.103] [38908] [I] SCOPY T3c frame=8286 buffer=current slot=28 closest=bone-captured(2.13) next=bone-captured-T(2.16) | buffer=previous slot=28 closest=bone-captured(2.14) next=bone-captured-T(2.17)
[22:43:05.245] [38908] [I] SCOPY T0 frame=8294 capture=2 bone='NPC Spine [Spn0]' skin='Dress' root='skeleton_female.nif' bone-origin=(-1.2,-483.7,3.8) bone-row1=(-0.021,-0.995,-0.098) witness='hdtSSEPhysics_AutoRename_Head_00000002 BDOr_H_PPW13_L1_08_00' witness-radius=21.39 subtree-nodes=968
[22:43:05.245] [38908] [I] SCOPY T1 frame=8294 bone-row1=(-0.017,-0.924,-0.382) orientation-delta-deg=16.8 witness-moved=6.36 moved-range=[0.50,12.85] slot=28 buffer-pre=sampled pre-rel=captured probe-effective=true
[22:43:05.245] [38908] [I] SCOPY T2 frame=8294 pass-geometry='Dress' numMatrices=71 frameID=8563 buffer-submit=sampled changed-since-T1=false submit-rel=captured
[22:43:05.245] [38908] [I] SCOPY T3 frame=8294 drawn=45 buffer-after-draw=sampled changed-since-T2=true final-rel=captured node-row1=(-0.017,-0.924,-0.382)
[22:43:05.245] [38908] [I] SCOPY T1c frame=8294 buffer=current slot=28 closest=bone-captured(2.07) next=bone-captured-T(2.10) | buffer=previous slot=28 closest=bone-captured(2.08) next=bone-captured-T(2.11)
[22:43:05.245] [38908] [I] SCOPY T3c frame=8294 buffer=current slot=28 closest=bone-captured(2.06) next=bone-captured-T(2.09) | buffer=previous slot=28 closest=bone-captured(2.07) next=bone-captured-T(2.10)
[22:43:05.385] [38908] [I] SCOPY T0 frame=8302 capture=2 bone='NPC Spine [Spn0]' skin='Dress' root='skeleton_female.nif' bone-origin=(-1.2,-483.7,3.8) bone-row1=(-0.021,-0.995,-0.098) witness='hdtSSEPhysics_AutoRename_Head_00000002 BDOr_H_PPW13_L1_08_00' witness-radius=21.39 subtree-nodes=968
[22:43:05.385] [38908] [I] SCOPY T1 frame=8302 bone-row1=(-0.019,-0.953,-0.302) orientation-delta-deg=11.9 witness-moved=4.51 moved-range=[0.50,12.85] slot=28 buffer-pre=sampled pre-rel=captured probe-effective=true
[22:43:05.385] [38908] [I] SCOPY T2 frame=8302 pass-geometry='Dress' numMatrices=71 frameID=8571 buffer-submit=sampled changed-since-T1=false submit-rel=captured
[22:43:05.385] [38908] [I] SCOPY T3 frame=8302 drawn=45 buffer-after-draw=sampled changed-since-T2=true final-rel=captured node-row1=(-0.019,-0.953,-0.302)
[22:43:05.385] [38908] [I] SCOPY T1c frame=8302 buffer=current slot=28 closest=bone-captured(2.01) next=bone-captured-T(2.04) | buffer=previous slot=28 closest=bone-captured(2.00) next=bone-captured-T(2.03)
[22:43:05.385] [38908] [I] SCOPY T3c frame=8302 buffer=current slot=28 closest=bone-captured(2.02) next=bone-captured-T(2.04) | buffer=previous slot=28 closest=bone-captured(2.01) next=bone-captured-T(2.04)
[22:43:05.526] [38908] [I] SCOPY T0 frame=8310 capture=2 bone='NPC Spine [Spn0]' skin='Dress' root='skeleton_female.nif' bone-origin=(-1.2,-483.7,3.8) bone-row1=(-0.021,-0.995,-0.098) witness='hdtSSEPhysics_AutoRename_Head_00000002 BDOr_H_PPW13_L1_08_00' witness-radius=21.39 subtree-nodes=968
[22:43:05.526] [38908] [I] SCOPY T1 frame=8310 bone-row1=(-0.020,-0.977,-0.214) orientation-delta-deg=6.7 witness-moved=2.55 moved-range=[0.50,12.85] slot=28 buffer-pre=sampled pre-rel=captured probe-effective=true
[22:43:05.526] [38908] [I] SCOPY T2 frame=8310 pass-geometry='Dress' numMatrices=71 frameID=8579 buffer-submit=sampled changed-since-T1=false submit-rel=captured
[22:43:05.526] [38908] [I] SCOPY T3 frame=8310 drawn=45 buffer-after-draw=sampled changed-since-T2=true final-rel=captured node-row1=(-0.020,-0.977,-0.214)
[22:43:05.526] [38908] [I] SCOPY T1c frame=8310 buffer=current slot=28 closest=captured-x-bind(2.01) next=bone-captured(2.06) | buffer=previous slot=28 closest=captured-x-bind(2.02) next=bone-captured(2.05)
[22:43:05.526] [38908] [I] SCOPY T3c frame=8310 buffer=current slot=28 closest=captured-x-bind(2.00) next=bone-captured(2.06) | buffer=previous slot=28 closest=captured-x-bind(2.01) next=bone-captured(2.06)
[22:43:05.667] [38908] [I] SCOPY T0 frame=8318 capture=2 bone='NPC Spine [Spn0]' skin='Dress' root='skeleton_female.nif' bone-origin=(-1.2,-483.7,3.8) bone-row1=(-0.021,-0.995,-0.098) witness='hdtSSEPhysics_AutoRename_Head_00000002 BDOr_H_PPW13_L1_08_00' witness-radius=21.39 subtree-nodes=968
[22:43:05.667] [38908] [I] SCOPY T1 frame=8318 bone-row1=(-0.021,-0.992,-0.122) orientation-delta-deg=1.3 witness-moved=0.51 moved-range=[0.50,12.85] slot=28 buffer-pre=sampled pre-rel=captured probe-effective=true
[22:43:05.667] [38908] [I] SCOPY T2 frame=8318 pass-geometry='Dress' numMatrices=71 frameID=8587 buffer-submit=sampled changed-since-T1=false submit-rel=captured
[22:43:05.667] [38908] [I] SCOPY T3 frame=8318 drawn=45 buffer-after-draw=sampled changed-since-T2=true final-rel=captured node-row1=(-0.021,-0.992,-0.122)
[22:43:05.667] [38908] [I] SCOPY T1c frame=8318 buffer=current slot=28 closest=captured-x-bind(2.03) next=world-x-bind(2.08) | buffer=previous slot=28 closest=captured-x-bind(2.03) next=world-x-bind(2.07)
[22:43:05.667] [38908] [I] SCOPY T3c frame=8318 buffer=current slot=28 closest=captured-x-bind(2.04) next=world-x-bind(2.09) | buffer=previous slot=28 closest=captured-x-bind(2.03) next=world-x-bind(2.08)
[22:43:05.808] [38908] [I] SCOPY T0 frame=8326 capture=2 bone='NPC Spine [Spn0]' skin='Dress' root='skeleton_female.nif' bone-origin=(-1.2,-483.7,3.8) bone-row1=(-0.021,-0.995,-0.098) witness='hdtSSEPhysics_AutoRename_Head_00000002 BDOr_H_PPW13_L1_08_00' witness-radius=21.39 subtree-nodes=968
[22:43:05.808] [38908] [I] SCOPY T1 frame=8326 bone-row1=(-0.021,-0.999,-0.028) orientation-delta-deg=4.0 witness-moved=1.53 moved-range=[0.50,12.85] slot=28 buffer-pre=sampled pre-rel=swung probe-effective=true
[22:43:05.808] [38908] [I] SCOPY T2 frame=8326 pass-geometry='Dress' numMatrices=71 frameID=8595 buffer-submit=sampled changed-since-T1=false submit-rel=swung
[22:43:05.808] [38908] [I] SCOPY T3 frame=8326 drawn=45 buffer-after-draw=sampled changed-since-T2=true final-rel=swung node-row1=(-0.021,-0.999,-0.028)
[22:43:05.808] [38908] [I] SCOPY T1c frame=8326 buffer=current slot=28 closest=world-x-bind(2.02) next=bone-world(2.04) | buffer=previous slot=28 closest=world-x-bind(2.02) next=bone-world(2.04)
[22:43:05.808] [38908] [I] SCOPY T3c frame=8326 buffer=current slot=28 closest=world-x-bind(2.01) next=bone-world(2.05) | buffer=previous slot=28 closest=world-x-bind(2.02) next=bone-world(2.04)
[22:43:05.949] [38908] [I] SCOPY T0 frame=8334 capture=2 bone='NPC Spine [Spn0]' skin='Dress' root='skeleton_female.nif' bone-origin=(-1.2,-483.7,3.8) bone-row1=(-0.021,-0.995,-0.098) witness='hdtSSEPhysics_AutoRename_Head_00000002 BDOr_H_PPW13_L1_08_00' witness-radius=21.39 subtree-nodes=968
[22:43:05.949] [38908] [I] SCOPY T1 frame=8334 bone-row1=(-0.022,-0.998,0.064) orientation-delta-deg=9.3 witness-moved=3.54 moved-range=[0.50,12.85] slot=28 buffer-pre=sampled pre-rel=swung probe-effective=true
[22:43:05.949] [38908] [I] SCOPY T2 frame=8334 pass-geometry='Dress' numMatrices=71 frameID=8603 buffer-submit=sampled changed-since-T1=false submit-rel=swung
[22:43:05.949] [38908] [I] SCOPY T3 frame=8334 drawn=45 buffer-after-draw=sampled changed-since-T2=true final-rel=swung node-row1=(-0.022,-0.998,0.064)
[22:43:05.949] [38908] [I] SCOPY T1c frame=8334 buffer=current slot=28 closest=bind-x-world(2.01) next=bone-prev-frame(2.02) | buffer=previous slot=28 closest=bind-x-world(2.01) next=bone-prev-frame(2.03)
[22:43:05.949] [38908] [I] SCOPY T3c frame=8334 buffer=current slot=28 closest=bone-prev-frame(2.02) next=bind-x-world(2.02) | buffer=previous slot=28 closest=bind-x-world(2.01) next=bone-prev-frame(2.02)
[22:43:06.092] [38908] [I] SCOPY T0 frame=8342 capture=2 bone='NPC Spine [Spn0]' skin='Dress' root='skeleton_female.nif' bone-origin=(-1.2,-483.7,3.8) bone-row1=(-0.021,-0.995,-0.098) witness='hdtSSEPhysics_AutoRename_Head_00000002 BDOr_H_PPW13_L1_08_00' witness-radius=21.39 subtree-nodes=968
[22:43:06.092] [38908] [I] SCOPY T1 frame=8342 bone-row1=(-0.022,-0.988,0.152) orientation-delta-deg=14.4 witness-moved=5.45 moved-range=[0.50,12.85] slot=28 buffer-pre=sampled pre-rel=swung probe-effective=true
[22:43:06.092] [38908] [I] SCOPY T2 frame=8342 pass-geometry='Dress' numMatrices=71 frameID=8611 buffer-submit=sampled changed-since-T1=false submit-rel=swung
[22:43:06.092] [38908] [I] SCOPY T3 frame=8342 drawn=45 buffer-after-draw=sampled changed-since-T2=true final-rel=swung node-row1=(-0.022,-0.988,0.152)
[22:43:06.092] [38908] [I] SCOPY T1c frame=8342 buffer=current slot=28 closest=bind-x-world(2.07) next=bone-prev-frame(2.13) | buffer=previous slot=28 closest=bind-x-world(2.08) next=bone-prev-frame(2.14)
[22:43:06.092] [38908] [I] SCOPY T3c frame=8342 buffer=current slot=28 closest=bind-x-world(2.07) next=bone-prev-frame(2.12) | buffer=previous slot=28 closest=bind-x-world(2.07) next=bone-prev-frame(2.13)
[22:43:06.232] [38908] [I] SCOPY T0 frame=8350 capture=2 bone='NPC Spine [Spn0]' skin='Dress' root='skeleton_female.nif' bone-origin=(-1.2,-483.7,3.8) bone-row1=(-0.021,-0.995,-0.098) witness='hdtSSEPhysics_AutoRename_Head_00000002 BDOr_H_PPW13_L1_08_00' witness-radius=21.39 subtree-nodes=968
[22:43:06.232] [38908] [I] SCOPY T1 frame=8350 bone-row1=(-0.023,-0.972,0.233) orientation-delta-deg=19.1 witness-moved=7.22 moved-range=[0.50,12.85] slot=28 buffer-pre=sampled pre-rel=swung probe-effective=true
[22:43:06.232] [38908] [I] SCOPY T2 frame=8350 pass-geometry='Dress' numMatrices=71 frameID=8619 buffer-submit=sampled changed-since-T1=false submit-rel=swung
[22:43:06.232] [38908] [I] SCOPY T3 frame=8350 drawn=45 buffer-after-draw=sampled changed-since-T2=true final-rel=swung node-row1=(-0.023,-0.972,0.233)
[22:43:06.232] [38908] [I] SCOPY T1c frame=8350 buffer=current slot=28 closest=bind-x-world(2.17) next=bone-prev-frame(2.22) | buffer=previous slot=28 closest=bind-x-world(2.17) next=bone-prev-frame(2.22)
[22:43:06.232] [38908] [I] SCOPY T3c frame=8350 buffer=current slot=28 closest=bind-x-world(2.16) next=bone-prev-frame(2.21) | buffer=previous slot=28 closest=bind-x-world(2.17) next=bone-prev-frame(2.22)
[22:43:06.374] [38908] [I] SCOPY T0 frame=8358 capture=2 bone='NPC Spine [Spn0]' skin='Dress' root='skeleton_female.nif' bone-origin=(-1.2,-483.7,3.8) bone-row1=(-0.021,-0.995,-0.098) witness='hdtSSEPhysics_AutoRename_Head_00000002 BDOr_H_PPW13_L1_08_00' witness-radius=21.39 subtree-nodes=968
[22:43:06.374] [38908] [I] SCOPY T1 frame=8358 bone-row1=(-0.023,-0.952,0.304) orientation-delta-deg=23.3 witness-moved=8.80 moved-range=[0.50,12.85] slot=28 buffer-pre=sampled pre-rel=swung probe-effective=true
[22:43:06.374] [38908] [I] SCOPY T2 frame=8358 pass-geometry='Dress' numMatrices=71 frameID=8627 buffer-submit=sampled changed-since-T1=false submit-rel=swung
[22:43:06.374] [38908] [I] SCOPY T3 frame=8358 drawn=45 buffer-after-draw=sampled changed-since-T2=true final-rel=swung node-row1=(-0.023,-0.952,0.304)
[22:43:06.374] [38908] [I] SCOPY T1c frame=8358 buffer=current slot=28 closest=bind-x-world(2.24) next=bone-prev-frame(2.29) | buffer=previous slot=28 closest=bind-x-world(2.25) next=bone-prev-frame(2.29)
[22:43:06.374] [38908] [I] SCOPY T3c frame=8358 buffer=current slot=28 closest=bind-x-world(2.24) next=bone-prev-frame(2.29) | buffer=previous slot=28 closest=bind-x-world(2.24) next=bone-prev-frame(2.29)
[22:43:06.515] [38908] [I] SCOPY T0 frame=8366 capture=2 bone='NPC Spine [Spn0]' skin='Dress' root='skeleton_female.nif' bone-origin=(-1.2,-483.7,3.8) bone-row1=(-0.021,-0.995,-0.098) witness='hdtSSEPhysics_AutoRename_Head_00000002 BDOr_H_PPW13_L1_08_00' witness-radius=21.39 subtree-nodes=968
[22:43:06.515] [38908] [I] SCOPY T1 frame=8366 bone-row1=(-0.023,-0.931,0.364) orientation-delta-deg=27.0 witness-moved=10.16 moved-range=[0.50,12.85] slot=28 buffer-pre=sampled pre-rel=swung probe-effective=true
[22:43:06.515] [38908] [I] SCOPY T2 frame=8366 pass-geometry='Dress' numMatrices=71 frameID=8635 buffer-submit=sampled changed-since-T1=false submit-rel=swung
[22:43:06.515] [38908] [I] SCOPY T3 frame=8366 drawn=45 buffer-after-draw=sampled changed-since-T2=true final-rel=swung node-row1=(-0.023,-0.931,0.364)
[22:43:06.515] [38908] [I] SCOPY T1c frame=8366 buffer=current slot=28 closest=bind-x-world(2.30) next=bone-prev-frame(2.35) | buffer=previous slot=28 closest=bind-x-world(2.30) next=bone-prev-frame(2.35)
[22:43:06.515] [38908] [I] SCOPY T3c frame=8366 buffer=current slot=28 closest=bind-x-world(2.30) next=bone-prev-frame(2.34) | buffer=previous slot=28 closest=bind-x-world(2.30) next=bone-prev-frame(2.35)
[22:43:06.657] [38908] [I] SCOPY T0 frame=8374 capture=2 bone='NPC Spine [Spn0]' skin='Dress' root='skeleton_female.nif' bone-origin=(-1.2,-483.7,3.8) bone-row1=(-0.021,-0.995,-0.098) witness='hdtSSEPhysics_AutoRename_Head_00000002 BDOr_H_PPW13_L1_08_00' witness-radius=21.39 subtree-nodes=968
[22:43:06.657] [38908] [I] SCOPY T1 frame=8374 bone-row1=(-0.022,-0.911,0.412) orientation-delta-deg=30.0 witness-moved=11.26 moved-range=[0.50,12.85] slot=28 buffer-pre=sampled pre-rel=swung probe-effective=true
[22:43:06.657] [38908] [I] SCOPY T2 frame=8374 pass-geometry='Dress' numMatrices=71 frameID=8643 buffer-submit=sampled changed-since-T1=false submit-rel=swung
[22:43:06.657] [38908] [I] SCOPY T3 frame=8374 drawn=45 buffer-after-draw=sampled changed-since-T2=true final-rel=swung node-row1=(-0.022,-0.911,0.412)
[22:43:06.657] [38908] [I] SCOPY T1c frame=8374 buffer=current slot=28 closest=bind-x-world(2.35) next=bone-prev-frame(2.39) | buffer=previous slot=28 closest=bind-x-world(2.35) next=bone-prev-frame(2.39)
[22:43:06.657] [38908] [I] SCOPY T3c frame=8374 buffer=current slot=28 closest=bind-x-world(2.34) next=bone-prev-frame(2.38) | buffer=previous slot=28 closest=bind-x-world(2.35) next=bone-prev-frame(2.39)
[22:43:06.798] [38908] [I] SCOPY T0 frame=8382 capture=2 bone='NPC Spine [Spn0]' skin='Dress' root='skeleton_female.nif' bone-origin=(-1.2,-483.7,3.8) bone-row1=(-0.021,-0.995,-0.098) witness='hdtSSEPhysics_AutoRename_Head_00000002 BDOr_H_PPW13_L1_08_00' witness-radius=21.39 subtree-nodes=968
[22:43:06.798] [38908] [I] SCOPY T1 frame=8382 bone-row1=(-0.022,-0.894,0.448) orientation-delta-deg=32.3 witness-moved=12.09 moved-range=[0.50,12.85] slot=28 buffer-pre=sampled pre-rel=swung probe-effective=true
[22:43:06.798] [38908] [I] SCOPY T2 frame=8382 pass-geometry='Dress' numMatrices=71 frameID=8651 buffer-submit=sampled changed-since-T1=false submit-rel=swung
[22:43:06.798] [38908] [I] SCOPY T3 frame=8382 drawn=45 buffer-after-draw=sampled changed-since-T2=true final-rel=swung node-row1=(-0.022,-0.894,0.448)
[22:43:06.798] [38908] [I] SCOPY T1c frame=8382 buffer=current slot=28 closest=bind-x-world(2.38) next=bone-prev-frame(2.41) | buffer=previous slot=28 closest=bind-x-world(2.38) next=bone-prev-frame(2.42)
[22:43:06.798] [38908] [I] SCOPY T3c frame=8382 buffer=current slot=28 closest=bind-x-world(2.37) next=bone-prev-frame(2.41) | buffer=previous slot=28 closest=bind-x-world(2.38) next=bone-prev-frame(2.41)
[22:43:06.939] [38908] [I] SCOPY T0 frame=8390 capture=2 bone='NPC Spine [Spn0]' skin='Dress' root='skeleton_female.nif' bone-origin=(-1.2,-483.7,3.8) bone-row1=(-0.021,-0.995,-0.098) witness='hdtSSEPhysics_AutoRename_Head_00000002 BDOr_H_PPW13_L1_08_00' witness-radius=21.39 subtree-nodes=968
[22:43:06.939] [38908] [I] SCOPY T1 frame=8390 bone-row1=(-0.022,-0.882,0.470) orientation-delta-deg=33.7 witness-moved=12.62 moved-range=[0.50,12.85] slot=28 buffer-pre=sampled pre-rel=swung probe-effective=true
[22:43:06.939] [38908] [I] SCOPY T2 frame=8390 pass-geometry='Dress' numMatrices=71 frameID=8659 buffer-submit=sampled changed-since-T1=false submit-rel=swung
[22:43:06.939] [38908] [I] SCOPY T3 frame=8390 drawn=45 buffer-after-draw=sampled changed-since-T2=true final-rel=swung node-row1=(-0.022,-0.882,0.470)
[22:43:06.939] [38908] [I] SCOPY T1c frame=8390 buffer=current slot=28 closest=bind-x-world(2.39) next=bone-prev-frame(2.43) | buffer=previous slot=28 closest=bind-x-world(2.39) next=bone-prev-frame(2.43)
[22:43:06.939] [38908] [I] SCOPY T3c frame=8390 buffer=current slot=28 closest=bind-x-world(2.39) next=bone-prev-frame(2.43) | buffer=previous slot=28 closest=bind-x-world(2.39) next=bone-prev-frame(2.43)
[22:43:07.063] [38908] [I] Clone draw: passes=45 rd-null=45 lights=3 | geoms=49 skinned=49 roots=2 num-mat=908 bone-count=941 bound=908
[22:43:07.063] [38908] [I] SCOPY DRAW frame=2041 passes=45 lights=true animation-driver=none physics-driver=none
[22:43:07.081] [38908] [I] SCOPY T0 frame=8398 capture=2 bone='NPC Spine [Spn0]' skin='Dress' root='skeleton_female.nif' bone-origin=(-1.2,-483.7,3.8) bone-row1=(-0.021,-0.995,-0.098) witness='hdtSSEPhysics_AutoRename_Head_00000002 BDOr_H_PPW13_L1_08_00' witness-radius=21.39 subtree-nodes=968
[22:43:07.081] [38908] [I] SCOPY T1 frame=8398 bone-row1=(-0.022,-0.877,0.480) orientation-delta-deg=34.4 witness-moved=12.85 moved-range=[0.50,12.85] slot=28 buffer-pre=sampled pre-rel=swung probe-effective=true
[22:43:07.081] [38908] [I] SCOPY T2 frame=8398 pass-geometry='Dress' numMatrices=71 frameID=8667 buffer-submit=sampled changed-since-T1=false submit-rel=swung
[22:43:07.081] [38908] [I] SCOPY T3 frame=8398 drawn=45 buffer-after-draw=sampled changed-since-T2=true final-rel=swung node-row1=(-0.022,-0.877,0.480)
[22:43:07.081] [38908] [I] SCOPY T1c frame=8398 buffer=current slot=28 closest=bind-x-world(2.40) next=bone-prev-frame(2.44) | buffer=previous slot=28 closest=bind-x-world(2.40) next=bone-prev-frame(2.44)
[22:43:07.081] [38908] [I] SCOPY T3c frame=8398 buffer=current slot=28 closest=bind-x-world(2.40) next=bone-prev-frame(2.44) | buffer=previous slot=28 closest=bind-x-world(2.40) next=bone-prev-frame(2.44)
[22:43:07.222] [38908] [I] SCOPY T0 frame=8406 capture=2 bone='NPC Spine [Spn0]' skin='Dress' root='skeleton_female.nif' bone-origin=(-1.2,-483.7,3.8) bone-row1=(-0.021,-0.995,-0.098) witness='hdtSSEPhysics_AutoRename_Head_00000002 BDOr_H_PPW13_L1_08_00' witness-radius=21.39 subtree-nodes=968
[22:43:07.222] [38908] [I] SCOPY T1 frame=8406 bone-row1=(-0.022,-0.879,0.477) orientation-delta-deg=34.1 witness-moved=12.77 moved-range=[0.50,12.85] slot=28 buffer-pre=sampled pre-rel=swung probe-effective=true
[22:43:07.222] [38908] [I] SCOPY T2 frame=8406 pass-geometry='Dress' numMatrices=71 frameID=8675 buffer-submit=sampled changed-since-T1=false submit-rel=swung
[22:43:07.222] [38908] [I] SCOPY T3 frame=8406 drawn=45 buffer-after-draw=sampled changed-since-T2=true final-rel=swung node-row1=(-0.022,-0.879,0.477)
[22:43:07.222] [38908] [I] SCOPY T1c frame=8406 buffer=current slot=28 closest=bind-x-world(2.40) next=bone-world(2.44) | buffer=previous slot=28 closest=bind-x-world(2.40) next=bone-world(2.44)
[22:43:07.222] [38908] [I] SCOPY T3c frame=8406 buffer=current slot=28 closest=bind-x-world(2.40) next=bone-world(2.44) | buffer=previous slot=28 closest=bind-x-world(2.40) next=bone-world(2.44)
[22:43:07.364] [38908] [I] SCOPY T0 frame=8414 capture=2 bone='NPC Spine [Spn0]' skin='Dress' root='skeleton_female.nif' bone-origin=(-1.2,-483.7,3.8) bone-row1=(-0.021,-0.995,-0.098) witness='hdtSSEPhysics_AutoRename_Head_00000002 BDOr_H_PPW13_L1_08_00' witness-radius=21.39 subtree-nodes=968
[22:43:07.364] [38908] [I] SCOPY T1 frame=8414 bone-row1=(-0.022,-0.887,0.461) orientation-delta-deg=33.1 witness-moved=12.39 moved-range=[0.50,12.85] slot=28 buffer-pre=sampled pre-rel=swung probe-effective=true
[22:43:07.364] [38908] [I] SCOPY T2 frame=8414 pass-geometry='Dress' numMatrices=71 frameID=8683 buffer-submit=sampled changed-since-T1=false submit-rel=swung
[22:43:07.364] [38908] [I] SCOPY T3 frame=8414 drawn=45 buffer-after-draw=sampled changed-since-T2=true final-rel=swung node-row1=(-0.022,-0.887,0.461)
[22:43:07.364] [38908] [I] SCOPY T1c frame=8414 buffer=current slot=28 closest=bind-x-world(2.38) next=bone-world(2.42) | buffer=previous slot=28 closest=bind-x-world(2.38) next=bone-world(2.42)
[22:43:07.364] [38908] [I] SCOPY T3c frame=8414 buffer=current slot=28 closest=bind-x-world(2.38) next=bone-world(2.43) | buffer=previous slot=28 closest=bind-x-world(2.38) next=bone-world(2.42)
[22:43:07.505] [38908] [I] SCOPY T0 frame=8422 capture=2 bone='NPC Spine [Spn0]' skin='Dress' root='skeleton_female.nif' bone-origin=(-1.2,-483.7,3.8) bone-row1=(-0.021,-0.995,-0.098) witness='hdtSSEPhysics_AutoRename_Head_00000002 BDOr_H_PPW13_L1_08_00' witness-radius=21.39 subtree-nodes=968
[22:43:07.505] [38908] [I] SCOPY T1 frame=8422 bone-row1=(-0.022,-0.902,0.432) orientation-delta-deg=31.2 witness-moved=11.71 moved-range=[0.50,12.85] slot=28 buffer-pre=sampled pre-rel=swung probe-effective=true
[22:43:07.505] [38908] [I] SCOPY T2 frame=8422 pass-geometry='Dress' numMatrices=71 frameID=8691 buffer-submit=sampled changed-since-T1=false submit-rel=swung
[22:43:07.505] [38908] [I] SCOPY T3 frame=8422 drawn=45 buffer-after-draw=sampled changed-since-T2=true final-rel=swung node-row1=(-0.022,-0.902,0.432)
[22:43:07.505] [38908] [I] SCOPY T1c frame=8422 buffer=current slot=28 closest=bind-x-world(2.36) next=bone-world(2.40) | buffer=previous slot=28 closest=bind-x-world(2.36) next=bone-world(2.40)
[22:43:07.505] [38908] [I] SCOPY T3c frame=8422 buffer=current slot=28 closest=bind-x-world(2.36) next=bone-world(2.40) | buffer=previous slot=28 closest=bind-x-world(2.36) next=bone-world(2.40)
[22:43:07.646] [38908] [I] SCOPY T0 frame=8430 capture=2 bone='NPC Spine [Spn0]' skin='Dress' root='skeleton_female.nif' bone-origin=(-1.2,-483.7,3.8) bone-row1=(-0.021,-0.995,-0.098) witness='hdtSSEPhysics_AutoRename_Head_00000002 BDOr_H_PPW13_L1_08_00' witness-radius=21.39 subtree-nodes=968
[22:43:07.646] [38908] [I] SCOPY T1 frame=8430 bone-row1=(-0.022,-0.921,0.390) orientation-delta-deg=28.6 witness-moved=10.74 moved-range=[0.50,12.85] slot=28 buffer-pre=sampled pre-rel=swung probe-effective=true
[22:43:07.646] [38908] [I] SCOPY T2 frame=8430 pass-geometry='Dress' numMatrices=71 frameID=8699 buffer-submit=sampled changed-since-T1=false submit-rel=swung
[22:43:07.646] [38908] [I] SCOPY T3 frame=8430 drawn=45 buffer-after-draw=sampled changed-since-T2=true final-rel=swung node-row1=(-0.022,-0.921,0.390)
[22:43:07.646] [38908] [I] SCOPY T1c frame=8430 buffer=current slot=28 closest=bind-x-world(2.32) next=bone-world(2.37) | buffer=previous slot=28 closest=bind-x-world(2.32) next=bone-world(2.37)
[22:43:07.646] [38908] [I] SCOPY T3c frame=8430 buffer=current slot=28 closest=bind-x-world(2.32) next=bone-world(2.37) | buffer=previous slot=28 closest=bind-x-world(2.32) next=bone-world(2.37)
[22:43:07.787] [38908] [I] SCOPY T0 frame=8438 capture=2 bone='NPC Spine [Spn0]' skin='Dress' root='skeleton_female.nif' bone-origin=(-1.2,-483.7,3.8) bone-row1=(-0.021,-0.995,-0.098) witness='hdtSSEPhysics_AutoRename_Head_00000002 BDOr_H_PPW13_L1_08_00' witness-radius=21.39 subtree-nodes=968
[22:43:07.787] [38908] [I] SCOPY T1 frame=8438 bone-row1=(-0.023,-0.942,0.335) orientation-delta-deg=25.2 witness-moved=9.51 moved-range=[0.50,12.85] slot=28 buffer-pre=sampled pre-rel=swung probe-effective=true
[22:43:07.787] [38908] [I] SCOPY T2 frame=8438 pass-geometry='Dress' numMatrices=71 frameID=8707 buffer-submit=sampled changed-since-T1=false submit-rel=swung
[22:43:07.787] [38908] [I] SCOPY T3 frame=8438 drawn=45 buffer-after-draw=sampled changed-since-T2=true final-rel=swung node-row1=(-0.023,-0.942,0.335)
[22:43:07.787] [38908] [I] SCOPY T1c frame=8438 buffer=current slot=28 closest=bind-x-world(2.27) next=bone-world(2.32) | buffer=previous slot=28 closest=bind-x-world(2.26) next=bone-world(2.32)
[22:43:07.787] [38908] [I] SCOPY T3c frame=8438 buffer=current slot=28 closest=bind-x-world(2.27) next=bone-world(2.33) | buffer=previous slot=28 closest=bind-x-world(2.27) next=bone-world(2.32)
[22:43:07.930] [38908] [I] SCOPY T0 frame=8446 capture=2 bone='NPC Spine [Spn0]' skin='Dress' root='skeleton_female.nif' bone-origin=(-1.2,-483.7,3.8) bone-row1=(-0.021,-0.995,-0.098) witness='hdtSSEPhysics_AutoRename_Head_00000002 BDOr_H_PPW13_L1_08_00' witness-radius=21.39 subtree-nodes=968
[22:43:07.930] [38908] [I] SCOPY T1 frame=8446 bone-row1=(-0.023,-0.963,0.269) orientation-delta-deg=21.3 witness-moved=8.03 moved-range=[0.50,12.85] slot=28 buffer-pre=sampled pre-rel=swung probe-effective=true
[22:43:07.930] [38908] [I] SCOPY T2 frame=8446 pass-geometry='Dress' numMatrices=71 frameID=8715 buffer-submit=sampled changed-since-T1=false submit-rel=swung
[22:43:07.930] [38908] [I] SCOPY T3 frame=8446 drawn=45 buffer-after-draw=sampled changed-since-T2=true final-rel=swung node-row1=(-0.023,-0.963,0.269)
[22:43:07.930] [38908] [I] SCOPY T1c frame=8446 buffer=current slot=28 closest=bind-x-world(2.20) next=bone-world(2.26) | buffer=previous slot=28 closest=bind-x-world(2.19) next=bone-world(2.26)
[22:43:07.930] [38908] [I] SCOPY T3c frame=8446 buffer=current slot=28 closest=bind-x-world(2.20) next=bone-world(2.26) | buffer=previous slot=28 closest=bind-x-world(2.20) next=bone-world(2.26)
[22:43:08.070] [38908] [I] SCOPY T0 frame=8454 capture=2 bone='NPC Spine [Spn0]' skin='Dress' root='skeleton_female.nif' bone-origin=(-1.2,-483.7,3.8) bone-row1=(-0.021,-0.995,-0.098) witness='hdtSSEPhysics_AutoRename_Head_00000002 BDOr_H_PPW13_L1_08_00' witness-radius=21.39 subtree-nodes=968
[22:43:08.070] [38908] [I] SCOPY T1 frame=8454 bone-row1=(-0.022,-0.981,0.193) orientation-delta-deg=16.8 witness-moved=6.36 moved-range=[0.50,12.85] slot=28 buffer-pre=sampled pre-rel=swung probe-effective=true
[22:43:08.070] [38908] [I] SCOPY T2 frame=8454 pass-geometry='Dress' numMatrices=71 frameID=8723 buffer-submit=sampled changed-since-T1=false submit-rel=swung
[22:43:08.070] [38908] [I] SCOPY T3 frame=8454 drawn=45 buffer-after-draw=sampled changed-since-T2=true final-rel=swung node-row1=(-0.022,-0.981,0.193)
[22:43:08.070] [38908] [I] SCOPY T1c frame=8454 buffer=current slot=28 closest=bind-x-world(2.11) next=bone-world(2.18) | buffer=previous slot=28 closest=bind-x-world(2.11) next=bone-world(2.18)
[22:43:08.070] [38908] [I] SCOPY T3c frame=8454 buffer=current slot=28 closest=bind-x-world(2.12) next=bone-world(2.19) | buffer=previous slot=28 closest=bind-x-world(2.11) next=bone-world(2.18)
[22:43:08.210] [38908] [I] SCOPY T0 frame=8462 capture=2 bone='NPC Spine [Spn0]' skin='Dress' root='skeleton_female.nif' bone-origin=(-1.2,-483.7,3.8) bone-row1=(-0.021,-0.995,-0.098) witness='hdtSSEPhysics_AutoRename_Head_00000002 BDOr_H_PPW13_L1_08_00' witness-radius=21.39 subtree-nodes=968
[22:43:08.210] [38908] [I] SCOPY T1 frame=8462 bone-row1=(-0.022,-0.994,0.109) orientation-delta-deg=11.9 witness-moved=4.51 moved-range=[0.50,12.85] slot=28 buffer-pre=sampled pre-rel=swung probe-effective=true
[22:43:08.210] [38908] [I] SCOPY T2 frame=8462 pass-geometry='Dress' numMatrices=71 frameID=8731 buffer-submit=sampled changed-since-T1=false submit-rel=swung
[22:43:08.210] [38908] [I] SCOPY T3 frame=8462 drawn=45 buffer-after-draw=sampled changed-since-T2=true final-rel=swung node-row1=(-0.022,-0.994,0.109)
[22:43:08.210] [38908] [I] SCOPY T1c frame=8462 buffer=current slot=28 closest=bind-x-world(2.01) next=bone-world(2.09) | buffer=previous slot=28 closest=bind-x-world(2.00) next=bone-world(2.08)
[22:43:08.210] [38908] [I] SCOPY T3c frame=8462 buffer=current slot=28 closest=bind-x-world(2.01) next=bone-world(2.09) | buffer=previous slot=28 closest=bind-x-world(2.01) next=bone-world(2.09)
[22:43:08.352] [38908] [I] SCOPY T0 frame=8470 capture=2 bone='NPC Spine [Spn0]' skin='Dress' root='skeleton_female.nif' bone-origin=(-1.2,-483.7,3.8) bone-row1=(-0.021,-0.995,-0.098) witness='hdtSSEPhysics_AutoRename_Head_00000002 BDOr_H_PPW13_L1_08_00' witness-radius=21.39 subtree-nodes=968
[22:43:08.352] [38908] [I] SCOPY T1 frame=8470 bone-row1=(-0.022,-1.000,0.018) orientation-delta-deg=6.7 witness-moved=2.55 moved-range=[0.50,12.85] slot=28 buffer-pre=sampled pre-rel=swung probe-effective=true
[22:43:08.352] [38908] [I] SCOPY T2 frame=8470 pass-geometry='Dress' numMatrices=71 frameID=8739 buffer-submit=sampled changed-since-T1=false submit-rel=swung
[22:43:08.352] [38908] [I] SCOPY T3 frame=8470 drawn=45 buffer-after-draw=sampled changed-since-T2=true final-rel=swung node-row1=(-0.022,-1.000,0.018)
[22:43:08.352] [38908] [I] SCOPY T1c frame=8470 buffer=current slot=28 closest=bone-prev-frame(2.00) next=bone-world(2.00) | buffer=previous slot=28 closest=bone-prev-frame(1.99) next=bone-world(2.01)
[22:43:08.352] [38908] [I] SCOPY T3c frame=8470 buffer=current slot=28 closest=bone-world(1.99) next=bone-prev-frame(2.00) | buffer=previous slot=28 closest=bone-prev-frame(2.00) next=bone-world(2.00)
[22:43:08.493] [38908] [I] SCOPY T0 frame=8478 capture=2 bone='NPC Spine [Spn0]' skin='Dress' root='skeleton_female.nif' bone-origin=(-1.2,-483.7,3.8) bone-row1=(-0.021,-0.995,-0.098) witness='hdtSSEPhysics_AutoRename_Head_00000002 BDOr_H_PPW13_L1_08_00' witness-radius=21.39 subtree-nodes=968
[22:43:08.493] [38908] [I] SCOPY T1 frame=8478 bone-row1=(-0.021,-0.997,-0.075) orientation-delta-deg=1.3 witness-moved=0.51 moved-range=[0.50,12.85] slot=28 buffer-pre=sampled pre-rel=swung probe-effective=true
[22:43:08.493] [38908] [I] SCOPY T2 frame=8478 pass-geometry='Dress' numMatrices=71 frameID=8747 buffer-submit=sampled changed-since-T1=false submit-rel=swung
[22:43:08.493] [38908] [I] SCOPY T3 frame=8478 drawn=45 buffer-after-draw=sampled changed-since-T2=true final-rel=swung node-row1=(-0.021,-0.997,-0.075)
[22:43:08.493] [38908] [I] SCOPY T1c frame=8478 buffer=current slot=28 closest=world-x-bind(2.04) next=captured-x-bind(2.08) | buffer=previous slot=28 closest=world-x-bind(2.04) next=captured-x-bind(2.09)
[22:43:08.493] [38908] [I] SCOPY T3c frame=8478 buffer=current slot=28 closest=world-x-bind(2.03) next=captured-x-bind(2.07) | buffer=previous slot=28 closest=world-x-bind(2.04) next=captured-x-bind(2.08)
[22:43:08.636] [38908] [I] SCOPY T0 frame=8486 capture=2 bone='NPC Spine [Spn0]' skin='Dress' root='skeleton_female.nif' bone-origin=(-1.2,-483.7,3.8) bone-row1=(-0.021,-0.995,-0.098) witness='hdtSSEPhysics_AutoRename_Head_00000002 BDOr_H_PPW13_L1_08_00' witness-radius=21.39 subtree-nodes=968
[22:43:08.636] [38908] [I] SCOPY T1 frame=8486 bone-row1=(-0.020,-0.986,-0.168) orientation-delta-deg=4.0 witness-moved=1.53 moved-range=[0.50,12.85] slot=28 buffer-pre=sampled pre-rel=captured probe-effective=true
[22:43:08.636] [38908] [I] SCOPY T2 frame=8486 pass-geometry='Dress' numMatrices=71 frameID=8755 buffer-submit=sampled changed-since-T1=false submit-rel=captured
[22:43:08.636] [38908] [I] SCOPY T3 frame=8486 drawn=45 buffer-after-draw=sampled changed-since-T2=true final-rel=captured node-row1=(-0.020,-0.986,-0.168)
[22:43:08.636] [38908] [I] SCOPY T1c frame=8486 buffer=current slot=28 closest=captured-x-bind(2.02) next=bone-captured(2.10) | buffer=previous slot=28 closest=captured-x-bind(2.03) next=bone-captured(2.11)
[22:43:08.636] [38908] [I] SCOPY T3c frame=8486 buffer=current slot=28 closest=captured-x-bind(2.01) next=bone-captured(2.09) | buffer=previous slot=28 closest=captured-x-bind(2.02) next=bone-captured(2.10)
[22:43:08.776] [38908] [I] SCOPY T0 frame=8494 capture=2 bone='NPC Spine [Spn0]' skin='Dress' root='skeleton_female.nif' bone-origin=(-1.2,-483.7,3.8) bone-row1=(-0.021,-0.995,-0.098) witness='hdtSSEPhysics_AutoRename_Head_00000002 BDOr_H_PPW13_L1_08_00' witness-radius=21.39 subtree-nodes=968
[22:43:08.776] [38908] [I] SCOPY T1 frame=8494 bone-row1=(-0.019,-0.966,-0.259) orientation-delta-deg=9.3 witness-moved=3.54 moved-range=[0.50,12.85] slot=28 buffer-pre=sampled pre-rel=captured probe-effective=true
[22:43:08.776] [38908] [I] SCOPY T2 frame=8494 pass-geometry='Dress' numMatrices=71 frameID=8763 buffer-submit=sampled changed-since-T1=false submit-rel=captured
[22:43:08.776] [38908] [I] SCOPY T3 frame=8494 drawn=45 buffer-after-draw=sampled changed-since-T2=true final-rel=captured node-row1=(-0.019,-0.966,-0.259)
[22:43:08.776] [38908] [I] SCOPY T1c frame=8494 buffer=current slot=28 closest=captured-x-bind(2.03) next=bone-captured(2.04) | buffer=previous slot=28 closest=captured-x-bind(2.02) next=bone-captured(2.05)
[22:43:08.776] [38908] [I] SCOPY T3c frame=8494 buffer=current slot=28 closest=bone-captured(2.04) next=captured-x-bind(2.04) | buffer=previous slot=28 closest=captured-x-bind(2.03) next=bone-captured(2.04)
[22:43:08.917] [38908] [I] SCOPY T0 frame=8502 capture=2 bone='NPC Spine [Spn0]' skin='Dress' root='skeleton_female.nif' bone-origin=(-1.2,-483.7,3.8) bone-row1=(-0.021,-0.995,-0.098) witness='hdtSSEPhysics_AutoRename_Head_00000002 BDOr_H_PPW13_L1_08_00' witness-radius=21.39 subtree-nodes=968
[22:43:08.917] [38908] [I] SCOPY T1 frame=8502 bone-row1=(-0.018,-0.939,-0.343) orientation-delta-deg=14.4 witness-moved=5.45 moved-range=[0.50,12.85] slot=28 buffer-pre=sampled pre-rel=captured probe-effective=true
[22:43:08.917] [38908] [I] SCOPY T2 frame=8502 pass-geometry='Dress' numMatrices=71 frameID=8771 buffer-submit=sampled changed-since-T1=false submit-rel=captured
[22:43:08.917] [38908] [I] SCOPY T3 frame=8502 drawn=45 buffer-after-draw=sampled changed-since-T2=true final-rel=captured node-row1=(-0.018,-0.939,-0.343)
[22:43:08.917] [38908] [I] SCOPY T1c frame=8502 buffer=current slot=28 closest=bone-captured(2.01) next=bone-captured-T(2.04) | buffer=previous slot=28 closest=bone-captured(2.00) next=bone-captured-T(2.03)
[22:43:08.917] [38908] [I] SCOPY T3c frame=8502 buffer=current slot=28 closest=bone-captured(2.02) next=bone-captured-T(2.05) | buffer=previous slot=28 closest=bone-captured(2.01) next=bone-captured-T(2.04)
[22:43:09.058] [38908] [I] SCOPY T0 frame=8510 capture=2 bone='NPC Spine [Spn0]' skin='Dress' root='skeleton_female.nif' bone-origin=(-1.2,-483.7,3.8) bone-row1=(-0.021,-0.995,-0.098) witness='hdtSSEPhysics_AutoRename_Head_00000002 BDOr_H_PPW13_L1_08_00' witness-radius=21.39 subtree-nodes=968
[22:43:09.058] [38908] [I] SCOPY T1 frame=8510 bone-row1=(-0.017,-0.908,-0.419) orientation-delta-deg=19.1 witness-moved=7.22 moved-range=[0.50,12.85] slot=28 buffer-pre=sampled pre-rel=captured probe-effective=true
[22:43:09.058] [38908] [I] SCOPY T2 frame=8510 pass-geometry='Dress' numMatrices=71 frameID=8779 buffer-submit=sampled changed-since-T1=false submit-rel=captured
[22:43:09.058] [38908] [I] SCOPY T3 frame=8510 drawn=45 buffer-after-draw=sampled changed-since-T2=true final-rel=captured node-row1=(-0.017,-0.908,-0.419)
[22:43:09.058] [38908] [I] SCOPY T1c frame=8510 buffer=current slot=28 closest=bone-captured(2.09) next=bone-captured-T(2.11) | buffer=previous slot=28 closest=bone-captured(2.08) next=bone-captured-T(2.11)
[22:43:09.058] [38908] [I] SCOPY T3c frame=8510 buffer=current slot=28 closest=bone-captured(2.10) next=bone-captured-T(2.12) | buffer=previous slot=28 closest=bone-captured(2.09) next=bone-captured-T(2.11)
[22:43:09.181] [38908] [I] Clone draw: passes=45 rd-null=45 lights=3 | geoms=49 skinned=49 roots=2 num-mat=908 bone-count=941 bound=908
[22:43:09.181] [38908] [I] SCOPY DRAW frame=2161 passes=45 lights=true animation-driver=none physics-driver=none
[22:43:09.199] [38908] [I] SCOPY T0 frame=8518 capture=2 bone='NPC Spine [Spn0]' skin='Dress' root='skeleton_female.nif' bone-origin=(-1.2,-483.7,3.8) bone-row1=(-0.021,-0.995,-0.098) witness='hdtSSEPhysics_AutoRename_Head_00000002 BDOr_H_PPW13_L1_08_00' witness-radius=21.39 subtree-nodes=968
[22:43:09.199] [38908] [I] SCOPY T1 frame=8518 bone-row1=(-0.016,-0.875,-0.485) orientation-delta-deg=23.3 witness-moved=8.80 moved-range=[0.50,12.85] slot=28 buffer-pre=sampled pre-rel=captured probe-effective=true
[22:43:09.199] [38908] [I] SCOPY T2 frame=8518 pass-geometry='Dress' numMatrices=71 frameID=8787 buffer-submit=sampled changed-since-T1=false submit-rel=captured
[22:43:09.199] [38908] [I] SCOPY T3 frame=8518 drawn=45 buffer-after-draw=sampled changed-since-T2=true final-rel=captured node-row1=(-0.016,-0.875,-0.485)
[22:43:09.199] [38908] [I] SCOPY T1c frame=8518 buffer=current slot=28 closest=bone-captured(2.16) next=bone-captured-T(2.18) | buffer=previous slot=28 closest=bone-captured(2.15) next=bone-captured-T(2.17)
[22:43:09.199] [38908] [I] SCOPY T3c frame=8518 buffer=current slot=28 closest=bone-captured(2.17) next=bone-captured-T(2.19) | buffer=previous slot=28 closest=bone-captured(2.16) next=bone-captured-T(2.18)
[22:43:09.234] [38908] [I] SCOPY ROTATE angle-deg=630
[22:43:09.342] [38908] [I] SCOPY T0 frame=8526 capture=2 bone='NPC Spine [Spn0]' skin='Dress' root='skeleton_female.nif' bone-origin=(1.6,-484.2,3.8) bone-row1=(1.000,-0.022,0.007) witness='hdtSSEPhysics_AutoRename_Head_00000002 BDOr_H_PPW13_L1_08_00' witness-radius=21.39 subtree-nodes=968
[22:43:09.342] [38908] [I] SCOPY T1 frame=8526 bone-row1=(0.895,0.025,-0.446) orientation-delta-deg=27.0 witness-moved=10.11 moved-range=[0.50,12.85] slot=28 buffer-pre=sampled pre-rel=captured probe-effective=true
[22:43:09.342] [38908] [I] SCOPY T2 frame=8526 pass-geometry='Dress' numMatrices=71 frameID=8795 buffer-submit=sampled changed-since-T1=false submit-rel=captured
[22:43:09.342] [38908] [I] SCOPY T3 frame=8526 drawn=45 buffer-after-draw=sampled changed-since-T2=true final-rel=captured node-row1=(0.895,0.025,-0.446)
[22:43:09.342] [38908] [I] SCOPY T1c frame=8526 buffer=current slot=28 closest=captured-x-bind(2.45) next=world-x-bind(2.48) | buffer=previous slot=28 closest=captured-x-bind(2.44) next=world-x-bind(2.49)
[22:43:09.342] [38908] [I] SCOPY T3c frame=8526 buffer=current slot=28 closest=captured-x-bind(2.46) next=world-x-bind(2.48) | buffer=previous slot=28 closest=captured-x-bind(2.45) next=world-x-bind(2.48)
[22:43:09.492] [38908] [I] SCOPY T0 frame=8534 capture=2 bone='NPC Spine [Spn0]' skin='Dress' root='skeleton_female.nif' bone-origin=(1.6,-484.2,3.8) bone-row1=(1.000,-0.022,0.007) witness='hdtSSEPhysics_AutoRename_Head_00000002 BDOr_H_PPW13_L1_08_00' witness-radius=21.39 subtree-nodes=968
[22:43:09.492] [38908] [I] SCOPY T1 frame=8534 bone-row1=(0.870,0.030,-0.492) orientation-delta-deg=30.0 witness-moved=11.21 moved-range=[0.50,12.85] slot=28 buffer-pre=sampled pre-rel=captured probe-effective=true
[22:43:09.492] [38908] [I] SCOPY T2 frame=8534 pass-geometry='Dress' numMatrices=71 frameID=8803 buffer-submit=sampled changed-since-T1=false submit-rel=captured
[22:43:09.492] [38908] [I] SCOPY T3 frame=8534 drawn=45 buffer-after-draw=sampled changed-since-T2=true final-rel=captured node-row1=(0.870,0.030,-0.492)
[22:43:09.492] [38908] [I] SCOPY T1c frame=8534 buffer=current slot=28 closest=captured-x-bind(2.50) next=world-x-bind(2.51) | buffer=previous slot=28 closest=captured-x-bind(2.50) next=world-x-bind(2.52)
[22:43:09.492] [38908] [I] SCOPY T3c frame=8534 buffer=current slot=28 closest=captured-x-bind(2.51) next=world-x-bind(2.51) | buffer=previous slot=28 closest=captured-x-bind(2.50) next=world-x-bind(2.51)
[22:43:09.631] [38908] [I] SCOPY T0 frame=8542 capture=2 bone='NPC Spine [Spn0]' skin='Dress' root='skeleton_female.nif' bone-origin=(1.6,-484.2,3.8) bone-row1=(1.000,-0.022,0.007) witness='hdtSSEPhysics_AutoRename_Head_00000002 BDOr_H_PPW13_L1_08_00' witness-radius=21.39 subtree-nodes=968
[22:43:09.631] [38908] [I] SCOPY T1 frame=8542 bone-row1=(0.850,0.034,-0.526) orientation-delta-deg=32.3 witness-moved=12.03 moved-range=[0.50,12.85] slot=28 buffer-pre=sampled pre-rel=neither probe-effective=true
[22:43:09.631] [38908] [I] SCOPY T2 frame=8542 pass-geometry='Dress' numMatrices=71 frameID=8811 buffer-submit=sampled changed-since-T1=false submit-rel=neither
[22:43:09.631] [38908] [I] SCOPY T3 frame=8542 drawn=45 buffer-after-draw=sampled changed-since-T2=true final-rel=neither node-row1=(0.850,0.034,-0.526)
[22:43:09.631] [38908] [I] SCOPY T1c frame=8542 buffer=current slot=28 closest=world-x-bind(2.53) next=captured-x-bind(2.54) | buffer=previous slot=28 closest=world-x-bind(2.53) next=captured-x-bind(2.54)
[22:43:09.631] [38908] [I] SCOPY T3c frame=8542 buffer=current slot=28 closest=world-x-bind(2.53) next=captured-x-bind(2.55) | buffer=previous slot=28 closest=world-x-bind(2.53) next=captured-x-bind(2.54)
[22:43:09.772] [38908] [I] SCOPY T0 frame=8550 capture=2 bone='NPC Spine [Spn0]' skin='Dress' root='skeleton_female.nif' bone-origin=(1.6,-484.2,3.8) bone-row1=(1.000,-0.022,0.007) witness='hdtSSEPhysics_AutoRename_Head_00000002 BDOr_H_PPW13_L1_08_00' witness-radius=21.39 subtree-nodes=968
[22:43:09.772] [38908] [I] SCOPY T1 frame=8550 bone-row1=(0.836,0.037,-0.547) orientation-delta-deg=33.7 witness-moved=12.57 moved-range=[0.50,12.85] slot=28 buffer-pre=sampled pre-rel=swung probe-effective=true
[22:43:09.772] [38908] [I] SCOPY T2 frame=8550 pass-geometry='Dress' numMatrices=71 frameID=8819 buffer-submit=sampled changed-since-T1=false submit-rel=swung
[22:43:09.772] [38908] [I] SCOPY T3 frame=8550 drawn=45 buffer-after-draw=sampled changed-since-T2=true final-rel=swung node-row1=(0.836,0.037,-0.547)
[22:43:09.772] [38908] [I] SCOPY T1c frame=8550 buffer=current slot=28 closest=world-x-bind(2.54) next=captured-x-bind(2.57) | buffer=previous slot=28 closest=world-x-bind(2.54) next=captured-x-bind(2.57)
[22:43:09.772] [38908] [I] SCOPY T3c frame=8550 buffer=current slot=28 closest=world-x-bind(2.54) next=captured-x-bind(2.57) | buffer=previous slot=28 closest=world-x-bind(2.54) next=captured-x-bind(2.57)
[22:43:09.913] [38908] [I] SCOPY T0 frame=8558 capture=2 bone='NPC Spine [Spn0]' skin='Dress' root='skeleton_female.nif' bone-origin=(1.6,-484.2,3.8) bone-row1=(1.000,-0.022,0.007) witness='hdtSSEPhysics_AutoRename_Head_00000002 BDOr_H_PPW13_L1_08_00' witness-radius=21.39 subtree-nodes=968
[22:43:09.913] [38908] [I] SCOPY T1 frame=8558 bone-row1=(0.830,0.038,-0.556) orientation-delta-deg=34.4 witness-moved=12.79 moved-range=[0.50,12.85] slot=28 buffer-pre=sampled pre-rel=swung probe-effective=true
[22:43:09.913] [38908] [I] SCOPY T2 frame=8558 pass-geometry='Dress' numMatrices=71 frameID=8827 buffer-submit=sampled changed-since-T1=false submit-rel=swung
[22:43:09.913] [38908] [I] SCOPY T3 frame=8558 drawn=45 buffer-after-draw=sampled changed-since-T2=true final-rel=swung node-row1=(0.830,0.038,-0.556)
[22:43:09.913] [38908] [I] SCOPY T1c frame=8558 buffer=current slot=28 closest=world-x-bind(2.55) next=captured-x-bind(2.58) | buffer=previous slot=28 closest=world-x-bind(2.55) next=captured-x-bind(2.58)
[22:43:09.913] [38908] [I] SCOPY T3c frame=8558 buffer=current slot=28 closest=world-x-bind(2.55) next=captured-x-bind(2.58) | buffer=previous slot=28 closest=world-x-bind(2.55) next=captured-x-bind(2.58)
[22:43:10.054] [38908] [I] SCOPY T0 frame=8566 capture=2 bone='NPC Spine [Spn0]' skin='Dress' root='skeleton_female.nif' bone-origin=(1.6,-484.2,3.8) bone-row1=(1.000,-0.022,0.007) witness='hdtSSEPhysics_AutoRename_Head_00000002 BDOr_H_PPW13_L1_08_00' witness-radius=21.39 subtree-nodes=968
[22:43:10.054] [38908] [I] SCOPY T1 frame=8566 bone-row1=(0.832,0.037,-0.553) orientation-delta-deg=34.1 witness-moved=12.72 moved-range=[0.50,12.85] slot=28 buffer-pre=sampled pre-rel=swung probe-effective=true
[22:43:10.054] [38908] [I] SCOPY T2 frame=8566 pass-geometry='Dress' numMatrices=71 frameID=8835 buffer-submit=sampled changed-since-T1=false submit-rel=swung
[22:43:10.054] [38908] [I] SCOPY T3 frame=8566 drawn=45 buffer-after-draw=sampled changed-since-T2=true final-rel=swung node-row1=(0.832,0.037,-0.553)
[22:43:10.054] [38908] [I] SCOPY T1c frame=8566 buffer=current slot=28 closest=world-x-bind(2.54) next=captured-x-bind(2.58) | buffer=previous slot=28 closest=world-x-bind(2.54) next=captured-x-bind(2.58)
[22:43:10.054] [38908] [I] SCOPY T3c frame=8566 buffer=current slot=28 closest=world-x-bind(2.55) next=captured-x-bind(2.58) | buffer=previous slot=28 closest=world-x-bind(2.54) next=captured-x-bind(2.58)
[22:43:10.195] [38908] [I] SCOPY T0 frame=8574 capture=2 bone='NPC Spine [Spn0]' skin='Dress' root='skeleton_female.nif' bone-origin=(1.6,-484.2,3.8) bone-row1=(1.000,-0.022,0.007) witness='hdtSSEPhysics_AutoRename_Head_00000002 BDOr_H_PPW13_L1_08_00' witness-radius=21.39 subtree-nodes=968
[22:43:10.196] [38908] [I] SCOPY T1 frame=8574 bone-row1=(0.842,0.036,-0.538) orientation-delta-deg=33.1 witness-moved=12.34 moved-range=[0.50,12.85] slot=28 buffer-pre=sampled pre-rel=swung probe-effective=true
[22:43:10.196] [38908] [I] SCOPY T2 frame=8574 pass-geometry='Dress' numMatrices=71 frameID=8843 buffer-submit=sampled changed-since-T1=false submit-rel=swung
[22:43:10.196] [38908] [I] SCOPY T3 frame=8574 drawn=45 buffer-after-draw=sampled changed-since-T2=true final-rel=neither node-row1=(0.842,0.036,-0.538)
[22:43:10.196] [38908] [I] SCOPY T1c frame=8574 buffer=current slot=28 closest=world-x-bind(2.54) next=captured-x-bind(2.56) | buffer=previous slot=28 closest=world-x-bind(2.54) next=captured-x-bind(2.57)
[22:43:10.196] [38908] [I] SCOPY T3c frame=8574 buffer=current slot=28 closest=world-x-bind(2.54) next=captured-x-bind(2.56) | buffer=previous slot=28 closest=world-x-bind(2.54) next=captured-x-bind(2.56)
[22:43:10.338] [38908] [I] SCOPY T0 frame=8582 capture=2 bone='NPC Spine [Spn0]' skin='Dress' root='skeleton_female.nif' bone-origin=(1.6,-484.2,3.8) bone-row1=(1.000,-0.022,0.007) witness='hdtSSEPhysics_AutoRename_Head_00000002 BDOr_H_PPW13_L1_08_00' witness-radius=21.39 subtree-nodes=968
[22:43:10.338] [38908] [I] SCOPY T1 frame=8582 bone-row1=(0.859,0.032,-0.510) orientation-delta-deg=31.2 witness-moved=11.66 moved-range=[0.50,12.85] slot=28 buffer-pre=sampled pre-rel=neither probe-effective=true
[22:43:10.338] [38908] [I] SCOPY T2 frame=8582 pass-geometry='Dress' numMatrices=71 frameID=8851 buffer-submit=sampled changed-since-T1=false submit-rel=neither
[22:43:10.338] [38908] [I] SCOPY T3 frame=8582 drawn=45 buffer-after-draw=sampled changed-since-T2=true final-rel=captured node-row1=(0.859,0.032,-0.510)
[22:43:10.338] [38908] [I] SCOPY T1c frame=8582 buffer=current slot=28 closest=world-x-bind(2.52) next=captured-x-bind(2.53) | buffer=previous slot=28 closest=world-x-bind(2.52) next=captured-x-bind(2.54)
[22:43:10.338] [38908] [I] SCOPY T3c frame=8582 buffer=current slot=28 closest=world-x-bind(2.52) next=captured-x-bind(2.53) | buffer=previous slot=28 closest=world-x-bind(2.52) next=captured-x-bind(2.53)
[22:43:10.479] [38908] [I] SCOPY T0 frame=8590 capture=2 bone='NPC Spine [Spn0]' skin='Dress' root='skeleton_female.nif' bone-origin=(1.6,-484.2,3.8) bone-row1=(1.000,-0.022,0.007) witness='hdtSSEPhysics_AutoRename_Head_00000002 BDOr_H_PPW13_L1_08_00' witness-radius=21.39 subtree-nodes=968
[22:43:10.479] [38908] [I] SCOPY T1 frame=8590 bone-row1=(0.882,0.028,-0.470) orientation-delta-deg=28.6 witness-moved=10.70 moved-range=[0.50,12.85] slot=28 buffer-pre=sampled pre-rel=captured probe-effective=true
[22:43:10.479] [38908] [I] SCOPY T2 frame=8590 pass-geometry='Dress' numMatrices=71 frameID=8859 buffer-submit=sampled changed-since-T1=false submit-rel=captured
[22:43:10.479] [38908] [I] SCOPY T3 frame=8590 drawn=45 buffer-after-draw=sampled changed-since-T2=true final-rel=captured node-row1=(0.882,0.028,-0.470)
[22:43:10.479] [38908] [I] SCOPY T1c frame=8590 buffer=current slot=28 closest=captured-x-bind(2.49) next=world-x-bind(2.50) | buffer=previous slot=28 closest=world-x-bind(2.49) next=captured-x-bind(2.50)
[22:43:10.479] [38908] [I] SCOPY T3c frame=8590 buffer=current slot=28 closest=captured-x-bind(2.48) next=world-x-bind(2.50) | buffer=previous slot=28 closest=captured-x-bind(2.49) next=world-x-bind(2.50)
[22:43:10.568] [38908] [I] SCOPY ROTATE angle-deg=720
[22:43:10.622] [38908] [I] SCOPY T0 frame=8598 capture=2 bone='NPC Spine [Spn0]' skin='Dress' root='skeleton_female.nif' bone-origin=(1.2,-487.0,3.8) bone-row1=(0.021,0.995,0.098) witness='hdtSSEPhysics_AutoRename_Head_00000002 BDOr_H_PPW13_L1_08_00' witness-radius=21.39 subtree-nodes=968
[22:43:10.622] [38908] [I] SCOPY T1 frame=8598 bone-row1=(0.023,0.942,-0.335) orientation-delta-deg=25.2 witness-moved=9.35 moved-range=[0.50,12.85] slot=28 buffer-pre=sampled pre-rel=swung probe-effective=true
[22:43:10.622] [38908] [I] SCOPY T2 frame=8598 pass-geometry='Dress' numMatrices=71 frameID=8867 buffer-submit=sampled changed-since-T1=false submit-rel=swung
[22:43:10.622] [38908] [I] SCOPY T3 frame=8598 drawn=45 buffer-after-draw=sampled changed-since-T2=true final-rel=swung node-row1=(0.023,0.942,-0.335)
[22:43:10.622] [38908] [I] SCOPY T1c frame=8598 buffer=current slot=28 closest=bone-captured-T(2.14) next=bind(2.20) | buffer=previous slot=28 closest=bone-captured-T(2.15) next=bind(2.21)
[22:43:10.622] [38908] [I] SCOPY T3c frame=8598 buffer=current slot=28 closest=bone-captured-T(2.13) next=bind(2.19) | buffer=previous slot=28 closest=bone-captured-T(2.14) next=bind(2.20)
[22:43:10.762] [38908] [I] SCOPY T0 frame=8606 capture=2 bone='NPC Spine [Spn0]' skin='Dress' root='skeleton_female.nif' bone-origin=(1.2,-487.0,3.8) bone-row1=(0.021,0.995,0.098) witness='hdtSSEPhysics_AutoRename_Head_00000002 BDOr_H_PPW13_L1_08_00' witness-radius=21.39 subtree-nodes=968
[22:43:10.762] [38908] [I] SCOPY T1 frame=8606 bone-row1=(0.023,0.963,-0.269) orientation-delta-deg=21.3 witness-moved=7.90 moved-range=[0.50,12.85] slot=28 buffer-pre=sampled pre-rel=swung probe-effective=true
[22:43:10.762] [38908] [I] SCOPY T2 frame=8606 pass-geometry='Dress' numMatrices=71 frameID=8875 buffer-submit=sampled changed-since-T1=false submit-rel=swung
[22:43:10.762] [38908] [I] SCOPY T3 frame=8606 drawn=45 buffer-after-draw=sampled changed-since-T2=true final-rel=swung node-row1=(0.023,0.963,-0.269)
[22:43:10.762] [38908] [I] SCOPY T1c frame=8606 buffer=current slot=28 closest=bone-captured-T(2.08) next=bind(2.14) | buffer=previous slot=28 closest=bone-captured-T(2.09) next=bind(2.15)
[22:43:10.762] [38908] [I] SCOPY T3c frame=8606 buffer=current slot=28 closest=bone-captured-T(2.07) next=bind(2.13) | buffer=previous slot=28 closest=bone-captured-T(2.08) next=bind(2.14)
[22:43:10.903] [38908] [I] SCOPY T0 frame=8614 capture=2 bone='NPC Spine [Spn0]' skin='Dress' root='skeleton_female.nif' bone-origin=(1.2,-487.0,3.8) bone-row1=(0.021,0.995,0.098) witness='hdtSSEPhysics_AutoRename_Head_00000002 BDOr_H_PPW13_L1_08_00' witness-radius=21.39 subtree-nodes=968
[22:43:10.903] [38908] [I] SCOPY T1 frame=8614 bone-row1=(0.022,0.981,-0.193) orientation-delta-deg=16.8 witness-moved=6.25 moved-range=[0.50,12.85] slot=28 buffer-pre=sampled pre-rel=swung probe-effective=true
[22:43:10.903] [38908] [I] SCOPY T2 frame=8614 pass-geometry='Dress' numMatrices=71 frameID=8883 buffer-submit=sampled changed-since-T1=false submit-rel=swung
[22:43:10.903] [38908] [I] SCOPY T3 frame=8614 drawn=45 buffer-after-draw=sampled changed-since-T2=true final-rel=swung node-row1=(0.022,0.981,-0.193)
[22:43:10.903] [38908] [I] SCOPY T1c frame=8614 buffer=current slot=28 closest=bone-captured-T(2.06) next=bind(2.07) | buffer=previous slot=28 closest=bone-captured-T(2.06) next=bind(2.08)
[22:43:10.903] [38908] [I] SCOPY T3c frame=8614 buffer=current slot=28 closest=bind(2.06) next=bone-captured-T(2.07) | buffer=previous slot=28 closest=bone-captured-T(2.06) next=bind(2.07)
[22:43:11.044] [38908] [I] SCOPY T0 frame=8622 capture=2 bone='NPC Spine [Spn0]' skin='Dress' root='skeleton_female.nif' bone-origin=(1.2,-487.0,3.8) bone-row1=(0.021,0.995,0.098) witness='hdtSSEPhysics_AutoRename_Head_00000002 BDOr_H_PPW13_L1_08_00' witness-radius=21.39 subtree-nodes=968
[22:43:11.044] [38908] [I] SCOPY T1 frame=8622 bone-row1=(0.022,0.994,-0.109) orientation-delta-deg=11.9 witness-moved=4.44 moved-range=[0.50,12.85] slot=28 buffer-pre=sampled pre-rel=swung probe-effective=true
[22:43:11.044] [38908] [I] SCOPY T2 frame=8622 pass-geometry='Dress' numMatrices=71 frameID=8891 buffer-submit=sampled changed-since-T1=false submit-rel=swung
[22:43:11.044] [38908] [I] SCOPY T3 frame=8622 drawn=45 buffer-after-draw=sampled changed-since-T2=true final-rel=swung node-row1=(0.022,0.994,-0.109)
[22:43:11.044] [38908] [I] SCOPY T1c frame=8622 buffer=current slot=28 closest=bind(2.00) next=bone-world(2.09) | buffer=previous slot=28 closest=bind(2.01) next=bone-world(2.08)
[22:43:11.044] [38908] [I] SCOPY T3c frame=8622 buffer=current slot=28 closest=bind(2.00) next=bone-world(2.09) | buffer=previous slot=28 closest=bind(2.00) next=bone-world(2.09)
[22:43:11.185] [38908] [I] SCOPY T0 frame=8630 capture=2 bone='NPC Spine [Spn0]' skin='Dress' root='skeleton_female.nif' bone-origin=(1.2,-487.0,3.8) bone-row1=(0.021,0.995,0.098) witness='hdtSSEPhysics_AutoRename_Head_00000002 BDOr_H_PPW13_L1_08_00' witness-radius=21.39 subtree-nodes=968
[22:43:11.185] [38908] [I] SCOPY T1 frame=8630 bone-row1=(0.022,1.000,-0.018) orientation-delta-deg=6.7 witness-moved=2.50 moved-range=[0.50,12.85] slot=28 buffer-pre=sampled pre-rel=swung probe-effective=true
[22:43:11.185] [38908] [I] SCOPY T2 frame=8630 pass-geometry='Dress' numMatrices=71 frameID=8899 buffer-submit=sampled changed-since-T1=false submit-rel=swung
[22:43:11.185] [38908] [I] SCOPY T3 frame=8630 drawn=45 buffer-after-draw=sampled changed-since-T2=true final-rel=swung node-row1=(0.022,1.000,-0.018)
[22:43:11.185] [38908] [I] SCOPY T1c frame=8630 buffer=current slot=28 closest=bone-prev-frame(2.00) next=bone-world(2.00) | buffer=previous slot=28 closest=bone-prev-frame(1.99) next=bind(2.00)
[22:43:11.185] [38908] [I] SCOPY T3c frame=8630 buffer=current slot=28 closest=bone-world(1.99) next=bone-prev-frame(2.00) | buffer=previous slot=28 closest=bone-prev-frame(2.00) next=bone-world(2.00)
[22:43:11.309] [38908] [I] Clone draw: passes=45 rd-null=45 lights=3 | geoms=49 skinned=49 roots=2 num-mat=908 bone-count=941 bound=908
[22:43:11.309] [38908] [I] SCOPY DRAW frame=2281 passes=45 lights=true animation-driver=none physics-driver=none
[22:43:11.328] [38908] [I] SCOPY T0 frame=8638 capture=2 bone='NPC Spine [Spn0]' skin='Dress' root='skeleton_female.nif' bone-origin=(1.2,-487.0,3.8) bone-row1=(0.021,0.995,0.098) witness='hdtSSEPhysics_AutoRename_Head_00000002 BDOr_H_PPW13_L1_08_00' witness-radius=21.39 subtree-nodes=968
[22:43:11.328] [38908] [I] SCOPY T1 frame=8638 bone-row1=(0.021,0.997,0.075) orientation-delta-deg=1.3 witness-moved=0.50 moved-range=[0.50,12.85] slot=28 buffer-pre=sampled pre-rel=swung probe-effective=true
[22:43:11.328] [38908] [I] SCOPY T2 frame=8638 pass-geometry='Dress' numMatrices=71 frameID=8907 buffer-submit=sampled changed-since-T1=false submit-rel=swung
[22:43:11.328] [38908] [I] SCOPY T3 frame=8638 drawn=45 buffer-after-draw=sampled changed-since-T2=true final-rel=swung node-row1=(0.021,0.997,0.075)
[22:43:11.328] [38908] [I] SCOPY T1c frame=8638 buffer=current slot=28 closest=bind-x-world(2.03) next=world-x-bind(2.04) | buffer=previous slot=28 closest=bind-x-world(2.04) next=world-x-bind(2.04)
[22:43:11.328] [38908] [I] SCOPY T3c frame=8638 buffer=current slot=28 closest=bind-x-world(2.03) next=world-x-bind(2.03) | buffer=previous slot=28 closest=bind-x-world(2.03) next=world-x-bind(2.04)
[22:43:11.468] [38908] [I] SCOPY T0 frame=8646 capture=2 bone='NPC Spine [Spn0]' skin='Dress' root='skeleton_female.nif' bone-origin=(1.2,-487.0,3.8) bone-row1=(0.021,0.995,0.098) witness='hdtSSEPhysics_AutoRename_Head_00000002 BDOr_H_PPW13_L1_08_00' witness-radius=21.39 subtree-nodes=968
[22:43:11.468] [38908] [I] SCOPY T1 frame=8646 bone-row1=(0.020,0.986,0.168) orientation-delta-deg=4.0 witness-moved=1.51 moved-range=[0.50,12.85] slot=28 buffer-pre=sampled pre-rel=captured probe-effective=true
[22:43:11.468] [38908] [I] SCOPY T2 frame=8646 pass-geometry='Dress' numMatrices=71 frameID=8915 buffer-submit=sampled changed-since-T1=false submit-rel=captured
[22:43:11.468] [38908] [I] SCOPY T3 frame=8646 drawn=45 buffer-after-draw=sampled changed-since-T2=true final-rel=captured node-row1=(0.020,0.986,0.168)
[22:43:11.468] [38908] [I] SCOPY T1c frame=8646 buffer=current slot=28 closest=bind-T(1.98) next=captured-x-bind(2.02) | buffer=previous slot=28 closest=bind-T(1.99) next=captured-x-bind(2.03)
[22:43:11.468] [38908] [I] SCOPY T3c frame=8646 buffer=current slot=28 closest=bind-T(1.97) next=captured-x-bind(2.01) | buffer=previous slot=28 closest=bind-T(1.98) next=captured-x-bind(2.02)
[22:43:11.608] [38908] [I] SCOPY T0 frame=8654 capture=2 bone='NPC Spine [Spn0]' skin='Dress' root='skeleton_female.nif' bone-origin=(1.2,-487.0,3.8) bone-row1=(0.021,0.995,0.098) witness='hdtSSEPhysics_AutoRename_Head_00000002 BDOr_H_PPW13_L1_08_00' witness-radius=21.39 subtree-nodes=968
[22:43:11.608] [38908] [I] SCOPY T1 frame=8654 bone-row1=(0.019,0.966,0.259) orientation-delta-deg=9.3 witness-moved=3.48 moved-range=[0.50,12.85] slot=28 buffer-pre=sampled pre-rel=captured probe-effective=true
[22:43:11.608] [38908] [I] SCOPY T2 frame=8654 pass-geometry='Dress' numMatrices=71 frameID=8923 buffer-submit=sampled changed-since-T1=false submit-rel=captured
[22:43:11.608] [38908] [I] SCOPY T3 frame=8654 drawn=45 buffer-after-draw=sampled changed-since-T2=true final-rel=captured node-row1=(0.019,0.966,0.259)
[22:43:11.608] [38908] [I] SCOPY T1c frame=8654 buffer=current slot=28 closest=captured-x-bind(2.03) next=bind-T(2.04) | buffer=previous slot=28 closest=captured-x-bind(2.02) next=bind-T(2.03)
[22:43:11.608] [38908] [I] SCOPY T3c frame=8654 buffer=current slot=28 closest=bone-captured(2.04) next=captured-x-bind(2.04) | buffer=previous slot=28 closest=captured-x-bind(2.03) next=bind-T(2.04)
[22:43:11.760] [38908] [I] SCOPY T0 frame=8662 capture=2 bone='NPC Spine [Spn0]' skin='Dress' root='skeleton_female.nif' bone-origin=(1.2,-487.0,3.8) bone-row1=(0.021,0.995,0.098) witness='hdtSSEPhysics_AutoRename_Head_00000002 BDOr_H_PPW13_L1_08_00' witness-radius=21.39 subtree-nodes=968
[22:43:11.760] [38908] [I] SCOPY T1 frame=8662 bone-row1=(0.018,0.939,0.343) orientation-delta-deg=14.4 witness-moved=5.36 moved-range=[0.50,12.85] slot=28 buffer-pre=sampled pre-rel=captured probe-effective=true
[22:43:11.760] [38908] [I] SCOPY T2 frame=8662 pass-geometry='Dress' numMatrices=71 frameID=8931 buffer-submit=sampled changed-since-T1=false submit-rel=captured
[22:43:11.760] [38908] [I] SCOPY T3 frame=8662 drawn=45 buffer-after-draw=sampled changed-since-T2=true final-rel=captured node-row1=(0.018,0.939,0.343)
[22:43:11.760] [38908] [I] SCOPY T1c frame=8662 buffer=current slot=28 closest=bone-captured(2.01) next=captured-x-bind(2.11) | buffer=previous slot=28 closest=bone-captured(2.00) next=captured-x-bind(2.10)
[22:43:11.760] [38908] [I] SCOPY T3c frame=8662 buffer=current slot=28 closest=bone-captured(2.02) next=captured-x-bind(2.12) | buffer=previous slot=28 closest=bone-captured(2.01) next=captured-x-bind(2.11)
[22:43:11.901] [38908] [I] SCOPY T0 frame=8670 capture=2 bone='NPC Spine [Spn0]' skin='Dress' root='skeleton_female.nif' bone-origin=(1.2,-487.0,3.8) bone-row1=(0.021,0.995,0.098) witness='hdtSSEPhysics_AutoRename_Head_00000002 BDOr_H_PPW13_L1_08_00' witness-radius=21.39 subtree-nodes=968
[22:43:11.901] [38908] [I] SCOPY T1 frame=8670 bone-row1=(0.017,0.908,0.419) orientation-delta-deg=19.1 witness-moved=7.10 moved-range=[0.50,12.85] slot=28 buffer-pre=sampled pre-rel=captured probe-effective=true
[22:43:11.901] [38908] [I] SCOPY T2 frame=8670 pass-geometry='Dress' numMatrices=71 frameID=8939 buffer-submit=sampled changed-since-T1=false submit-rel=captured
[22:43:11.901] [38908] [I] SCOPY T3 frame=8670 drawn=45 buffer-after-draw=sampled changed-since-T2=true final-rel=captured node-row1=(0.017,0.908,0.419)
[22:43:11.901] [38908] [I] SCOPY T1c frame=8670 buffer=current slot=28 closest=bone-captured(2.09) next=captured-x-bind(2.18) | buffer=previous slot=28 closest=bone-captured(2.08) next=captured-x-bind(2.17)
[22:43:11.901] [38908] [I] SCOPY T3c frame=8670 buffer=current slot=28 closest=bone-captured(2.10) next=captured-x-bind(2.19) | buffer=previous slot=28 closest=bone-captured(2.09) next=captured-x-bind(2.18)
[22:43:12.041] [38908] [I] SCOPY T0 frame=8678 capture=2 bone='NPC Spine [Spn0]' skin='Dress' root='skeleton_female.nif' bone-origin=(1.2,-487.0,3.8) bone-row1=(0.021,0.995,0.098) witness='hdtSSEPhysics_AutoRename_Head_00000002 BDOr_H_PPW13_L1_08_00' witness-radius=21.39 subtree-nodes=968
[22:43:12.041] [38908] [I] SCOPY T1 frame=8678 bone-row1=(0.016,0.875,0.485) orientation-delta-deg=23.3 witness-moved=8.65 moved-range=[0.50,12.85] slot=28 buffer-pre=sampled pre-rel=captured probe-effective=true
[22:43:12.041] [38908] [I] SCOPY T2 frame=8678 pass-geometry='Dress' numMatrices=71 frameID=8947 buffer-submit=sampled changed-since-T1=false submit-rel=captured
[22:43:12.041] [38908] [I] SCOPY T3 frame=8678 drawn=45 buffer-after-draw=sampled changed-since-T2=true final-rel=captured node-row1=(0.016,0.875,0.485)
[22:43:12.041] [38908] [I] SCOPY T1c frame=8678 buffer=current slot=28 closest=bone-captured(2.16) next=captured-x-bind(2.25) | buffer=previous slot=28 closest=bone-captured(2.15) next=captured-x-bind(2.24)
[22:43:12.041] [38908] [I] SCOPY T3c frame=8678 buffer=current slot=28 closest=bone-captured(2.17) next=captured-x-bind(2.26) | buffer=previous slot=28 closest=bone-captured(2.16) next=captured-x-bind(2.25)
[22:43:12.180] [38908] [I] SCOPY T0 frame=8686 capture=2 bone='NPC Spine [Spn0]' skin='Dress' root='skeleton_female.nif' bone-origin=(1.2,-487.0,3.8) bone-row1=(0.021,0.995,0.098) witness='hdtSSEPhysics_AutoRename_Head_00000002 BDOr_H_PPW13_L1_08_00' witness-radius=21.39 subtree-nodes=968
[22:43:12.180] [38908] [I] SCOPY T1 frame=8686 bone-row1=(0.015,0.842,0.539) orientation-delta-deg=27.0 witness-moved=9.99 moved-range=[0.50,12.85] slot=28 buffer-pre=sampled pre-rel=captured probe-effective=true
[22:43:12.180] [38908] [I] SCOPY T2 frame=8686 pass-geometry='Dress' numMatrices=71 frameID=8955 buffer-submit=sampled changed-since-T1=false submit-rel=captured
[22:43:12.180] [38908] [I] SCOPY T3 frame=8686 drawn=45 buffer-after-draw=sampled changed-since-T2=true final-rel=captured node-row1=(0.015,0.842,0.539)
[22:43:12.180] [38908] [I] SCOPY T1c frame=8686 buffer=current slot=28 closest=bone-captured(2.22) next=captured-x-bind(2.31) | buffer=previous slot=28 closest=bone-captured(2.21) next=captured-x-bind(2.31)
[22:43:12.180] [38908] [I] SCOPY T3c frame=8686 buffer=current slot=28 closest=bone-captured(2.23) next=captured-x-bind(2.32) | buffer=previous slot=28 closest=bone-captured(2.22) next=captured-x-bind(2.31)
[22:43:12.324] [38908] [I] SCOPY T0 frame=8694 capture=2 bone='NPC Spine [Spn0]' skin='Dress' root='skeleton_female.nif' bone-origin=(1.2,-487.0,3.8) bone-row1=(0.021,0.995,0.098) witness='hdtSSEPhysics_AutoRename_Head_00000002 BDOr_H_PPW13_L1_08_00' witness-radius=21.39 subtree-nodes=968
[22:43:12.324] [38908] [I] SCOPY T1 frame=8694 bone-row1=(0.014,0.813,0.583) orientation-delta-deg=30.0 witness-moved=11.07 moved-range=[0.50,12.85] slot=28 buffer-pre=sampled pre-rel=captured probe-effective=true
[22:43:12.324] [38908] [I] SCOPY T2 frame=8694 pass-geometry='Dress' numMatrices=71 frameID=8963 buffer-submit=sampled changed-since-T1=false submit-rel=captured
[22:43:12.324] [38908] [I] SCOPY T3 frame=8694 drawn=45 buffer-after-draw=sampled changed-since-T2=true final-rel=captured node-row1=(0.014,0.813,0.583)
[22:43:12.324] [38908] [I] SCOPY T1c frame=8694 buffer=current slot=28 closest=bone-captured(2.27) next=captured-x-bind(2.36) | buffer=previous slot=28 closest=bone-captured(2.26) next=captured-x-bind(2.36)
[22:43:12.324] [38908] [I] SCOPY T3c frame=8694 buffer=current slot=28 closest=bone-captured(2.28) next=captured-x-bind(2.37) | buffer=previous slot=28 closest=bone-captured(2.27) next=captured-x-bind(2.36)
[22:43:12.467] [38908] [I] SCOPY T0 frame=8702 capture=2 bone='NPC Spine [Spn0]' skin='Dress' root='skeleton_female.nif' bone-origin=(1.2,-487.0,3.8) bone-row1=(0.021,0.995,0.098) witness='hdtSSEPhysics_AutoRename_Head_00000002 BDOr_H_PPW13_L1_08_00' witness-radius=21.39 subtree-nodes=968
[22:43:12.467] [38908] [I] SCOPY T1 frame=8702 bone-row1=(0.013,0.789,0.614) orientation-delta-deg=32.3 witness-moved=11.88 moved-range=[0.50,12.85] slot=28 buffer-pre=sampled pre-rel=captured probe-effective=true
[22:43:12.467] [38908] [I] SCOPY T2 frame=8702 pass-geometry='Dress' numMatrices=71 frameID=8971 buffer-submit=sampled changed-since-T1=false submit-rel=captured
[22:43:12.467] [38908] [I] SCOPY T3 frame=8702 drawn=45 buffer-after-draw=sampled changed-since-T2=true final-rel=captured node-row1=(0.013,0.789,0.614)
[22:43:12.467] [38908] [I] SCOPY T1c frame=8702 buffer=current slot=28 closest=bone-captured(2.31) next=captured-x-bind(2.40) | buffer=previous slot=28 closest=bone-captured(2.31) next=captured-x-bind(2.40)
[22:43:12.467] [38908] [I] SCOPY T3c frame=8702 buffer=current slot=28 closest=bone-captured(2.31) next=captured-x-bind(2.41) | buffer=previous slot=28 closest=bone-captured(2.31) next=captured-x-bind(2.40)
[22:43:12.609] [38908] [I] SCOPY T0 frame=8710 capture=2 bone='NPC Spine [Spn0]' skin='Dress' root='skeleton_female.nif' bone-origin=(1.2,-487.0,3.8) bone-row1=(0.021,0.995,0.098) witness='hdtSSEPhysics_AutoRename_Head_00000002 BDOr_H_PPW13_L1_08_00' witness-radius=21.39 subtree-nodes=968
[22:43:12.609] [38908] [I] SCOPY T1 frame=8710 bone-row1=(0.013,0.773,0.634) orientation-delta-deg=33.7 witness-moved=12.41 moved-range=[0.50,12.85] slot=28 buffer-pre=sampled pre-rel=captured probe-effective=true
[22:43:12.609] [38908] [I] SCOPY T2 frame=8710 pass-geometry='Dress' numMatrices=71 frameID=8979 buffer-submit=sampled changed-since-T1=false submit-rel=captured
[22:43:12.609] [38908] [I] SCOPY T3 frame=8710 drawn=45 buffer-after-draw=sampled changed-since-T2=true final-rel=captured node-row1=(0.013,0.773,0.634)
[22:43:12.609] [38908] [I] SCOPY T1c frame=8710 buffer=current slot=28 closest=bone-captured(2.34) next=captured-x-bind(2.43) | buffer=previous slot=28 closest=bone-captured(2.33) next=captured-x-bind(2.43)
[22:43:12.609] [38908] [I] SCOPY T3c frame=8710 buffer=current slot=28 closest=bone-captured(2.34) next=captured-x-bind(2.43) | buffer=previous slot=28 closest=bone-captured(2.34) next=captured-x-bind(2.43)
[22:43:12.751] [38908] [I] SCOPY T0 frame=8718 capture=2 bone='NPC Spine [Spn0]' skin='Dress' root='skeleton_female.nif' bone-origin=(1.2,-487.0,3.8) bone-row1=(0.021,0.995,0.098) witness='hdtSSEPhysics_AutoRename_Head_00000002 BDOr_H_PPW13_L1_08_00' witness-radius=21.39 subtree-nodes=968
[22:43:12.751] [38908] [I] SCOPY T1 frame=8718 bone-row1=(0.012,0.766,0.643) orientation-delta-deg=34.4 witness-moved=12.64 moved-range=[0.50,12.85] slot=28 buffer-pre=sampled pre-rel=captured probe-effective=true
[22:43:12.751] [38908] [I] SCOPY T2 frame=8718 pass-geometry='Dress' numMatrices=71 frameID=8987 buffer-submit=sampled changed-since-T1=false submit-rel=captured
[22:43:12.751] [38908] [I] SCOPY T3 frame=8718 drawn=45 buffer-after-draw=sampled changed-since-T2=true final-rel=captured node-row1=(0.012,0.766,0.643)
[22:43:12.751] [38908] [I] SCOPY T1c frame=8718 buffer=current slot=28 closest=bone-captured(2.35) next=captured-x-bind(2.44) | buffer=previous slot=28 closest=bone-captured(2.35) next=captured-x-bind(2.44)
[22:43:12.751] [38908] [I] SCOPY T3c frame=8718 buffer=current slot=28 closest=bone-captured(2.35) next=captured-x-bind(2.44) | buffer=previous slot=28 closest=bone-captured(2.35) next=captured-x-bind(2.44)
[22:43:12.892] [38908] [I] SCOPY T0 frame=8726 capture=2 bone='NPC Spine [Spn0]' skin='Dress' root='skeleton_female.nif' bone-origin=(1.2,-487.0,3.8) bone-row1=(0.021,0.995,0.098) witness='hdtSSEPhysics_AutoRename_Head_00000002 BDOr_H_PPW13_L1_08_00' witness-radius=21.39 subtree-nodes=968
[22:43:12.892] [38908] [I] SCOPY T1 frame=8726 bone-row1=(0.012,0.768,0.640) orientation-delta-deg=34.1 witness-moved=12.56 moved-range=[0.50,12.85] slot=28 buffer-pre=sampled pre-rel=captured probe-effective=true
[22:43:12.892] [38908] [I] SCOPY T2 frame=8726 pass-geometry='Dress' numMatrices=71 frameID=8995 buffer-submit=sampled changed-since-T1=false submit-rel=captured
[22:43:12.892] [38908] [I] SCOPY T3 frame=8726 drawn=45 buffer-after-draw=sampled changed-since-T2=true final-rel=captured node-row1=(0.012,0.768,0.640)
[22:43:12.892] [38908] [I] SCOPY T1c frame=8726 buffer=current slot=28 closest=bone-captured(2.35) next=captured-x-bind(2.44) | buffer=previous slot=28 closest=bone-captured(2.35) next=captured-x-bind(2.44)
[22:43:12.892] [38908] [I] SCOPY T3c frame=8726 buffer=current slot=28 closest=bone-captured(2.35) next=captured-x-bind(2.44) | buffer=previous slot=28 closest=bone-captured(2.35) next=captured-x-bind(2.44)
[22:43:13.034] [38908] [I] SCOPY T0 frame=8734 capture=2 bone='NPC Spine [Spn0]' skin='Dress' root='skeleton_female.nif' bone-origin=(1.2,-487.0,3.8) bone-row1=(0.021,0.995,0.098) witness='hdtSSEPhysics_AutoRename_Head_00000002 BDOr_H_PPW13_L1_08_00' witness-radius=21.39 subtree-nodes=968
[22:43:13.034] [38908] [I] SCOPY T1 frame=8734 bone-row1=(0.013,0.780,0.626) orientation-delta-deg=33.1 witness-moved=12.18 moved-range=[0.50,12.85] slot=28 buffer-pre=sampled pre-rel=captured probe-effective=true
[22:43:13.034] [38908] [I] SCOPY T2 frame=8734 pass-geometry='Dress' numMatrices=71 frameID=9003 buffer-submit=sampled changed-since-T1=false submit-rel=captured
[22:43:13.034] [38908] [I] SCOPY T3 frame=8734 drawn=45 buffer-after-draw=sampled changed-since-T2=true final-rel=captured node-row1=(0.013,0.780,0.626)
[22:43:13.034] [38908] [I] SCOPY T1c frame=8734 buffer=current slot=28 closest=bone-captured(2.33) next=captured-x-bind(2.43) | buffer=previous slot=28 closest=bone-captured(2.33) next=captured-x-bind(2.43)
[22:43:13.034] [38908] [I] SCOPY T3c frame=8734 buffer=current slot=28 closest=bone-captured(2.33) next=captured-x-bind(2.42) | buffer=previous slot=28 closest=bone-captured(2.33) next=captured-x-bind(2.43)
[22:43:13.176] [38908] [I] SCOPY T0 frame=8742 capture=2 bone='NPC Spine [Spn0]' skin='Dress' root='skeleton_female.nif' bone-origin=(1.2,-487.0,3.8) bone-row1=(0.021,0.995,0.098) witness='hdtSSEPhysics_AutoRename_Head_00000002 BDOr_H_PPW13_L1_08_00' witness-radius=21.39 subtree-nodes=968
[22:43:13.176] [38908] [I] SCOPY T1 frame=8742 bone-row1=(0.013,0.800,0.600) orientation-delta-deg=31.2 witness-moved=11.51 moved-range=[0.50,12.85] slot=28 buffer-pre=sampled pre-rel=captured probe-effective=true
[22:43:13.176] [38908] [I] SCOPY T2 frame=8742 pass-geometry='Dress' numMatrices=71 frameID=9011 buffer-submit=sampled changed-since-T1=false submit-rel=captured
[22:43:13.176] [38908] [I] SCOPY T3 frame=8742 drawn=45 buffer-after-draw=sampled changed-since-T2=true final-rel=captured node-row1=(0.013,0.800,0.600)
[22:43:13.176] [38908] [I] SCOPY T1c frame=8742 buffer=current slot=28 closest=bone-captured(2.30) next=captured-x-bind(2.40) | buffer=previous slot=28 closest=bone-captured(2.31) next=captured-x-bind(2.40)
[22:43:13.176] [38908] [I] SCOPY T3c frame=8742 buffer=current slot=28 closest=bone-captured(2.30) next=captured-x-bind(2.39) | buffer=previous slot=28 closest=bone-captured(2.30) next=captured-x-bind(2.40)
[22:43:13.318] [38908] [I] SCOPY T0 frame=8750 capture=2 bone='NPC Spine [Spn0]' skin='Dress' root='skeleton_female.nif' bone-origin=(1.2,-487.0,3.8) bone-row1=(0.021,0.995,0.098) witness='hdtSSEPhysics_AutoRename_Head_00000002 BDOr_H_PPW13_L1_08_00' witness-radius=21.39 subtree-nodes=968
[22:43:13.318] [38908] [I] SCOPY T1 frame=8750 bone-row1=(0.014,0.827,0.563) orientation-delta-deg=28.6 witness-moved=10.56 moved-range=[0.50,12.85] slot=28 buffer-pre=sampled pre-rel=captured probe-effective=true
[22:43:13.318] [38908] [I] SCOPY T2 frame=8750 pass-geometry='Dress' numMatrices=71 frameID=9019 buffer-submit=sampled changed-since-T1=false submit-rel=captured
[22:43:13.318] [38908] [I] SCOPY T3 frame=8750 drawn=45 buffer-after-draw=sampled changed-since-T2=true final-rel=captured node-row1=(0.014,0.827,0.563)
[22:43:13.318] [38908] [I] SCOPY T1c frame=8750 buffer=current slot=28 closest=bone-captured(2.26) next=captured-x-bind(2.35) | buffer=previous slot=28 closest=bone-captured(2.26) next=captured-x-bind(2.36)
[22:43:13.318] [38908] [I] SCOPY T3c frame=8750 buffer=current slot=28 closest=bone-captured(2.25) next=captured-x-bind(2.35) | buffer=previous slot=28 closest=bone-captured(2.26) next=captured-x-bind(2.35)
[22:43:13.443] [38908] [I] Clone draw: passes=45 rd-null=45 lights=3 | geoms=49 skinned=49 roots=2 num-mat=908 bone-count=941 bound=908
[22:43:13.443] [38908] [I] SCOPY DRAW frame=2401 passes=45 lights=true animation-driver=none physics-driver=none
[22:43:13.461] [38908] [I] SCOPY T0 frame=8758 capture=2 bone='NPC Spine [Spn0]' skin='Dress' root='skeleton_female.nif' bone-origin=(1.2,-487.0,3.8) bone-row1=(0.021,0.995,0.098) witness='hdtSSEPhysics_AutoRename_Head_00000002 BDOr_H_PPW13_L1_08_00' witness-radius=21.39 subtree-nodes=968
[22:43:13.461] [38908] [I] SCOPY T1 frame=8758 bone-row1=(0.015,0.858,0.513) orientation-delta-deg=25.2 witness-moved=9.35 moved-range=[0.50,12.85] slot=28 buffer-pre=sampled pre-rel=captured probe-effective=true
[22:43:13.461] [38908] [I] SCOPY T2 frame=8758 pass-geometry='Dress' numMatrices=71 frameID=9027 buffer-submit=sampled changed-since-T1=false submit-rel=captured
[22:43:13.461] [38908] [I] SCOPY T3 frame=8758 drawn=45 buffer-after-draw=sampled changed-since-T2=true final-rel=captured node-row1=(0.015,0.858,0.513)
[22:43:13.461] [38908] [I] SCOPY T1c frame=8758 buffer=current slot=28 closest=bone-captured(2.20) next=captured-x-bind(2.30) | buffer=previous slot=28 closest=bone-captured(2.21) next=captured-x-bind(2.31)
[22:43:13.461] [38908] [I] SCOPY T3c frame=8758 buffer=current slot=28 closest=bone-captured(2.20) next=captured-x-bind(2.29) | buffer=previous slot=28 closest=bone-captured(2.20) next=captured-x-bind(2.30)
[22:43:13.604] [38908] [I] SCOPY T0 frame=8766 capture=2 bone='NPC Spine [Spn0]' skin='Dress' root='skeleton_female.nif' bone-origin=(1.2,-487.0,3.8) bone-row1=(0.021,0.995,0.098) witness='hdtSSEPhysics_AutoRename_Head_00000002 BDOr_H_PPW13_L1_08_00' witness-radius=21.39 subtree-nodes=968
[22:43:13.604] [38908] [I] SCOPY T1 frame=8766 bone-row1=(0.016,0.891,0.453) orientation-delta-deg=21.3 witness-moved=7.90 moved-range=[0.50,12.85] slot=28 buffer-pre=sampled pre-rel=captured probe-effective=true
[22:43:13.604] [38908] [I] SCOPY T2 frame=8766 pass-geometry='Dress' numMatrices=71 frameID=9035 buffer-submit=sampled changed-since-T1=false submit-rel=captured
[22:43:13.604] [38908] [I] SCOPY T3 frame=8766 drawn=45 buffer-after-draw=sampled changed-since-T2=true final-rel=captured node-row1=(0.016,0.891,0.453)
[22:43:13.604] [38908] [I] SCOPY T1c frame=8766 buffer=current slot=28 closest=bone-captured(2.14) next=captured-x-bind(2.23) | buffer=previous slot=28 closest=bone-captured(2.15) next=captured-x-bind(2.24)
[22:43:13.604] [38908] [I] SCOPY T3c frame=8766 buffer=current slot=28 closest=bone-captured(2.13) next=captured-x-bind(2.23) | buffer=previous slot=28 closest=bone-captured(2.14) next=captured-x-bind(2.23)
[22:43:13.746] [38908] [I] SCOPY T0 frame=8774 capture=2 bone='NPC Spine [Spn0]' skin='Dress' root='skeleton_female.nif' bone-origin=(1.2,-487.0,3.8) bone-row1=(0.021,0.995,0.098) witness='hdtSSEPhysics_AutoRename_Head_00000002 BDOr_H_PPW13_L1_08_00' witness-radius=21.39 subtree-nodes=968
[22:43:13.746] [38908] [I] SCOPY T1 frame=8774 bone-row1=(0.017,0.924,0.382) orientation-delta-deg=16.8 witness-moved=6.25 moved-range=[0.50,12.85] slot=28 buffer-pre=sampled pre-rel=captured probe-effective=true
[22:43:13.746] [38908] [I] SCOPY T2 frame=8774 pass-geometry='Dress' numMatrices=71 frameID=9043 buffer-submit=sampled changed-since-T1=false submit-rel=captured
[22:43:13.746] [38908] [I] SCOPY T3 frame=8774 drawn=45 buffer-after-draw=sampled changed-since-T2=true final-rel=captured node-row1=(0.017,0.924,0.382)
[22:43:13.746] [38908] [I] SCOPY T1c frame=8774 buffer=current slot=28 closest=bone-captured(2.07) next=captured-x-bind(2.16) | buffer=previous slot=28 closest=bone-captured(2.08) next=captured-x-bind(2.17)
[22:43:13.746] [38908] [I] SCOPY T3c frame=8774 buffer=current slot=28 closest=bone-captured(2.06) next=captured-x-bind(2.15) | buffer=previous slot=28 closest=bone-captured(2.07) next=captured-x-bind(2.16)
[22:43:13.888] [38908] [I] SCOPY T0 frame=8782 capture=2 bone='NPC Spine [Spn0]' skin='Dress' root='skeleton_female.nif' bone-origin=(1.2,-487.0,3.8) bone-row1=(0.021,0.995,0.098) witness='hdtSSEPhysics_AutoRename_Head_00000002 BDOr_H_PPW13_L1_08_00' witness-radius=21.39 subtree-nodes=968
[22:43:13.888] [38908] [I] SCOPY T1 frame=8782 bone-row1=(0.019,0.953,0.302) orientation-delta-deg=11.9 witness-moved=4.44 moved-range=[0.50,12.85] slot=28 buffer-pre=sampled pre-rel=captured probe-effective=true
[22:43:13.888] [38908] [I] SCOPY T2 frame=8782 pass-geometry='Dress' numMatrices=71 frameID=9051 buffer-submit=sampled changed-since-T1=false submit-rel=captured
[22:43:13.888] [38908] [I] SCOPY T3 frame=8782 drawn=45 buffer-after-draw=sampled changed-since-T2=true final-rel=captured node-row1=(0.019,0.953,0.302)
[22:43:13.888] [38908] [I] SCOPY T1c frame=8782 buffer=current slot=28 closest=bone-captured(2.01) next=captured-x-bind(2.09) | buffer=previous slot=28 closest=bone-captured(2.00) next=captured-x-bind(2.10)
[22:43:13.888] [38908] [I] SCOPY T3c frame=8782 buffer=current slot=28 closest=bone-captured(2.02) next=captured-x-bind(2.08) | buffer=previous slot=28 closest=bone-captured(2.01) next=captured-x-bind(2.09)
[22:43:14.029] [38908] [I] SCOPY T0 frame=8790 capture=2 bone='NPC Spine [Spn0]' skin='Dress' root='skeleton_female.nif' bone-origin=(1.2,-487.0,3.8) bone-row1=(0.021,0.995,0.098) witness='hdtSSEPhysics_AutoRename_Head_00000002 BDOr_H_PPW13_L1_08_00' witness-radius=21.39 subtree-nodes=968
[22:43:14.029] [38908] [I] SCOPY T1 frame=8790 bone-row1=(0.020,0.977,0.214) orientation-delta-deg=6.7 witness-moved=2.50 moved-range=[0.50,12.85] slot=28 buffer-pre=sampled pre-rel=captured probe-effective=true
[22:43:14.029] [38908] [I] SCOPY T2 frame=8790 pass-geometry='Dress' numMatrices=71 frameID=9059 buffer-submit=sampled changed-since-T1=false submit-rel=captured
[22:43:14.029] [38908] [I] SCOPY T3 frame=8790 drawn=45 buffer-after-draw=sampled changed-since-T2=true final-rel=captured node-row1=(0.020,0.977,0.214)
[22:43:14.029] [38908] [I] SCOPY T1c frame=8790 buffer=current slot=28 closest=captured-x-bind(2.01) next=bind-T(2.02) | buffer=previous slot=28 closest=captured-x-bind(2.02) next=bind-T(2.03)
[22:43:14.029] [38908] [I] SCOPY T3c frame=8790 buffer=current slot=28 closest=captured-x-bind(2.00) next=bind-T(2.01) | buffer=previous slot=28 closest=captured-x-bind(2.01) next=bind-T(2.02)
[22:43:14.171] [38908] [I] SCOPY T0 frame=8798 capture=2 bone='NPC Spine [Spn0]' skin='Dress' root='skeleton_female.nif' bone-origin=(1.2,-487.0,3.8) bone-row1=(0.021,0.995,0.098) witness='hdtSSEPhysics_AutoRename_Head_00000002 BDOr_H_PPW13_L1_08_00' witness-radius=21.39 subtree-nodes=968
[22:43:14.171] [38908] [I] SCOPY T1 frame=8798 bone-row1=(0.021,0.992,0.122) orientation-delta-deg=1.3 witness-moved=0.50 moved-range=[0.50,12.85] slot=28 buffer-pre=sampled pre-rel=captured probe-effective=true
[22:43:14.171] [38908] [I] SCOPY T2 frame=8798 pass-geometry='Dress' numMatrices=71 frameID=9067 buffer-submit=sampled changed-since-T1=false submit-rel=captured
[22:43:14.171] [38908] [I] SCOPY T3 frame=8798 drawn=45 buffer-after-draw=sampled changed-since-T2=true final-rel=captured node-row1=(0.021,0.992,0.122)
[22:43:14.171] [38908] [I] SCOPY T1c frame=8798 buffer=current slot=28 closest=bind-T(2.00) next=captured-x-bind(2.03) | buffer=previous slot=28 closest=bind-T(1.99) next=captured-x-bind(2.03)
[22:43:14.171] [38908] [I] SCOPY T3c frame=8798 buffer=current slot=28 closest=bind-T(2.00) next=captured-x-bind(2.04) | buffer=previous slot=28 closest=bind-T(2.00) next=captured-x-bind(2.03)
[22:43:14.312] [38908] [I] SCOPY T0 frame=8806 capture=2 bone='NPC Spine [Spn0]' skin='Dress' root='skeleton_female.nif' bone-origin=(1.2,-487.0,3.8) bone-row1=(0.021,0.995,0.098) witness='hdtSSEPhysics_AutoRename_Head_00000002 BDOr_H_PPW13_L1_08_00' witness-radius=21.39 subtree-nodes=968
[22:43:14.312] [38908] [I] SCOPY T1 frame=8806 bone-row1=(0.021,0.999,0.028) orientation-delta-deg=4.0 witness-moved=1.51 moved-range=[0.50,12.85] slot=28 buffer-pre=sampled pre-rel=swung probe-effective=true
[22:43:14.312] [38908] [I] SCOPY T2 frame=8806 pass-geometry='Dress' numMatrices=71 frameID=9075 buffer-submit=sampled changed-since-T1=false submit-rel=swung
[22:43:14.312] [38908] [I] SCOPY T3 frame=8806 drawn=45 buffer-after-draw=sampled changed-since-T2=true final-rel=swung node-row1=(0.021,0.999,0.028)
[22:43:14.312] [38908] [I] SCOPY T1c frame=8806 buffer=current slot=28 closest=bind-x-world(2.01) next=world-x-bind(2.02) | buffer=previous slot=28 closest=bind-x-world(2.02) next=world-x-bind(2.02)
[22:43:14.312] [38908] [I] SCOPY T3c frame=8806 buffer=current slot=28 closest=bind-x-world(2.01) next=world-x-bind(2.01) | buffer=previous slot=28 closest=bind-x-world(2.01) next=world-x-bind(2.02)
[22:43:14.453] [38908] [I] SCOPY T0 frame=8814 capture=2 bone='NPC Spine [Spn0]' skin='Dress' root='skeleton_female.nif' bone-origin=(1.2,-487.0,3.8) bone-row1=(0.021,0.995,0.098) witness='hdtSSEPhysics_AutoRename_Head_00000002 BDOr_H_PPW13_L1_08_00' witness-radius=21.39 subtree-nodes=968
[22:43:14.453] [38908] [I] SCOPY T1 frame=8814 bone-row1=(0.022,0.998,-0.064) orientation-delta-deg=9.3 witness-moved=3.48 moved-range=[0.50,12.85] slot=28 buffer-pre=sampled pre-rel=swung probe-effective=true
[22:43:14.453] [38908] [I] SCOPY T2 frame=8814 pass-geometry='Dress' numMatrices=71 frameID=9083 buffer-submit=sampled changed-since-T1=false submit-rel=swung
[22:43:14.453] [38908] [I] SCOPY T3 frame=8814 drawn=45 buffer-after-draw=sampled changed-since-T2=true final-rel=swung node-row1=(0.022,0.998,-0.064)
[22:43:14.453] [38908] [I] SCOPY T1c frame=8814 buffer=current slot=28 closest=bind(1.99) next=bone-prev-frame(2.02) | buffer=previous slot=28 closest=bind(2.00) next=bone-prev-frame(2.03)
[22:43:14.453] [38908] [I] SCOPY T3c frame=8814 buffer=current slot=28 closest=bind(1.98) next=bone-prev-frame(2.02) | buffer=previous slot=28 closest=bind(1.99) next=bone-prev-frame(2.02)
[22:43:14.602] [38908] [I] SCOPY T0 frame=8822 capture=2 bone='NPC Spine [Spn0]' skin='Dress' root='skeleton_female.nif' bone-origin=(1.2,-487.0,3.8) bone-row1=(0.021,0.995,0.098) witness='hdtSSEPhysics_AutoRename_Head_00000002 BDOr_H_PPW13_L1_08_00' witness-radius=21.39 subtree-nodes=968
[22:43:14.602] [38908] [I] SCOPY T1 frame=8822 bone-row1=(0.022,0.988,-0.152) orientation-delta-deg=14.4 witness-moved=5.36 moved-range=[0.50,12.85] slot=28 buffer-pre=sampled pre-rel=swung probe-effective=true
[22:43:14.602] [38908] [I] SCOPY T2 frame=8822 pass-geometry='Dress' numMatrices=71 frameID=9091 buffer-submit=sampled changed-since-T1=false submit-rel=swung
[22:43:14.602] [38908] [I] SCOPY T3 frame=8822 drawn=45 buffer-after-draw=sampled changed-since-T2=true final-rel=swung node-row1=(0.022,0.988,-0.152)
[22:43:14.602] [38908] [I] SCOPY T1c frame=8822 buffer=current slot=28 closest=bind(2.02) next=bone-captured-T(2.10) | buffer=previous slot=28 closest=bind(2.01) next=bone-captured-T(2.10)
[22:43:14.602] [38908] [I] SCOPY T3c frame=8822 buffer=current slot=28 closest=bind(2.03) next=bone-captured-T(2.09) | buffer=previous slot=28 closest=bind(2.02) next=bone-captured-T(2.10)
[22:43:14.741] [38908] [I] SCOPY T0 frame=8830 capture=2 bone='NPC Spine [Spn0]' skin='Dress' root='skeleton_female.nif' bone-origin=(1.2,-487.0,3.8) bone-row1=(0.021,0.995,0.098) witness='hdtSSEPhysics_AutoRename_Head_00000002 BDOr_H_PPW13_L1_08_00' witness-radius=21.39 subtree-nodes=968
[22:43:14.741] [38908] [I] SCOPY T1 frame=8830 bone-row1=(0.023,0.972,-0.233) orientation-delta-deg=19.1 witness-moved=7.10 moved-range=[0.50,12.85] slot=28 buffer-pre=sampled pre-rel=swung probe-effective=true
[22:43:14.741] [38908] [I] SCOPY T2 frame=8830 pass-geometry='Dress' numMatrices=71 frameID=9099 buffer-submit=sampled changed-since-T1=false submit-rel=swung
[22:43:14.741] [38908] [I] SCOPY T3 frame=8830 drawn=45 buffer-after-draw=sampled changed-since-T2=true final-rel=swung node-row1=(0.023,0.972,-0.233)
[22:43:14.741] [38908] [I] SCOPY T1c frame=8830 buffer=current slot=28 closest=bone-captured-T(2.05) next=bind(2.09) | buffer=previous slot=28 closest=bone-captured-T(2.06) next=bind(2.08)
[22:43:14.741] [38908] [I] SCOPY T3c frame=8830 buffer=current slot=28 closest=bone-captured-T(2.05) next=bind(2.10) | buffer=previous slot=28 closest=bone-captured-T(2.05) next=bind(2.09)
[22:43:14.881] [38908] [I] SCOPY T0 frame=8838 capture=2 bone='NPC Spine [Spn0]' skin='Dress' root='skeleton_female.nif' bone-origin=(1.2,-487.0,3.8) bone-row1=(0.021,0.995,0.098) witness='hdtSSEPhysics_AutoRename_Head_00000002 BDOr_H_PPW13_L1_08_00' witness-radius=21.39 subtree-nodes=968
[22:43:14.882] [38908] [I] SCOPY T1 frame=8838 bone-row1=(0.023,0.952,-0.304) orientation-delta-deg=23.3 witness-moved=8.65 moved-range=[0.50,12.85] slot=28 buffer-pre=sampled pre-rel=swung probe-effective=true
[22:43:14.882] [38908] [I] SCOPY T2 frame=8838 pass-geometry='Dress' numMatrices=71 frameID=9107 buffer-submit=sampled changed-since-T1=false submit-rel=swung
[22:43:14.882] [38908] [I] SCOPY T3 frame=8838 drawn=45 buffer-after-draw=sampled changed-since-T2=true final-rel=swung node-row1=(0.023,0.952,-0.304)
[22:43:14.882] [38908] [I] SCOPY T1c frame=8838 buffer=current slot=28 closest=bone-captured-T(2.10) next=bind(2.16) | buffer=previous slot=28 closest=bone-captured-T(2.09) next=bind(2.15)
[22:43:14.882] [38908] [I] SCOPY T3c frame=8838 buffer=current slot=28 closest=bone-captured-T(2.10) next=bind(2.16) | buffer=previous slot=28 closest=bone-captured-T(2.10) next=bind(2.16)
[22:43:15.018] [38908] [I] SCOPY T0 frame=8846 capture=2 bone='NPC Spine [Spn0]' skin='Dress' root='skeleton_female.nif' bone-origin=(1.2,-487.0,3.8) bone-row1=(0.021,0.995,0.098) witness='hdtSSEPhysics_AutoRename_Head_00000002 BDOr_H_PPW13_L1_08_00' witness-radius=21.39 subtree-nodes=968
[22:43:15.018] [38908] [I] SCOPY T1 frame=8846 bone-row1=(0.023,0.931,-0.364) orientation-delta-deg=27.0 witness-moved=9.99 moved-range=[0.50,12.85] slot=28 buffer-pre=sampled pre-rel=swung probe-effective=true
[22:43:15.018] [38908] [I] SCOPY T2 frame=8846 pass-geometry='Dress' numMatrices=71 frameID=9115 buffer-submit=sampled changed-since-T1=false submit-rel=swung
[22:43:15.018] [38908] [I] SCOPY T3 frame=8846 drawn=45 buffer-after-draw=sampled changed-since-T2=true final-rel=swung node-row1=(0.023,0.931,-0.364)
[22:43:15.018] [38908] [I] SCOPY T1c frame=8846 buffer=current slot=28 closest=bone-captured-T(2.15) next=bind(2.22) | buffer=previous slot=28 closest=bone-captured-T(2.15) next=bind(2.21)
[22:43:15.018] [38908] [I] SCOPY T3c frame=8846 buffer=current slot=28 closest=bone-captured-T(2.16) next=bind(2.22) | buffer=previous slot=28 closest=bone-captured-T(2.15) next=bind(2.22)
[22:43:15.162] [38908] [I] SCOPY T0 frame=8854 capture=2 bone='NPC Spine [Spn0]' skin='Dress' root='skeleton_female.nif' bone-origin=(1.2,-487.0,3.8) bone-row1=(0.021,0.995,0.098) witness='hdtSSEPhysics_AutoRename_Head_00000002 BDOr_H_PPW13_L1_08_00' witness-radius=21.39 subtree-nodes=968
[22:43:15.162] [38908] [I] SCOPY T1 frame=8854 bone-row1=(0.022,0.911,-0.412) orientation-delta-deg=30.0 witness-moved=11.07 moved-range=[0.50,12.85] slot=28 buffer-pre=sampled pre-rel=swung probe-effective=true
[22:43:15.162] [38908] [I] SCOPY T2 frame=8854 pass-geometry='Dress' numMatrices=71 frameID=9123 buffer-submit=sampled changed-since-T1=false submit-rel=swung
[22:43:15.162] [38908] [I] SCOPY T3 frame=8854 drawn=45 buffer-after-draw=sampled changed-since-T2=true final-rel=swung node-row1=(0.022,0.911,-0.412)
[22:43:15.162] [38908] [I] SCOPY T1c frame=8854 buffer=current slot=28 closest=bone-captured-T(2.20) next=bind(2.27) | buffer=previous slot=28 closest=bone-captured-T(2.20) next=bind(2.26)
[22:43:15.162] [38908] [I] SCOPY T3c frame=8854 buffer=current slot=28 closest=bone-captured-T(2.21) next=bind(2.27) | buffer=previous slot=28 closest=bone-captured-T(2.20) next=bind(2.27)
[22:43:15.302] [38908] [I] SCOPY T0 frame=8862 capture=2 bone='NPC Spine [Spn0]' skin='Dress' root='skeleton_female.nif' bone-origin=(1.2,-487.0,3.8) bone-row1=(0.021,0.995,0.098) witness='hdtSSEPhysics_AutoRename_Head_00000002 BDOr_H_PPW13_L1_08_00' witness-radius=21.39 subtree-nodes=968
[22:43:15.302] [38908] [I] SCOPY T1 frame=8862 bone-row1=(0.022,0.894,-0.448) orientation-delta-deg=32.3 witness-moved=11.88 moved-range=[0.50,12.85] slot=28 buffer-pre=sampled pre-rel=swung probe-effective=true
[22:43:15.302] [38908] [I] SCOPY T2 frame=8862 pass-geometry='Dress' numMatrices=71 frameID=9131 buffer-submit=sampled changed-since-T1=false submit-rel=swung
[22:43:15.302] [38908] [I] SCOPY T3 frame=8862 drawn=45 buffer-after-draw=sampled changed-since-T2=true final-rel=swung node-row1=(0.022,0.894,-0.448)
[22:43:15.302] [38908] [I] SCOPY T1c frame=8862 buffer=current slot=28 closest=bone-captured-T(2.24) next=bind(2.31) | buffer=previous slot=28 closest=bone-captured-T(2.24) next=bind(2.30)
[22:43:15.302] [38908] [I] SCOPY T3c frame=8862 buffer=current slot=28 closest=bone-captured-T(2.25) next=bind(2.31) | buffer=previous slot=28 closest=bone-captured-T(2.24) next=bind(2.31)
[22:43:15.443] [38908] [I] SCOPY T0 frame=8870 capture=2 bone='NPC Spine [Spn0]' skin='Dress' root='skeleton_female.nif' bone-origin=(1.2,-487.0,3.8) bone-row1=(0.021,0.995,0.098) witness='hdtSSEPhysics_AutoRename_Head_00000002 BDOr_H_PPW13_L1_08_00' witness-radius=21.39 subtree-nodes=968
[22:43:15.443] [38908] [I] SCOPY T1 frame=8870 bone-row1=(0.022,0.882,-0.470) orientation-delta-deg=33.7 witness-moved=12.41 moved-range=[0.50,12.85] slot=28 buffer-pre=sampled pre-rel=swung probe-effective=true
[22:43:15.443] [38908] [I] SCOPY T2 frame=8870 pass-geometry='Dress' numMatrices=71 frameID=9139 buffer-submit=sampled changed-since-T1=false submit-rel=swung
[22:43:15.443] [38908] [I] SCOPY T3 frame=8870 drawn=45 buffer-after-draw=sampled changed-since-T2=true final-rel=swung node-row1=(0.022,0.882,-0.470)
[22:43:15.443] [38908] [I] SCOPY T1c frame=8870 buffer=current slot=28 closest=bone-captured-T(2.27) next=bind(2.33) | buffer=previous slot=28 closest=bone-captured-T(2.27) next=bind(2.33)
[22:43:15.443] [38908] [I] SCOPY T3c frame=8870 buffer=current slot=28 closest=bone-captured-T(2.27) next=bind(2.33) | buffer=previous slot=28 closest=bone-captured-T(2.27) next=bind(2.33)
[22:43:15.567] [38908] [I] Clone draw: passes=45 rd-null=45 lights=3 | geoms=49 skinned=49 roots=2 num-mat=908 bone-count=941 bound=908
[22:43:15.567] [38908] [I] SCOPY DRAW frame=2521 passes=45 lights=true animation-driver=none physics-driver=none
[22:43:15.585] [38908] [I] SCOPY T0 frame=8878 capture=2 bone='NPC Spine [Spn0]' skin='Dress' root='skeleton_female.nif' bone-origin=(1.2,-487.0,3.8) bone-row1=(0.021,0.995,0.098) witness='hdtSSEPhysics_AutoRename_Head_00000002 BDOr_H_PPW13_L1_08_00' witness-radius=21.39 subtree-nodes=968
[22:43:15.585] [38908] [I] SCOPY T1 frame=8878 bone-row1=(0.022,0.877,-0.480) orientation-delta-deg=34.4 witness-moved=12.64 moved-range=[0.50,12.85] slot=28 buffer-pre=sampled pre-rel=swung probe-effective=true
[22:43:15.585] [38908] [I] SCOPY T2 frame=8878 pass-geometry='Dress' numMatrices=71 frameID=9147 buffer-submit=sampled changed-since-T1=false submit-rel=swung
[22:43:15.585] [38908] [I] SCOPY T3 frame=8878 drawn=45 buffer-after-draw=sampled changed-since-T2=true final-rel=swung node-row1=(0.022,0.877,-0.480)
[22:43:15.585] [38908] [I] SCOPY T1c frame=8878 buffer=current slot=28 closest=bone-captured-T(2.28) next=bind(2.34) | buffer=previous slot=28 closest=bone-captured-T(2.28) next=bind(2.34)
[22:43:15.585] [38908] [I] SCOPY T3c frame=8878 buffer=current slot=28 closest=bone-captured-T(2.28) next=bind(2.34) | buffer=previous slot=28 closest=bone-captured-T(2.28) next=bind(2.34)
[22:43:15.725] [38908] [I] SCOPY T0 frame=8886 capture=2 bone='NPC Spine [Spn0]' skin='Dress' root='skeleton_female.nif' bone-origin=(1.2,-487.0,3.8) bone-row1=(0.021,0.995,0.098) witness='hdtSSEPhysics_AutoRename_Head_00000002 BDOr_H_PPW13_L1_08_00' witness-radius=21.39 subtree-nodes=968
[22:43:15.725] [38908] [I] SCOPY T1 frame=8886 bone-row1=(0.022,0.879,-0.477) orientation-delta-deg=34.1 witness-moved=12.56 moved-range=[0.50,12.85] slot=28 buffer-pre=sampled pre-rel=swung probe-effective=true
[22:43:15.725] [38908] [I] SCOPY T2 frame=8886 pass-geometry='Dress' numMatrices=71 frameID=9155 buffer-submit=sampled changed-since-T1=false submit-rel=swung
[22:43:15.725] [38908] [I] SCOPY T3 frame=8886 drawn=45 buffer-after-draw=sampled changed-since-T2=true final-rel=swung node-row1=(0.022,0.879,-0.477)
[22:43:15.725] [38908] [I] SCOPY T1c frame=8886 buffer=current slot=28 closest=bone-captured-T(2.28) next=bind(2.34) | buffer=previous slot=28 closest=bone-captured-T(2.28) next=bind(2.34)
[22:43:15.725] [38908] [I] SCOPY T3c frame=8886 buffer=current slot=28 closest=bone-captured-T(2.28) next=bind(2.34) | buffer=previous slot=28 closest=bone-captured-T(2.28) next=bind(2.34)
[22:43:15.868] [38908] [I] SCOPY T0 frame=8894 capture=2 bone='NPC Spine [Spn0]' skin='Dress' root='skeleton_female.nif' bone-origin=(1.2,-487.0,3.8) bone-row1=(0.021,0.995,0.098) witness='hdtSSEPhysics_AutoRename_Head_00000002 BDOr_H_PPW13_L1_08_00' witness-radius=21.39 subtree-nodes=968
[22:43:15.868] [38908] [I] SCOPY T1 frame=8894 bone-row1=(0.022,0.887,-0.461) orientation-delta-deg=33.1 witness-moved=12.18 moved-range=[0.50,12.85] slot=28 buffer-pre=sampled pre-rel=swung probe-effective=true
[22:43:15.868] [38908] [I] SCOPY T2 frame=8894 pass-geometry='Dress' numMatrices=71 frameID=9163 buffer-submit=sampled changed-since-T1=false submit-rel=swung
[22:43:15.868] [38908] [I] SCOPY T3 frame=8894 drawn=45 buffer-after-draw=sampled changed-since-T2=true final-rel=swung node-row1=(0.022,0.887,-0.461)
[22:43:15.868] [38908] [I] SCOPY T1c frame=8894 buffer=current slot=28 closest=bone-captured-T(2.26) next=bind(2.33) | buffer=previous slot=28 closest=bone-captured-T(2.27) next=bind(2.33)
[22:43:15.868] [38908] [I] SCOPY T3c frame=8894 buffer=current slot=28 closest=bone-captured-T(2.26) next=bind(2.32) | buffer=previous slot=28 closest=bone-captured-T(2.26) next=bind(2.33)
[22:43:16.008] [38908] [I] SCOPY T0 frame=8902 capture=2 bone='NPC Spine [Spn0]' skin='Dress' root='skeleton_female.nif' bone-origin=(1.2,-487.0,3.8) bone-row1=(0.021,0.995,0.098) witness='hdtSSEPhysics_AutoRename_Head_00000002 BDOr_H_PPW13_L1_08_00' witness-radius=21.39 subtree-nodes=968
[22:43:16.008] [38908] [I] SCOPY T1 frame=8902 bone-row1=(0.022,0.902,-0.432) orientation-delta-deg=31.2 witness-moved=11.51 moved-range=[0.50,12.85] slot=28 buffer-pre=sampled pre-rel=swung probe-effective=true
[22:43:16.008] [38908] [I] SCOPY T2 frame=8902 pass-geometry='Dress' numMatrices=71 frameID=9171 buffer-submit=sampled changed-since-T1=false submit-rel=swung
[22:43:16.008] [38908] [I] SCOPY T3 frame=8902 drawn=45 buffer-after-draw=sampled changed-since-T2=true final-rel=swung node-row1=(0.022,0.902,-0.432)
[22:43:16.008] [38908] [I] SCOPY T1c frame=8902 buffer=current slot=28 closest=bone-captured-T(2.23) next=bind(2.30) | buffer=previous slot=28 closest=bone-captured-T(2.24) next=bind(2.30)
[22:43:16.008] [38908] [I] SCOPY T3c frame=8902 buffer=current slot=28 closest=bone-captured-T(2.23) next=bind(2.29) | buffer=previous slot=28 closest=bone-captured-T(2.23) next=bind(2.30)
[22:43:16.149] [38908] [I] SCOPY T0 frame=8910 capture=2 bone='NPC Spine [Spn0]' skin='Dress' root='skeleton_female.nif' bone-origin=(1.2,-487.0,3.8) bone-row1=(0.021,0.995,0.098) witness='hdtSSEPhysics_AutoRename_Head_00000002 BDOr_H_PPW13_L1_08_00' witness-radius=21.39 subtree-nodes=968
[22:43:16.149] [38908] [I] SCOPY T1 frame=8910 bone-row1=(0.022,0.921,-0.390) orientation-delta-deg=28.6 witness-moved=10.56 moved-range=[0.50,12.85] slot=28 buffer-pre=sampled pre-rel=swung probe-effective=true
[22:43:16.149] [38908] [I] SCOPY T2 frame=8910 pass-geometry='Dress' numMatrices=71 frameID=9179 buffer-submit=sampled changed-since-T1=false submit-rel=swung
[22:43:16.149] [38908] [I] SCOPY T3 frame=8910 drawn=45 buffer-after-draw=sampled changed-since-T2=true final-rel=swung node-row1=(0.022,0.921,-0.390)
[22:43:16.149] [38908] [I] SCOPY T1c frame=8910 buffer=current slot=28 closest=bone-captured-T(2.19) next=bind(2.25) | buffer=previous slot=28 closest=bone-captured-T(2.20) next=bind(2.26)
[22:43:16.149] [38908] [I] SCOPY T3c frame=8910 buffer=current slot=28 closest=bone-captured-T(2.19) next=bind(2.25) | buffer=previous slot=28 closest=bone-captured-T(2.19) next=bind(2.25)
[22:43:16.290] [38908] [I] SCOPY T0 frame=8918 capture=2 bone='NPC Spine [Spn0]' skin='Dress' root='skeleton_female.nif' bone-origin=(1.2,-487.0,3.8) bone-row1=(0.021,0.995,0.098) witness='hdtSSEPhysics_AutoRename_Head_00000002 BDOr_H_PPW13_L1_08_00' witness-radius=21.39 subtree-nodes=968
[22:43:16.290] [38908] [I] SCOPY T1 frame=8918 bone-row1=(0.023,0.942,-0.335) orientation-delta-deg=25.2 witness-moved=9.35 moved-range=[0.50,12.85] slot=28 buffer-pre=sampled pre-rel=swung probe-effective=true
[22:43:16.290] [38908] [I] SCOPY T2 frame=8918 pass-geometry='Dress' numMatrices=71 frameID=9187 buffer-submit=sampled changed-since-T1=false submit-rel=swung
[22:43:16.290] [38908] [I] SCOPY T3 frame=8918 drawn=45 buffer-after-draw=sampled changed-since-T2=true final-rel=swung node-row1=(0.023,0.942,-0.335)
[22:43:16.290] [38908] [I] SCOPY T1c frame=8918 buffer=current slot=28 closest=bone-captured-T(2.14) next=bind(2.20) | buffer=previous slot=28 closest=bone-captured-T(2.15) next=bind(2.21)
[22:43:16.290] [38908] [I] SCOPY T3c frame=8918 buffer=current slot=28 closest=bone-captured-T(2.13) next=bind(2.19) | buffer=previous slot=28 closest=bone-captured-T(2.14) next=bind(2.20)
[22:43:16.431] [38908] [I] SCOPY T0 frame=8926 capture=2 bone='NPC Spine [Spn0]' skin='Dress' root='skeleton_female.nif' bone-origin=(1.2,-487.0,3.8) bone-row1=(0.021,0.995,0.098) witness='hdtSSEPhysics_AutoRename_Head_00000002 BDOr_H_PPW13_L1_08_00' witness-radius=21.39 subtree-nodes=968
[22:43:16.431] [38908] [I] SCOPY T1 frame=8926 bone-row1=(0.023,0.963,-0.269) orientation-delta-deg=21.3 witness-moved=7.90 moved-range=[0.50,12.85] slot=28 buffer-pre=sampled pre-rel=swung probe-effective=true
[22:43:16.431] [38908] [I] SCOPY T2 frame=8926 pass-geometry='Dress' numMatrices=71 frameID=9195 buffer-submit=sampled changed-since-T1=false submit-rel=swung
[22:43:16.431] [38908] [I] SCOPY T3 frame=8926 drawn=45 buffer-after-draw=sampled changed-since-T2=true final-rel=swung node-row1=(0.023,0.963,-0.269)
[22:43:16.431] [38908] [I] SCOPY T1c frame=8926 buffer=current slot=28 closest=bone-captured-T(2.08) next=bind(2.14) | buffer=previous slot=28 closest=bone-captured-T(2.09) next=bind(2.15)
[22:43:16.431] [38908] [I] SCOPY T3c frame=8926 buffer=current slot=28 closest=bone-captured-T(2.07) next=bind(2.13) | buffer=previous slot=28 closest=bone-captured-T(2.08) next=bind(2.14)
[22:43:16.571] [38908] [I] SCOPY T0 frame=8934 capture=2 bone='NPC Spine [Spn0]' skin='Dress' root='skeleton_female.nif' bone-origin=(1.2,-487.0,3.8) bone-row1=(0.021,0.995,0.098) witness='hdtSSEPhysics_AutoRename_Head_00000002 BDOr_H_PPW13_L1_08_00' witness-radius=21.39 subtree-nodes=968
[22:43:16.571] [38908] [I] SCOPY T1 frame=8934 bone-row1=(0.022,0.981,-0.193) orientation-delta-deg=16.8 witness-moved=6.25 moved-range=[0.50,12.85] slot=28 buffer-pre=sampled pre-rel=swung probe-effective=true
[22:43:16.571] [38908] [I] SCOPY T2 frame=8934 pass-geometry='Dress' numMatrices=71 frameID=9203 buffer-submit=sampled changed-since-T1=false submit-rel=swung
[22:43:16.571] [38908] [I] SCOPY T3 frame=8934 drawn=45 buffer-after-draw=sampled changed-since-T2=true final-rel=swung node-row1=(0.022,0.981,-0.193)
[22:43:16.571] [38908] [I] SCOPY T1c frame=8934 buffer=current slot=28 closest=bone-captured-T(2.06) next=bind(2.07) | buffer=previous slot=28 closest=bone-captured-T(2.06) next=bind(2.08)
[22:43:16.571] [38908] [I] SCOPY T3c frame=8934 buffer=current slot=28 closest=bind(2.06) next=bone-captured-T(2.07) | buffer=previous slot=28 closest=bone-captured-T(2.06) next=bind(2.07)
[22:43:16.711] [38908] [I] SCOPY T0 frame=8942 capture=2 bone='NPC Spine [Spn0]' skin='Dress' root='skeleton_female.nif' bone-origin=(1.2,-487.0,3.8) bone-row1=(0.021,0.995,0.098) witness='hdtSSEPhysics_AutoRename_Head_00000002 BDOr_H_PPW13_L1_08_00' witness-radius=21.39 subtree-nodes=968
[22:43:16.711] [38908] [I] SCOPY T1 frame=8942 bone-row1=(0.022,0.994,-0.109) orientation-delta-deg=11.9 witness-moved=4.44 moved-range=[0.50,12.85] slot=28 buffer-pre=sampled pre-rel=swung probe-effective=true
[22:43:16.711] [38908] [I] SCOPY T2 frame=8942 pass-geometry='Dress' numMatrices=71 frameID=9211 buffer-submit=sampled changed-since-T1=false submit-rel=swung
[22:43:16.711] [38908] [I] SCOPY T3 frame=8942 drawn=45 buffer-after-draw=sampled changed-since-T2=true final-rel=swung node-row1=(0.022,0.994,-0.109)
[22:43:16.711] [38908] [I] SCOPY T1c frame=8942 buffer=current slot=28 closest=bind(2.00) next=bone-world(2.09) | buffer=previous slot=28 closest=bind(2.01) next=bone-world(2.08)
[22:43:16.711] [38908] [I] SCOPY T3c frame=8942 buffer=current slot=28 closest=bind(2.00) next=bone-world(2.09) | buffer=previous slot=28 closest=bind(2.00) next=bone-world(2.09)
[22:43:16.851] [38908] [I] SCOPY T0 frame=8950 capture=2 bone='NPC Spine [Spn0]' skin='Dress' root='skeleton_female.nif' bone-origin=(1.2,-487.0,3.8) bone-row1=(0.021,0.995,0.098) witness='hdtSSEPhysics_AutoRename_Head_00000002 BDOr_H_PPW13_L1_08_00' witness-radius=21.39 subtree-nodes=968
[22:43:16.851] [38908] [I] SCOPY T1 frame=8950 bone-row1=(0.022,1.000,-0.018) orientation-delta-deg=6.7 witness-moved=2.50 moved-range=[0.50,12.85] slot=28 buffer-pre=sampled pre-rel=swung probe-effective=true
[22:43:16.851] [38908] [I] SCOPY T2 frame=8950 pass-geometry='Dress' numMatrices=71 frameID=9219 buffer-submit=sampled changed-since-T1=false submit-rel=swung
[22:43:16.851] [38908] [I] SCOPY T3 frame=8950 drawn=45 buffer-after-draw=sampled changed-since-T2=true final-rel=swung node-row1=(0.022,1.000,-0.018)
[22:43:16.851] [38908] [I] SCOPY T1c frame=8950 buffer=current slot=28 closest=bone-prev-frame(2.00) next=bone-world(2.00) | buffer=previous slot=28 closest=bone-prev-frame(1.99) next=bind(2.00)
[22:43:16.851] [38908] [I] SCOPY T3c frame=8950 buffer=current slot=28 closest=bone-world(1.99) next=bone-prev-frame(2.00) | buffer=previous slot=28 closest=bone-prev-frame(2.00) next=bone-world(2.00)
[22:43:16.992] [38908] [I] SCOPY T0 frame=8958 capture=2 bone='NPC Spine [Spn0]' skin='Dress' root='skeleton_female.nif' bone-origin=(1.2,-487.0,3.8) bone-row1=(0.021,0.995,0.098) witness='hdtSSEPhysics_AutoRename_Head_00000002 BDOr_H_PPW13_L1_08_00' witness-radius=21.39 subtree-nodes=968
[22:43:16.992] [38908] [I] SCOPY T1 frame=8958 bone-row1=(0.021,0.997,0.075) orientation-delta-deg=1.3 witness-moved=0.50 moved-range=[0.50,12.85] slot=28 buffer-pre=sampled pre-rel=swung probe-effective=true
[22:43:16.992] [38908] [I] SCOPY T2 frame=8958 pass-geometry='Dress' numMatrices=71 frameID=9227 buffer-submit=sampled changed-since-T1=false submit-rel=swung
[22:43:16.992] [38908] [I] SCOPY T3 frame=8958 drawn=45 buffer-after-draw=sampled changed-since-T2=true final-rel=swung node-row1=(0.021,0.997,0.075)
[22:43:16.992] [38908] [I] SCOPY T1c frame=8958 buffer=current slot=28 closest=bind-x-world(2.03) next=world-x-bind(2.04) | buffer=previous slot=28 closest=bind-x-world(2.04) next=world-x-bind(2.04)
[22:43:16.992] [38908] [I] SCOPY T3c frame=8958 buffer=current slot=28 closest=bind-x-world(2.03) next=world-x-bind(2.03) | buffer=previous slot=28 closest=bind-x-world(2.03) next=world-x-bind(2.04)
[22:43:17.133] [38908] [I] SCOPY T0 frame=8966 capture=2 bone='NPC Spine [Spn0]' skin='Dress' root='skeleton_female.nif' bone-origin=(1.2,-487.0,3.8) bone-row1=(0.021,0.995,0.098) witness='hdtSSEPhysics_AutoRename_Head_00000002 BDOr_H_PPW13_L1_08_00' witness-radius=21.39 subtree-nodes=968
[22:43:17.133] [38908] [I] SCOPY T1 frame=8966 bone-row1=(0.020,0.986,0.168) orientation-delta-deg=4.0 witness-moved=1.51 moved-range=[0.50,12.85] slot=28 buffer-pre=sampled pre-rel=captured probe-effective=true
[22:43:17.133] [38908] [I] SCOPY T2 frame=8966 pass-geometry='Dress' numMatrices=71 frameID=9235 buffer-submit=sampled changed-since-T1=false submit-rel=captured
[22:43:17.133] [38908] [I] SCOPY T3 frame=8966 drawn=45 buffer-after-draw=sampled changed-since-T2=true final-rel=captured node-row1=(0.020,0.986,0.168)
[22:43:17.133] [38908] [I] SCOPY T1c frame=8966 buffer=current slot=28 closest=bind-T(1.98) next=captured-x-bind(2.02) | buffer=previous slot=28 closest=bind-T(1.99) next=captured-x-bind(2.03)
[22:43:17.133] [38908] [I] SCOPY T3c frame=8966 buffer=current slot=28 closest=bind-T(1.97) next=captured-x-bind(2.01) | buffer=previous slot=28 closest=bind-T(1.98) next=captured-x-bind(2.02)
[22:43:17.273] [38908] [I] SCOPY T0 frame=8974 capture=2 bone='NPC Spine [Spn0]' skin='Dress' root='skeleton_female.nif' bone-origin=(1.2,-487.0,3.8) bone-row1=(0.021,0.995,0.098) witness='hdtSSEPhysics_AutoRename_Head_00000002 BDOr_H_PPW13_L1_08_00' witness-radius=21.39 subtree-nodes=968
[22:43:17.273] [38908] [I] SCOPY T1 frame=8974 bone-row1=(0.019,0.966,0.259) orientation-delta-deg=9.3 witness-moved=3.48 moved-range=[0.50,12.85] slot=28 buffer-pre=sampled pre-rel=captured probe-effective=true
[22:43:17.273] [38908] [I] SCOPY T2 frame=8974 pass-geometry='Dress' numMatrices=71 frameID=9243 buffer-submit=sampled changed-since-T1=false submit-rel=captured
[22:43:17.273] [38908] [I] SCOPY T3 frame=8974 drawn=45 buffer-after-draw=sampled changed-since-T2=true final-rel=captured node-row1=(0.019,0.966,0.259)
[22:43:17.274] [38908] [I] SCOPY T1c frame=8974 buffer=current slot=28 closest=captured-x-bind(2.03) next=bind-T(2.04) | buffer=previous slot=28 closest=captured-x-bind(2.02) next=bind-T(2.03)
[22:43:17.274] [38908] [I] SCOPY T3c frame=8974 buffer=current slot=28 closest=bone-captured(2.04) next=captured-x-bind(2.04) | buffer=previous slot=28 closest=captured-x-bind(2.03) next=bind-T(2.04)
[22:43:17.416] [38908] [I] SCOPY T0 frame=8982 capture=2 bone='NPC Spine [Spn0]' skin='Dress' root='skeleton_female.nif' bone-origin=(1.2,-487.0,3.8) bone-row1=(0.021,0.995,0.098) witness='hdtSSEPhysics_AutoRename_Head_00000002 BDOr_H_PPW13_L1_08_00' witness-radius=21.39 subtree-nodes=968
[22:43:17.416] [38908] [I] SCOPY T1 frame=8982 bone-row1=(0.018,0.939,0.343) orientation-delta-deg=14.4 witness-moved=5.36 moved-range=[0.50,12.85] slot=28 buffer-pre=sampled pre-rel=captured probe-effective=true
[22:43:17.416] [38908] [I] SCOPY T2 frame=8982 pass-geometry='Dress' numMatrices=71 frameID=9251 buffer-submit=sampled changed-since-T1=false submit-rel=captured
[22:43:17.416] [38908] [I] SCOPY T3 frame=8982 drawn=45 buffer-after-draw=sampled changed-since-T2=true final-rel=captured node-row1=(0.018,0.939,0.343)
[22:43:17.416] [38908] [I] SCOPY T1c frame=8982 buffer=current slot=28 closest=bone-captured(2.01) next=captured-x-bind(2.11) | buffer=previous slot=28 closest=bone-captured(2.00) next=captured-x-bind(2.10)
[22:43:17.416] [38908] [I] SCOPY T3c frame=8982 buffer=current slot=28 closest=bone-captured(2.02) next=captured-x-bind(2.12) | buffer=previous slot=28 closest=bone-captured(2.01) next=captured-x-bind(2.11)
[22:43:17.558] [38908] [I] SCOPY T0 frame=8990 capture=2 bone='NPC Spine [Spn0]' skin='Dress' root='skeleton_female.nif' bone-origin=(1.2,-487.0,3.8) bone-row1=(0.021,0.995,0.098) witness='hdtSSEPhysics_AutoRename_Head_00000002 BDOr_H_PPW13_L1_08_00' witness-radius=21.39 subtree-nodes=968
[22:43:17.558] [38908] [I] SCOPY T1 frame=8990 bone-row1=(0.017,0.908,0.419) orientation-delta-deg=19.1 witness-moved=7.10 moved-range=[0.50,12.85] slot=28 buffer-pre=sampled pre-rel=captured probe-effective=true
[22:43:17.558] [38908] [I] SCOPY T2 frame=8990 pass-geometry='Dress' numMatrices=71 frameID=9259 buffer-submit=sampled changed-since-T1=false submit-rel=captured
[22:43:17.558] [38908] [I] SCOPY T3 frame=8990 drawn=45 buffer-after-draw=sampled changed-since-T2=true final-rel=captured node-row1=(0.017,0.908,0.419)
[22:43:17.558] [38908] [I] SCOPY T1c frame=8990 buffer=current slot=28 closest=bone-captured(2.09) next=captured-x-bind(2.18) | buffer=previous slot=28 closest=bone-captured(2.08) next=captured-x-bind(2.17)
[22:43:17.558] [38908] [I] SCOPY T3c frame=8990 buffer=current slot=28 closest=bone-captured(2.10) next=captured-x-bind(2.19) | buffer=previous slot=28 closest=bone-captured(2.09) next=captured-x-bind(2.18)
[22:43:17.682] [38908] [I] Clone draw: passes=45 rd-null=45 lights=3 | geoms=49 skinned=49 roots=2 num-mat=908 bone-count=941 bound=908
[22:43:17.682] [38908] [I] SCOPY DRAW frame=2641 passes=45 lights=true animation-driver=none physics-driver=none
[22:43:17.701] [38908] [I] SCOPY T0 frame=8998 capture=2 bone='NPC Spine [Spn0]' skin='Dress' root='skeleton_female.nif' bone-origin=(1.2,-487.0,3.8) bone-row1=(0.021,0.995,0.098) witness='hdtSSEPhysics_AutoRename_Head_00000002 BDOr_H_PPW13_L1_08_00' witness-radius=21.39 subtree-nodes=968
[22:43:17.701] [38908] [I] SCOPY T1 frame=8998 bone-row1=(0.016,0.875,0.485) orientation-delta-deg=23.3 witness-moved=8.65 moved-range=[0.50,12.85] slot=28 buffer-pre=sampled pre-rel=captured probe-effective=true
[22:43:17.701] [38908] [I] SCOPY T2 frame=8998 pass-geometry='Dress' numMatrices=71 frameID=9267 buffer-submit=sampled changed-since-T1=false submit-rel=captured
[22:43:17.701] [38908] [I] SCOPY T3 frame=8998 drawn=45 buffer-after-draw=sampled changed-since-T2=true final-rel=captured node-row1=(0.016,0.875,0.485)
[22:43:17.701] [38908] [I] SCOPY T1c frame=8998 buffer=current slot=28 closest=bone-captured(2.16) next=captured-x-bind(2.25) | buffer=previous slot=28 closest=bone-captured(2.15) next=captured-x-bind(2.24)
[22:43:17.701] [38908] [I] SCOPY T3c frame=8998 buffer=current slot=28 closest=bone-captured(2.17) next=captured-x-bind(2.26) | buffer=previous slot=28 closest=bone-captured(2.16) next=captured-x-bind(2.25)
[22:43:17.852] [38908] [I] SCOPY T0 frame=9006 capture=2 bone='NPC Spine [Spn0]' skin='Dress' root='skeleton_female.nif' bone-origin=(1.2,-487.0,3.8) bone-row1=(0.021,0.995,0.098) witness='hdtSSEPhysics_AutoRename_Head_00000002 BDOr_H_PPW13_L1_08_00' witness-radius=21.39 subtree-nodes=968
[22:43:17.852] [38908] [I] SCOPY T1 frame=9006 bone-row1=(0.015,0.842,0.539) orientation-delta-deg=27.0 witness-moved=9.99 moved-range=[0.50,12.85] slot=28 buffer-pre=sampled pre-rel=captured probe-effective=true
[22:43:17.852] [38908] [I] SCOPY T2 frame=9006 pass-geometry='Dress' numMatrices=71 frameID=9275 buffer-submit=sampled changed-since-T1=false submit-rel=captured
[22:43:17.852] [38908] [I] SCOPY T3 frame=9006 drawn=45 buffer-after-draw=sampled changed-since-T2=true final-rel=captured node-row1=(0.015,0.842,0.539)
[22:43:17.852] [38908] [I] SCOPY T1c frame=9006 buffer=current slot=28 closest=bone-captured(2.22) next=captured-x-bind(2.31) | buffer=previous slot=28 closest=bone-captured(2.21) next=captured-x-bind(2.31)
[22:43:17.852] [38908] [I] SCOPY T3c frame=9006 buffer=current slot=28 closest=bone-captured(2.23) next=captured-x-bind(2.32) | buffer=previous slot=28 closest=bone-captured(2.22) next=captured-x-bind(2.31)
[22:43:17.993] [38908] [I] SCOPY T0 frame=9014 capture=2 bone='NPC Spine [Spn0]' skin='Dress' root='skeleton_female.nif' bone-origin=(1.2,-487.0,3.8) bone-row1=(0.021,0.995,0.098) witness='hdtSSEPhysics_AutoRename_Head_00000002 BDOr_H_PPW13_L1_08_00' witness-radius=21.39 subtree-nodes=968
[22:43:17.993] [38908] [I] SCOPY T1 frame=9014 bone-row1=(0.014,0.813,0.583) orientation-delta-deg=30.0 witness-moved=11.07 moved-range=[0.50,12.85] slot=28 buffer-pre=sampled pre-rel=captured probe-effective=true
[22:43:17.993] [38908] [I] SCOPY T2 frame=9014 pass-geometry='Dress' numMatrices=71 frameID=9283 buffer-submit=sampled changed-since-T1=false submit-rel=captured
[22:43:17.993] [38908] [I] SCOPY T3 frame=9014 drawn=45 buffer-after-draw=sampled changed-since-T2=true final-rel=captured node-row1=(0.014,0.813,0.583)
[22:43:17.993] [38908] [I] SCOPY T1c frame=9014 buffer=current slot=28 closest=bone-captured(2.27) next=captured-x-bind(2.36) | buffer=previous slot=28 closest=bone-captured(2.26) next=captured-x-bind(2.36)
[22:43:17.993] [38908] [I] SCOPY T3c frame=9014 buffer=current slot=28 closest=bone-captured(2.28) next=captured-x-bind(2.37) | buffer=previous slot=28 closest=bone-captured(2.27) next=captured-x-bind(2.36)
[22:43:18.133] [38908] [I] SCOPY T0 frame=9022 capture=2 bone='NPC Spine [Spn0]' skin='Dress' root='skeleton_female.nif' bone-origin=(1.2,-487.0,3.8) bone-row1=(0.021,0.995,0.098) witness='hdtSSEPhysics_AutoRename_Head_00000002 BDOr_H_PPW13_L1_08_00' witness-radius=21.39 subtree-nodes=968
[22:43:18.133] [38908] [I] SCOPY T1 frame=9022 bone-row1=(0.013,0.789,0.614) orientation-delta-deg=32.3 witness-moved=11.88 moved-range=[0.50,12.85] slot=28 buffer-pre=sampled pre-rel=captured probe-effective=true
[22:43:18.133] [38908] [I] SCOPY T2 frame=9022 pass-geometry='Dress' numMatrices=71 frameID=9291 buffer-submit=sampled changed-since-T1=false submit-rel=captured
[22:43:18.133] [38908] [I] SCOPY T3 frame=9022 drawn=45 buffer-after-draw=sampled changed-since-T2=true final-rel=captured node-row1=(0.013,0.789,0.614)
[22:43:18.133] [38908] [I] SCOPY T1c frame=9022 buffer=current slot=28 closest=bone-captured(2.31) next=captured-x-bind(2.40) | buffer=previous slot=28 closest=bone-captured(2.31) next=captured-x-bind(2.40)
[22:43:18.133] [38908] [I] SCOPY T3c frame=9022 buffer=current slot=28 closest=bone-captured(2.31) next=captured-x-bind(2.41) | buffer=previous slot=28 closest=bone-captured(2.31) next=captured-x-bind(2.40)
[22:43:18.275] [38908] [I] SCOPY T0 frame=9030 capture=2 bone='NPC Spine [Spn0]' skin='Dress' root='skeleton_female.nif' bone-origin=(1.2,-487.0,3.8) bone-row1=(0.021,0.995,0.098) witness='hdtSSEPhysics_AutoRename_Head_00000002 BDOr_H_PPW13_L1_08_00' witness-radius=21.39 subtree-nodes=968
[22:43:18.275] [38908] [I] SCOPY T1 frame=9030 bone-row1=(0.013,0.773,0.634) orientation-delta-deg=33.7 witness-moved=12.41 moved-range=[0.50,12.85] slot=28 buffer-pre=sampled pre-rel=captured probe-effective=true
[22:43:18.275] [38908] [I] SCOPY T2 frame=9030 pass-geometry='Dress' numMatrices=71 frameID=9299 buffer-submit=sampled changed-since-T1=false submit-rel=captured
[22:43:18.275] [38908] [I] SCOPY T3 frame=9030 drawn=45 buffer-after-draw=sampled changed-since-T2=true final-rel=captured node-row1=(0.013,0.773,0.634)
[22:43:18.275] [38908] [I] SCOPY T1c frame=9030 buffer=current slot=28 closest=bone-captured(2.34) next=captured-x-bind(2.43) | buffer=previous slot=28 closest=bone-captured(2.33) next=captured-x-bind(2.43)
[22:43:18.275] [38908] [I] SCOPY T3c frame=9030 buffer=current slot=28 closest=bone-captured(2.34) next=captured-x-bind(2.43) | buffer=previous slot=28 closest=bone-captured(2.34) next=captured-x-bind(2.43)
[22:43:18.417] [38908] [I] SCOPY T0 frame=9038 capture=2 bone='NPC Spine [Spn0]' skin='Dress' root='skeleton_female.nif' bone-origin=(1.2,-487.0,3.8) bone-row1=(0.021,0.995,0.098) witness='hdtSSEPhysics_AutoRename_Head_00000002 BDOr_H_PPW13_L1_08_00' witness-radius=21.39 subtree-nodes=968
[22:43:18.417] [38908] [I] SCOPY T1 frame=9038 bone-row1=(0.012,0.766,0.643) orientation-delta-deg=34.4 witness-moved=12.64 moved-range=[0.50,12.85] slot=28 buffer-pre=sampled pre-rel=captured probe-effective=true
[22:43:18.417] [38908] [I] SCOPY T2 frame=9038 pass-geometry='Dress' numMatrices=71 frameID=9307 buffer-submit=sampled changed-since-T1=false submit-rel=captured
[22:43:18.417] [38908] [I] SCOPY T3 frame=9038 drawn=45 buffer-after-draw=sampled changed-since-T2=true final-rel=captured node-row1=(0.012,0.766,0.643)
[22:43:18.417] [38908] [I] SCOPY T1c frame=9038 buffer=current slot=28 closest=bone-captured(2.35) next=captured-x-bind(2.44) | buffer=previous slot=28 closest=bone-captured(2.35) next=captured-x-bind(2.44)
[22:43:18.417] [38908] [I] SCOPY T3c frame=9038 buffer=current slot=28 closest=bone-captured(2.35) next=captured-x-bind(2.44) | buffer=previous slot=28 closest=bone-captured(2.35) next=captured-x-bind(2.44)
[22:43:18.560] [38908] [I] SCOPY T0 frame=9046 capture=2 bone='NPC Spine [Spn0]' skin='Dress' root='skeleton_female.nif' bone-origin=(1.2,-487.0,3.8) bone-row1=(0.021,0.995,0.098) witness='hdtSSEPhysics_AutoRename_Head_00000002 BDOr_H_PPW13_L1_08_00' witness-radius=21.39 subtree-nodes=968
[22:43:18.560] [38908] [I] SCOPY T1 frame=9046 bone-row1=(0.012,0.768,0.640) orientation-delta-deg=34.1 witness-moved=12.56 moved-range=[0.50,12.85] slot=28 buffer-pre=sampled pre-rel=captured probe-effective=true
[22:43:18.560] [38908] [I] SCOPY T2 frame=9046 pass-geometry='Dress' numMatrices=71 frameID=9315 buffer-submit=sampled changed-since-T1=false submit-rel=captured
[22:43:18.560] [38908] [I] SCOPY T3 frame=9046 drawn=45 buffer-after-draw=sampled changed-since-T2=true final-rel=captured node-row1=(0.012,0.768,0.640)
[22:43:18.560] [38908] [I] SCOPY T1c frame=9046 buffer=current slot=28 closest=bone-captured(2.35) next=captured-x-bind(2.44) | buffer=previous slot=28 closest=bone-captured(2.35) next=captured-x-bind(2.44)
[22:43:18.560] [38908] [I] SCOPY T3c frame=9046 buffer=current slot=28 closest=bone-captured(2.35) next=captured-x-bind(2.44) | buffer=previous slot=28 closest=bone-captured(2.35) next=captured-x-bind(2.44)
[22:43:18.701] [38908] [I] SCOPY T0 frame=9054 capture=2 bone='NPC Spine [Spn0]' skin='Dress' root='skeleton_female.nif' bone-origin=(1.2,-487.0,3.8) bone-row1=(0.021,0.995,0.098) witness='hdtSSEPhysics_AutoRename_Head_00000002 BDOr_H_PPW13_L1_08_00' witness-radius=21.39 subtree-nodes=968
[22:43:18.701] [38908] [I] SCOPY T1 frame=9054 bone-row1=(0.013,0.780,0.626) orientation-delta-deg=33.1 witness-moved=12.18 moved-range=[0.50,12.85] slot=28 buffer-pre=sampled pre-rel=captured probe-effective=true
[22:43:18.701] [38908] [I] SCOPY T2 frame=9054 pass-geometry='Dress' numMatrices=71 frameID=9323 buffer-submit=sampled changed-since-T1=false submit-rel=captured
[22:43:18.701] [38908] [I] SCOPY T3 frame=9054 drawn=45 buffer-after-draw=sampled changed-since-T2=true final-rel=captured node-row1=(0.013,0.780,0.626)
[22:43:18.701] [38908] [I] SCOPY T1c frame=9054 buffer=current slot=28 closest=bone-captured(2.33) next=captured-x-bind(2.43) | buffer=previous slot=28 closest=bone-captured(2.33) next=captured-x-bind(2.43)
[22:43:18.701] [38908] [I] SCOPY T3c frame=9054 buffer=current slot=28 closest=bone-captured(2.33) next=captured-x-bind(2.42) | buffer=previous slot=28 closest=bone-captured(2.33) next=captured-x-bind(2.43)
[22:43:18.843] [38908] [I] SCOPY T0 frame=9062 capture=2 bone='NPC Spine [Spn0]' skin='Dress' root='skeleton_female.nif' bone-origin=(1.2,-487.0,3.8) bone-row1=(0.021,0.995,0.098) witness='hdtSSEPhysics_AutoRename_Head_00000002 BDOr_H_PPW13_L1_08_00' witness-radius=21.39 subtree-nodes=968
[22:43:18.843] [38908] [I] SCOPY T1 frame=9062 bone-row1=(0.013,0.800,0.600) orientation-delta-deg=31.2 witness-moved=11.51 moved-range=[0.50,12.85] slot=28 buffer-pre=sampled pre-rel=captured probe-effective=true
[22:43:18.843] [38908] [I] SCOPY T2 frame=9062 pass-geometry='Dress' numMatrices=71 frameID=9331 buffer-submit=sampled changed-since-T1=false submit-rel=captured
[22:43:18.843] [38908] [I] SCOPY T3 frame=9062 drawn=45 buffer-after-draw=sampled changed-since-T2=true final-rel=captured node-row1=(0.013,0.800,0.600)
[22:43:18.843] [38908] [I] SCOPY T1c frame=9062 buffer=current slot=28 closest=bone-captured(2.30) next=captured-x-bind(2.40) | buffer=previous slot=28 closest=bone-captured(2.31) next=captured-x-bind(2.40)
[22:43:18.843] [38908] [I] SCOPY T3c frame=9062 buffer=current slot=28 closest=bone-captured(2.30) next=captured-x-bind(2.39) | buffer=previous slot=28 closest=bone-captured(2.30) next=captured-x-bind(2.40)
[22:43:18.985] [38908] [I] SCOPY T0 frame=9070 capture=2 bone='NPC Spine [Spn0]' skin='Dress' root='skeleton_female.nif' bone-origin=(1.2,-487.0,3.8) bone-row1=(0.021,0.995,0.098) witness='hdtSSEPhysics_AutoRename_Head_00000002 BDOr_H_PPW13_L1_08_00' witness-radius=21.39 subtree-nodes=968
[22:43:18.985] [38908] [I] SCOPY T1 frame=9070 bone-row1=(0.014,0.827,0.563) orientation-delta-deg=28.6 witness-moved=10.56 moved-range=[0.50,12.85] slot=28 buffer-pre=sampled pre-rel=captured probe-effective=true
[22:43:18.985] [38908] [I] SCOPY T2 frame=9070 pass-geometry='Dress' numMatrices=71 frameID=9339 buffer-submit=sampled changed-since-T1=false submit-rel=captured
[22:43:18.985] [38908] [I] SCOPY T3 frame=9070 drawn=45 buffer-after-draw=sampled changed-since-T2=true final-rel=captured node-row1=(0.014,0.827,0.563)
[22:43:18.985] [38908] [I] SCOPY T1c frame=9070 buffer=current slot=28 closest=bone-captured(2.26) next=captured-x-bind(2.35) | buffer=previous slot=28 closest=bone-captured(2.26) next=captured-x-bind(2.36)
[22:43:18.985] [38908] [I] SCOPY T3c frame=9070 buffer=current slot=28 closest=bone-captured(2.25) next=captured-x-bind(2.35) | buffer=previous slot=28 closest=bone-captured(2.26) next=captured-x-bind(2.35)
[22:43:19.129] [38908] [I] SCOPY T0 frame=9078 capture=2 bone='NPC Spine [Spn0]' skin='Dress' root='skeleton_female.nif' bone-origin=(1.2,-487.0,3.8) bone-row1=(0.021,0.995,0.098) witness='hdtSSEPhysics_AutoRename_Head_00000002 BDOr_H_PPW13_L1_08_00' witness-radius=21.39 subtree-nodes=968
[22:43:19.129] [38908] [I] SCOPY T1 frame=9078 bone-row1=(0.015,0.858,0.513) orientation-delta-deg=25.2 witness-moved=9.35 moved-range=[0.50,12.85] slot=28 buffer-pre=sampled pre-rel=captured probe-effective=true
[22:43:19.129] [38908] [I] SCOPY T2 frame=9078 pass-geometry='Dress' numMatrices=71 frameID=9347 buffer-submit=sampled changed-since-T1=false submit-rel=captured
[22:43:19.129] [38908] [I] SCOPY T3 frame=9078 drawn=45 buffer-after-draw=sampled changed-since-T2=true final-rel=captured node-row1=(0.015,0.858,0.513)
[22:43:19.129] [38908] [I] SCOPY T1c frame=9078 buffer=current slot=28 closest=bone-captured(2.20) next=captured-x-bind(2.30) | buffer=previous slot=28 closest=bone-captured(2.21) next=captured-x-bind(2.31)
[22:43:19.129] [38908] [I] SCOPY T3c frame=9078 buffer=current slot=28 closest=bone-captured(2.20) next=captured-x-bind(2.29) | buffer=previous slot=28 closest=bone-captured(2.20) next=captured-x-bind(2.30)
[22:43:19.270] [38908] [I] SCOPY T0 frame=9086 capture=2 bone='NPC Spine [Spn0]' skin='Dress' root='skeleton_female.nif' bone-origin=(1.2,-487.0,3.8) bone-row1=(0.021,0.995,0.098) witness='hdtSSEPhysics_AutoRename_Head_00000002 BDOr_H_PPW13_L1_08_00' witness-radius=21.39 subtree-nodes=968
[22:43:19.270] [38908] [I] SCOPY T1 frame=9086 bone-row1=(0.016,0.891,0.453) orientation-delta-deg=21.3 witness-moved=7.90 moved-range=[0.50,12.85] slot=28 buffer-pre=sampled pre-rel=captured probe-effective=true
[22:43:19.270] [38908] [I] SCOPY T2 frame=9086 pass-geometry='Dress' numMatrices=71 frameID=9355 buffer-submit=sampled changed-since-T1=false submit-rel=captured
[22:43:19.270] [38908] [I] SCOPY T3 frame=9086 drawn=45 buffer-after-draw=sampled changed-since-T2=true final-rel=captured node-row1=(0.016,0.891,0.453)
[22:43:19.270] [38908] [I] SCOPY T1c frame=9086 buffer=current slot=28 closest=bone-captured(2.14) next=captured-x-bind(2.23) | buffer=previous slot=28 closest=bone-captured(2.15) next=captured-x-bind(2.24)
[22:43:19.270] [38908] [I] SCOPY T3c frame=9086 buffer=current slot=28 closest=bone-captured(2.13) next=captured-x-bind(2.23) | buffer=previous slot=28 closest=bone-captured(2.14) next=captured-x-bind(2.23)
[22:43:19.413] [38908] [I] SCOPY T0 frame=9094 capture=2 bone='NPC Spine [Spn0]' skin='Dress' root='skeleton_female.nif' bone-origin=(1.2,-487.0,3.8) bone-row1=(0.021,0.995,0.098) witness='hdtSSEPhysics_AutoRename_Head_00000002 BDOr_H_PPW13_L1_08_00' witness-radius=21.39 subtree-nodes=968
[22:43:19.413] [38908] [I] SCOPY T1 frame=9094 bone-row1=(0.017,0.924,0.382) orientation-delta-deg=16.8 witness-moved=6.25 moved-range=[0.50,12.85] slot=28 buffer-pre=sampled pre-rel=captured probe-effective=true
[22:43:19.413] [38908] [I] SCOPY T2 frame=9094 pass-geometry='Dress' numMatrices=71 frameID=9363 buffer-submit=sampled changed-since-T1=false submit-rel=captured
[22:43:19.413] [38908] [I] SCOPY T3 frame=9094 drawn=45 buffer-after-draw=sampled changed-since-T2=true final-rel=captured node-row1=(0.017,0.924,0.382)
[22:43:19.413] [38908] [I] SCOPY T1c frame=9094 buffer=current slot=28 closest=bone-captured(2.07) next=captured-x-bind(2.16) | buffer=previous slot=28 closest=bone-captured(2.08) next=captured-x-bind(2.17)
[22:43:19.413] [38908] [I] SCOPY T3c frame=9094 buffer=current slot=28 closest=bone-captured(2.06) next=captured-x-bind(2.15) | buffer=previous slot=28 closest=bone-captured(2.07) next=captured-x-bind(2.16)
[22:43:19.554] [38908] [I] SCOPY T0 frame=9102 capture=2 bone='NPC Spine [Spn0]' skin='Dress' root='skeleton_female.nif' bone-origin=(1.2,-487.0,3.8) bone-row1=(0.021,0.995,0.098) witness='hdtSSEPhysics_AutoRename_Head_00000002 BDOr_H_PPW13_L1_08_00' witness-radius=21.39 subtree-nodes=968
[22:43:19.554] [38908] [I] SCOPY T1 frame=9102 bone-row1=(0.019,0.953,0.302) orientation-delta-deg=11.9 witness-moved=4.44 moved-range=[0.50,12.85] slot=28 buffer-pre=sampled pre-rel=captured probe-effective=true
[22:43:19.554] [38908] [I] SCOPY T2 frame=9102 pass-geometry='Dress' numMatrices=71 frameID=9371 buffer-submit=sampled changed-since-T1=false submit-rel=captured
[22:43:19.554] [38908] [I] SCOPY T3 frame=9102 drawn=45 buffer-after-draw=sampled changed-since-T2=true final-rel=captured node-row1=(0.019,0.953,0.302)
[22:43:19.554] [38908] [I] SCOPY T1c frame=9102 buffer=current slot=28 closest=bone-captured(2.01) next=captured-x-bind(2.09) | buffer=previous slot=28 closest=bone-captured(2.00) next=captured-x-bind(2.10)
[22:43:19.554] [38908] [I] SCOPY T3c frame=9102 buffer=current slot=28 closest=bone-captured(2.02) next=captured-x-bind(2.08) | buffer=previous slot=28 closest=bone-captured(2.01) next=captured-x-bind(2.09)
[22:43:19.696] [38908] [I] SCOPY T0 frame=9110 capture=2 bone='NPC Spine [Spn0]' skin='Dress' root='skeleton_female.nif' bone-origin=(1.2,-487.0,3.8) bone-row1=(0.021,0.995,0.098) witness='hdtSSEPhysics_AutoRename_Head_00000002 BDOr_H_PPW13_L1_08_00' witness-radius=21.39 subtree-nodes=968
[22:43:19.696] [38908] [I] SCOPY T1 frame=9110 bone-row1=(0.020,0.977,0.214) orientation-delta-deg=6.7 witness-moved=2.50 moved-range=[0.50,12.85] slot=28 buffer-pre=sampled pre-rel=captured probe-effective=true
[22:43:19.696] [38908] [I] SCOPY T2 frame=9110 pass-geometry='Dress' numMatrices=71 frameID=9379 buffer-submit=sampled changed-since-T1=false submit-rel=captured
[22:43:19.696] [38908] [I] SCOPY T3 frame=9110 drawn=45 buffer-after-draw=sampled changed-since-T2=true final-rel=captured node-row1=(0.020,0.977,0.214)
[22:43:19.696] [38908] [I] SCOPY T1c frame=9110 buffer=current slot=28 closest=captured-x-bind(2.01) next=bind-T(2.02) | buffer=previous slot=28 closest=captured-x-bind(2.02) next=bind-T(2.03)
[22:43:19.696] [38908] [I] SCOPY T3c frame=9110 buffer=current slot=28 closest=captured-x-bind(2.00) next=bind-T(2.01) | buffer=previous slot=28 closest=captured-x-bind(2.01) next=bind-T(2.02)
[22:43:19.820] [38908] [I] Clone draw: passes=45 rd-null=45 lights=3 | geoms=49 skinned=49 roots=2 num-mat=908 bone-count=941 bound=908
[22:43:19.820] [38908] [I] SCOPY DRAW frame=2761 passes=45 lights=true animation-driver=none physics-driver=none
[22:43:19.838] [38908] [I] SCOPY T0 frame=9118 capture=2 bone='NPC Spine [Spn0]' skin='Dress' root='skeleton_female.nif' bone-origin=(1.2,-487.0,3.8) bone-row1=(0.021,0.995,0.098) witness='hdtSSEPhysics_AutoRename_Head_00000002 BDOr_H_PPW13_L1_08_00' witness-radius=21.39 subtree-nodes=968
[22:43:19.838] [38908] [I] SCOPY T1 frame=9118 bone-row1=(0.021,0.992,0.122) orientation-delta-deg=1.3 witness-moved=0.50 moved-range=[0.50,12.85] slot=28 buffer-pre=sampled pre-rel=captured probe-effective=true
[22:43:19.838] [38908] [I] SCOPY T2 frame=9118 pass-geometry='Dress' numMatrices=71 frameID=9387 buffer-submit=sampled changed-since-T1=false submit-rel=captured
[22:43:19.838] [38908] [I] SCOPY T3 frame=9118 drawn=45 buffer-after-draw=sampled changed-since-T2=true final-rel=captured node-row1=(0.021,0.992,0.122)
[22:43:19.839] [38908] [I] SCOPY T1c frame=9118 buffer=current slot=28 closest=bind-T(2.00) next=captured-x-bind(2.03) | buffer=previous slot=28 closest=bind-T(1.99) next=captured-x-bind(2.03)
[22:43:19.839] [38908] [I] SCOPY T3c frame=9118 buffer=current slot=28 closest=bind-T(2.00) next=captured-x-bind(2.04) | buffer=previous slot=28 closest=bind-T(2.00) next=captured-x-bind(2.03)
[22:43:19.979] [38908] [I] SCOPY T0 frame=9126 capture=2 bone='NPC Spine [Spn0]' skin='Dress' root='skeleton_female.nif' bone-origin=(1.2,-487.0,3.8) bone-row1=(0.021,0.995,0.098) witness='hdtSSEPhysics_AutoRename_Head_00000002 BDOr_H_PPW13_L1_08_00' witness-radius=21.39 subtree-nodes=968
[22:43:19.979] [38908] [I] SCOPY T1 frame=9126 bone-row1=(0.021,0.999,0.028) orientation-delta-deg=4.0 witness-moved=1.51 moved-range=[0.50,12.85] slot=28 buffer-pre=sampled pre-rel=swung probe-effective=true
[22:43:19.979] [38908] [I] SCOPY T2 frame=9126 pass-geometry='Dress' numMatrices=71 frameID=9395 buffer-submit=sampled changed-since-T1=false submit-rel=swung
[22:43:19.979] [38908] [I] SCOPY T3 frame=9126 drawn=45 buffer-after-draw=sampled changed-since-T2=true final-rel=swung node-row1=(0.021,0.999,0.028)
[22:43:19.979] [38908] [I] SCOPY T1c frame=9126 buffer=current slot=28 closest=bind-x-world(2.01) next=world-x-bind(2.02) | buffer=previous slot=28 closest=bind-x-world(2.02) next=world-x-bind(2.02)
[22:43:19.979] [38908] [I] SCOPY T3c frame=9126 buffer=current slot=28 closest=bind-x-world(2.01) next=world-x-bind(2.01) | buffer=previous slot=28 closest=bind-x-world(2.01) next=world-x-bind(2.02)
[22:43:20.120] [38908] [I] SCOPY T0 frame=9134 capture=2 bone='NPC Spine [Spn0]' skin='Dress' root='skeleton_female.nif' bone-origin=(1.2,-487.0,3.8) bone-row1=(0.021,0.995,0.098) witness='hdtSSEPhysics_AutoRename_Head_00000002 BDOr_H_PPW13_L1_08_00' witness-radius=21.39 subtree-nodes=968
[22:43:20.120] [38908] [I] SCOPY T1 frame=9134 bone-row1=(0.022,0.998,-0.064) orientation-delta-deg=9.3 witness-moved=3.48 moved-range=[0.50,12.85] slot=28 buffer-pre=sampled pre-rel=swung probe-effective=true
[22:43:20.120] [38908] [I] SCOPY T2 frame=9134 pass-geometry='Dress' numMatrices=71 frameID=9403 buffer-submit=sampled changed-since-T1=false submit-rel=swung
[22:43:20.120] [38908] [I] SCOPY T3 frame=9134 drawn=45 buffer-after-draw=sampled changed-since-T2=true final-rel=swung node-row1=(0.022,0.998,-0.064)
[22:43:20.120] [38908] [I] SCOPY T1c frame=9134 buffer=current slot=28 closest=bind(1.99) next=bone-prev-frame(2.02) | buffer=previous slot=28 closest=bind(2.00) next=bone-prev-frame(2.03)
[22:43:20.120] [38908] [I] SCOPY T3c frame=9134 buffer=current slot=28 closest=bind(1.98) next=bone-prev-frame(2.02) | buffer=previous slot=28 closest=bind(1.99) next=bone-prev-frame(2.02)
[22:43:20.260] [38908] [I] SCOPY T0 frame=9142 capture=2 bone='NPC Spine [Spn0]' skin='Dress' root='skeleton_female.nif' bone-origin=(1.2,-487.0,3.8) bone-row1=(0.021,0.995,0.098) witness='hdtSSEPhysics_AutoRename_Head_00000002 BDOr_H_PPW13_L1_08_00' witness-radius=21.39 subtree-nodes=968
[22:43:20.260] [38908] [I] SCOPY T1 frame=9142 bone-row1=(0.022,0.988,-0.152) orientation-delta-deg=14.4 witness-moved=5.36 moved-range=[0.50,12.85] slot=28 buffer-pre=sampled pre-rel=swung probe-effective=true
[22:43:20.260] [38908] [I] SCOPY T2 frame=9142 pass-geometry='Dress' numMatrices=71 frameID=9411 buffer-submit=sampled changed-since-T1=false submit-rel=swung
[22:43:20.260] [38908] [I] SCOPY T3 frame=9142 drawn=45 buffer-after-draw=sampled changed-since-T2=true final-rel=swung node-row1=(0.022,0.988,-0.152)
[22:43:20.260] [38908] [I] SCOPY T1c frame=9142 buffer=current slot=28 closest=bind(2.02) next=bone-captured-T(2.10) | buffer=previous slot=28 closest=bind(2.01) next=bone-captured-T(2.10)
[22:43:20.260] [38908] [I] SCOPY T3c frame=9142 buffer=current slot=28 closest=bind(2.03) next=bone-captured-T(2.09) | buffer=previous slot=28 closest=bind(2.02) next=bone-captured-T(2.10)
[22:43:20.402] [38908] [I] SCOPY T0 frame=9150 capture=2 bone='NPC Spine [Spn0]' skin='Dress' root='skeleton_female.nif' bone-origin=(1.2,-487.0,3.8) bone-row1=(0.021,0.995,0.098) witness='hdtSSEPhysics_AutoRename_Head_00000002 BDOr_H_PPW13_L1_08_00' witness-radius=21.39 subtree-nodes=968
[22:43:20.402] [38908] [I] SCOPY T1 frame=9150 bone-row1=(0.023,0.972,-0.233) orientation-delta-deg=19.1 witness-moved=7.10 moved-range=[0.50,12.85] slot=28 buffer-pre=sampled pre-rel=swung probe-effective=true
[22:43:20.402] [38908] [I] SCOPY T2 frame=9150 pass-geometry='Dress' numMatrices=71 frameID=9419 buffer-submit=sampled changed-since-T1=false submit-rel=swung
[22:43:20.402] [38908] [I] SCOPY T3 frame=9150 drawn=45 buffer-after-draw=sampled changed-since-T2=true final-rel=swung node-row1=(0.023,0.972,-0.233)
[22:43:20.402] [38908] [I] SCOPY T1c frame=9150 buffer=current slot=28 closest=bone-captured-T(2.05) next=bind(2.09) | buffer=previous slot=28 closest=bone-captured-T(2.06) next=bind(2.08)
[22:43:20.402] [38908] [I] SCOPY T3c frame=9150 buffer=current slot=28 closest=bone-captured-T(2.05) next=bind(2.10) | buffer=previous slot=28 closest=bone-captured-T(2.05) next=bind(2.09)
[22:43:20.543] [38908] [I] SCOPY T0 frame=9158 capture=2 bone='NPC Spine [Spn0]' skin='Dress' root='skeleton_female.nif' bone-origin=(1.2,-487.0,3.8) bone-row1=(0.021,0.995,0.098) witness='hdtSSEPhysics_AutoRename_Head_00000002 BDOr_H_PPW13_L1_08_00' witness-radius=21.39 subtree-nodes=968
[22:43:20.543] [38908] [I] SCOPY T1 frame=9158 bone-row1=(0.023,0.952,-0.304) orientation-delta-deg=23.3 witness-moved=8.65 moved-range=[0.50,12.85] slot=28 buffer-pre=sampled pre-rel=swung probe-effective=true
[22:43:20.543] [38908] [I] SCOPY T2 frame=9158 pass-geometry='Dress' numMatrices=71 frameID=9427 buffer-submit=sampled changed-since-T1=false submit-rel=swung
[22:43:20.543] [38908] [I] SCOPY T3 frame=9158 drawn=45 buffer-after-draw=sampled changed-since-T2=true final-rel=swung node-row1=(0.023,0.952,-0.304)
[22:43:20.543] [38908] [I] SCOPY T1c frame=9158 buffer=current slot=28 closest=bone-captured-T(2.10) next=bind(2.16) | buffer=previous slot=28 closest=bone-captured-T(2.09) next=bind(2.15)
[22:43:20.543] [38908] [I] SCOPY T3c frame=9158 buffer=current slot=28 closest=bone-captured-T(2.10) next=bind(2.16) | buffer=previous slot=28 closest=bone-captured-T(2.10) next=bind(2.16)
[22:43:20.682] [38908] [I] SCOPY T0 frame=9166 capture=2 bone='NPC Spine [Spn0]' skin='Dress' root='skeleton_female.nif' bone-origin=(1.2,-487.0,3.8) bone-row1=(0.021,0.995,0.098) witness='hdtSSEPhysics_AutoRename_Head_00000002 BDOr_H_PPW13_L1_08_00' witness-radius=21.39 subtree-nodes=968
[22:43:20.682] [38908] [I] SCOPY T1 frame=9166 bone-row1=(0.023,0.931,-0.364) orientation-delta-deg=27.0 witness-moved=9.99 moved-range=[0.50,12.85] slot=28 buffer-pre=sampled pre-rel=swung probe-effective=true
[22:43:20.682] [38908] [I] SCOPY T2 frame=9166 pass-geometry='Dress' numMatrices=71 frameID=9435 buffer-submit=sampled changed-since-T1=false submit-rel=swung
[22:43:20.682] [38908] [I] SCOPY T3 frame=9166 drawn=45 buffer-after-draw=sampled changed-since-T2=true final-rel=swung node-row1=(0.023,0.931,-0.364)
[22:43:20.682] [38908] [I] SCOPY T1c frame=9166 buffer=current slot=28 closest=bone-captured-T(2.15) next=bind(2.22) | buffer=previous slot=28 closest=bone-captured-T(2.15) next=bind(2.21)
[22:43:20.682] [38908] [I] SCOPY T3c frame=9166 buffer=current slot=28 closest=bone-captured-T(2.16) next=bind(2.22) | buffer=previous slot=28 closest=bone-captured-T(2.15) next=bind(2.22)
[22:43:20.824] [38908] [I] SCOPY T0 frame=9174 capture=2 bone='NPC Spine [Spn0]' skin='Dress' root='skeleton_female.nif' bone-origin=(1.2,-487.0,3.8) bone-row1=(0.021,0.995,0.098) witness='hdtSSEPhysics_AutoRename_Head_00000002 BDOr_H_PPW13_L1_08_00' witness-radius=21.39 subtree-nodes=968
[22:43:20.824] [38908] [I] SCOPY T1 frame=9174 bone-row1=(0.022,0.911,-0.412) orientation-delta-deg=30.0 witness-moved=11.07 moved-range=[0.50,12.85] slot=28 buffer-pre=sampled pre-rel=swung probe-effective=true
[22:43:20.824] [38908] [I] SCOPY T2 frame=9174 pass-geometry='Dress' numMatrices=71 frameID=9443 buffer-submit=sampled changed-since-T1=false submit-rel=swung
[22:43:20.824] [38908] [I] SCOPY T3 frame=9174 drawn=45 buffer-after-draw=sampled changed-since-T2=true final-rel=swung node-row1=(0.022,0.911,-0.412)
[22:43:20.824] [38908] [I] SCOPY T1c frame=9174 buffer=current slot=28 closest=bone-captured-T(2.20) next=bind(2.27) | buffer=previous slot=28 closest=bone-captured-T(2.20) next=bind(2.26)
[22:43:20.824] [38908] [I] SCOPY T3c frame=9174 buffer=current slot=28 closest=bone-captured-T(2.21) next=bind(2.27) | buffer=previous slot=28 closest=bone-captured-T(2.20) next=bind(2.27)
[22:43:20.965] [38908] [I] SCOPY T0 frame=9182 capture=2 bone='NPC Spine [Spn0]' skin='Dress' root='skeleton_female.nif' bone-origin=(1.2,-487.0,3.8) bone-row1=(0.021,0.995,0.098) witness='hdtSSEPhysics_AutoRename_Head_00000002 BDOr_H_PPW13_L1_08_00' witness-radius=21.39 subtree-nodes=968
[22:43:20.965] [38908] [I] SCOPY T1 frame=9182 bone-row1=(0.022,0.894,-0.448) orientation-delta-deg=32.3 witness-moved=11.88 moved-range=[0.50,12.85] slot=28 buffer-pre=sampled pre-rel=swung probe-effective=true
[22:43:20.965] [38908] [I] SCOPY T2 frame=9182 pass-geometry='Dress' numMatrices=71 frameID=9451 buffer-submit=sampled changed-since-T1=false submit-rel=swung
[22:43:20.965] [38908] [I] SCOPY T3 frame=9182 drawn=45 buffer-after-draw=sampled changed-since-T2=true final-rel=swung node-row1=(0.022,0.894,-0.448)
[22:43:20.965] [38908] [I] SCOPY T1c frame=9182 buffer=current slot=28 closest=bone-captured-T(2.24) next=bind(2.31) | buffer=previous slot=28 closest=bone-captured-T(2.24) next=bind(2.30)
[22:43:20.965] [38908] [I] SCOPY T3c frame=9182 buffer=current slot=28 closest=bone-captured-T(2.25) next=bind(2.31) | buffer=previous slot=28 closest=bone-captured-T(2.24) next=bind(2.31)
[22:43:21.106] [38908] [I] SCOPY T0 frame=9190 capture=2 bone='NPC Spine [Spn0]' skin='Dress' root='skeleton_female.nif' bone-origin=(1.2,-487.0,3.8) bone-row1=(0.021,0.995,0.098) witness='hdtSSEPhysics_AutoRename_Head_00000002 BDOr_H_PPW13_L1_08_00' witness-radius=21.39 subtree-nodes=968
[22:43:21.106] [38908] [I] SCOPY T1 frame=9190 bone-row1=(0.022,0.882,-0.470) orientation-delta-deg=33.7 witness-moved=12.41 moved-range=[0.50,12.85] slot=28 buffer-pre=sampled pre-rel=swung probe-effective=true
[22:43:21.106] [38908] [I] SCOPY T2 frame=9190 pass-geometry='Dress' numMatrices=71 frameID=9459 buffer-submit=sampled changed-since-T1=false submit-rel=swung
[22:43:21.106] [38908] [I] SCOPY T3 frame=9190 drawn=45 buffer-after-draw=sampled changed-since-T2=true final-rel=swung node-row1=(0.022,0.882,-0.470)
[22:43:21.106] [38908] [I] SCOPY T1c frame=9190 buffer=current slot=28 closest=bone-captured-T(2.27) next=bind(2.33) | buffer=previous slot=28 closest=bone-captured-T(2.27) next=bind(2.33)
[22:43:21.106] [38908] [I] SCOPY T3c frame=9190 buffer=current slot=28 closest=bone-captured-T(2.27) next=bind(2.33) | buffer=previous slot=28 closest=bone-captured-T(2.27) next=bind(2.33)
[22:43:21.247] [38908] [I] SCOPY T0 frame=9198 capture=2 bone='NPC Spine [Spn0]' skin='Dress' root='skeleton_female.nif' bone-origin=(1.2,-487.0,3.8) bone-row1=(0.021,0.995,0.098) witness='hdtSSEPhysics_AutoRename_Head_00000002 BDOr_H_PPW13_L1_08_00' witness-radius=21.39 subtree-nodes=968
[22:43:21.247] [38908] [I] SCOPY T1 frame=9198 bone-row1=(0.022,0.877,-0.480) orientation-delta-deg=34.4 witness-moved=12.64 moved-range=[0.50,12.85] slot=28 buffer-pre=sampled pre-rel=swung probe-effective=true
[22:43:21.247] [38908] [I] SCOPY T2 frame=9198 pass-geometry='Dress' numMatrices=71 frameID=9467 buffer-submit=sampled changed-since-T1=false submit-rel=swung
[22:43:21.247] [38908] [I] SCOPY T3 frame=9198 drawn=45 buffer-after-draw=sampled changed-since-T2=true final-rel=swung node-row1=(0.022,0.877,-0.480)
[22:43:21.247] [38908] [I] SCOPY T1c frame=9198 buffer=current slot=28 closest=bone-captured-T(2.28) next=bind(2.34) | buffer=previous slot=28 closest=bone-captured-T(2.28) next=bind(2.34)
[22:43:21.247] [38908] [I] SCOPY T3c frame=9198 buffer=current slot=28 closest=bone-captured-T(2.28) next=bind(2.34) | buffer=previous slot=28 closest=bone-captured-T(2.28) next=bind(2.34)
[22:43:21.388] [38908] [I] SCOPY T0 frame=9206 capture=2 bone='NPC Spine [Spn0]' skin='Dress' root='skeleton_female.nif' bone-origin=(1.2,-487.0,3.8) bone-row1=(0.021,0.995,0.098) witness='hdtSSEPhysics_AutoRename_Head_00000002 BDOr_H_PPW13_L1_08_00' witness-radius=21.39 subtree-nodes=968
[22:43:21.388] [38908] [I] SCOPY T1 frame=9206 bone-row1=(0.022,0.879,-0.477) orientation-delta-deg=34.1 witness-moved=12.56 moved-range=[0.50,12.85] slot=28 buffer-pre=sampled pre-rel=swung probe-effective=true
[22:43:21.388] [38908] [I] SCOPY T2 frame=9206 pass-geometry='Dress' numMatrices=71 frameID=9475 buffer-submit=sampled changed-since-T1=false submit-rel=swung
[22:43:21.388] [38908] [I] SCOPY T3 frame=9206 drawn=45 buffer-after-draw=sampled changed-since-T2=true final-rel=swung node-row1=(0.022,0.879,-0.477)
[22:43:21.389] [38908] [I] SCOPY T1c frame=9206 buffer=current slot=28 closest=bone-captured-T(2.28) next=bind(2.34) | buffer=previous slot=28 closest=bone-captured-T(2.28) next=bind(2.34)
[22:43:21.389] [38908] [I] SCOPY T3c frame=9206 buffer=current slot=28 closest=bone-captured-T(2.28) next=bind(2.34) | buffer=previous slot=28 closest=bone-captured-T(2.28) next=bind(2.34)
[22:43:21.529] [38908] [I] SCOPY T0 frame=9214 capture=2 bone='NPC Spine [Spn0]' skin='Dress' root='skeleton_female.nif' bone-origin=(1.2,-487.0,3.8) bone-row1=(0.021,0.995,0.098) witness='hdtSSEPhysics_AutoRename_Head_00000002 BDOr_H_PPW13_L1_08_00' witness-radius=21.39 subtree-nodes=968
[22:43:21.529] [38908] [I] SCOPY T1 frame=9214 bone-row1=(0.022,0.887,-0.461) orientation-delta-deg=33.1 witness-moved=12.18 moved-range=[0.50,12.85] slot=28 buffer-pre=sampled pre-rel=swung probe-effective=true
[22:43:21.529] [38908] [I] SCOPY T2 frame=9214 pass-geometry='Dress' numMatrices=71 frameID=9483 buffer-submit=sampled changed-since-T1=false submit-rel=swung
[22:43:21.529] [38908] [I] SCOPY T3 frame=9214 drawn=45 buffer-after-draw=sampled changed-since-T2=true final-rel=swung node-row1=(0.022,0.887,-0.461)
[22:43:21.529] [38908] [I] SCOPY T1c frame=9214 buffer=current slot=28 closest=bone-captured-T(2.26) next=bind(2.33) | buffer=previous slot=28 closest=bone-captured-T(2.27) next=bind(2.33)
[22:43:21.529] [38908] [I] SCOPY T3c frame=9214 buffer=current slot=28 closest=bone-captured-T(2.26) next=bind(2.32) | buffer=previous slot=28 closest=bone-captured-T(2.26) next=bind(2.33)
[22:43:21.671] [38908] [I] SCOPY T0 frame=9222 capture=2 bone='NPC Spine [Spn0]' skin='Dress' root='skeleton_female.nif' bone-origin=(1.2,-487.0,3.8) bone-row1=(0.021,0.995,0.098) witness='hdtSSEPhysics_AutoRename_Head_00000002 BDOr_H_PPW13_L1_08_00' witness-radius=21.39 subtree-nodes=968
[22:43:21.671] [38908] [I] SCOPY T1 frame=9222 bone-row1=(0.022,0.902,-0.432) orientation-delta-deg=31.2 witness-moved=11.51 moved-range=[0.50,12.85] slot=28 buffer-pre=sampled pre-rel=swung probe-effective=true
[22:43:21.671] [38908] [I] SCOPY T2 frame=9222 pass-geometry='Dress' numMatrices=71 frameID=9491 buffer-submit=sampled changed-since-T1=false submit-rel=swung
[22:43:21.671] [38908] [I] SCOPY T3 frame=9222 drawn=45 buffer-after-draw=sampled changed-since-T2=true final-rel=swung node-row1=(0.022,0.902,-0.432)
[22:43:21.671] [38908] [I] SCOPY T1c frame=9222 buffer=current slot=28 closest=bone-captured-T(2.23) next=bind(2.30) | buffer=previous slot=28 closest=bone-captured-T(2.24) next=bind(2.30)
[22:43:21.671] [38908] [I] SCOPY T3c frame=9222 buffer=current slot=28 closest=bone-captured-T(2.23) next=bind(2.29) | buffer=previous slot=28 closest=bone-captured-T(2.23) next=bind(2.30)
[22:43:21.811] [38908] [I] SCOPY T0 frame=9230 capture=2 bone='NPC Spine [Spn0]' skin='Dress' root='skeleton_female.nif' bone-origin=(1.2,-487.0,3.8) bone-row1=(0.021,0.995,0.098) witness='hdtSSEPhysics_AutoRename_Head_00000002 BDOr_H_PPW13_L1_08_00' witness-radius=21.39 subtree-nodes=968
[22:43:21.811] [38908] [I] SCOPY T1 frame=9230 bone-row1=(0.022,0.921,-0.390) orientation-delta-deg=28.6 witness-moved=10.56 moved-range=[0.50,12.85] slot=28 buffer-pre=sampled pre-rel=swung probe-effective=true
[22:43:21.811] [38908] [I] SCOPY T2 frame=9230 pass-geometry='Dress' numMatrices=71 frameID=9499 buffer-submit=sampled changed-since-T1=false submit-rel=swung
[22:43:21.811] [38908] [I] SCOPY T3 frame=9230 drawn=45 buffer-after-draw=sampled changed-since-T2=true final-rel=swung node-row1=(0.022,0.921,-0.390)
[22:43:21.811] [38908] [I] SCOPY T1c frame=9230 buffer=current slot=28 closest=bone-captured-T(2.19) next=bind(2.25) | buffer=previous slot=28 closest=bone-captured-T(2.20) next=bind(2.26)
[22:43:21.811] [38908] [I] SCOPY T3c frame=9230 buffer=current slot=28 closest=bone-captured-T(2.19) next=bind(2.25) | buffer=previous slot=28 closest=bone-captured-T(2.19) next=bind(2.25)
[22:43:21.935] [38908] [I] Clone draw: passes=45 rd-null=45 lights=3 | geoms=49 skinned=49 roots=2 num-mat=908 bone-count=941 bound=908
[22:43:21.935] [38908] [I] SCOPY DRAW frame=2881 passes=45 lights=true animation-driver=none physics-driver=none
[22:43:21.954] [38908] [I] SCOPY T0 frame=9238 capture=2 bone='NPC Spine [Spn0]' skin='Dress' root='skeleton_female.nif' bone-origin=(1.2,-487.0,3.8) bone-row1=(0.021,0.995,0.098) witness='hdtSSEPhysics_AutoRename_Head_00000002 BDOr_H_PPW13_L1_08_00' witness-radius=21.39 subtree-nodes=968
[22:43:21.954] [38908] [I] SCOPY T1 frame=9238 bone-row1=(0.023,0.942,-0.335) orientation-delta-deg=25.2 witness-moved=9.35 moved-range=[0.50,12.85] slot=28 buffer-pre=sampled pre-rel=swung probe-effective=true
[22:43:21.954] [38908] [I] SCOPY T2 frame=9238 pass-geometry='Dress' numMatrices=71 frameID=9507 buffer-submit=sampled changed-since-T1=false submit-rel=swung
[22:43:21.954] [38908] [I] SCOPY T3 frame=9238 drawn=45 buffer-after-draw=sampled changed-since-T2=true final-rel=swung node-row1=(0.023,0.942,-0.335)
[22:43:21.954] [38908] [I] SCOPY T1c frame=9238 buffer=current slot=28 closest=bone-captured-T(2.14) next=bind(2.20) | buffer=previous slot=28 closest=bone-captured-T(2.15) next=bind(2.21)
[22:43:21.954] [38908] [I] SCOPY T3c frame=9238 buffer=current slot=28 closest=bone-captured-T(2.13) next=bind(2.19) | buffer=previous slot=28 closest=bone-captured-T(2.14) next=bind(2.20)
[22:43:22.094] [38908] [I] SCOPY T0 frame=9246 capture=2 bone='NPC Spine [Spn0]' skin='Dress' root='skeleton_female.nif' bone-origin=(1.2,-487.0,3.8) bone-row1=(0.021,0.995,0.098) witness='hdtSSEPhysics_AutoRename_Head_00000002 BDOr_H_PPW13_L1_08_00' witness-radius=21.39 subtree-nodes=968
[22:43:22.094] [38908] [I] SCOPY T1 frame=9246 bone-row1=(0.023,0.963,-0.269) orientation-delta-deg=21.3 witness-moved=7.90 moved-range=[0.50,12.85] slot=28 buffer-pre=sampled pre-rel=swung probe-effective=true
[22:43:22.094] [38908] [I] SCOPY T2 frame=9246 pass-geometry='Dress' numMatrices=71 frameID=9515 buffer-submit=sampled changed-since-T1=false submit-rel=swung
[22:43:22.094] [38908] [I] SCOPY T3 frame=9246 drawn=45 buffer-after-draw=sampled changed-since-T2=true final-rel=swung node-row1=(0.023,0.963,-0.269)
[22:43:22.094] [38908] [I] SCOPY T1c frame=9246 buffer=current slot=28 closest=bone-captured-T(2.08) next=bind(2.14) | buffer=previous slot=28 closest=bone-captured-T(2.09) next=bind(2.15)
[22:43:22.094] [38908] [I] SCOPY T3c frame=9246 buffer=current slot=28 closest=bone-captured-T(2.07) next=bind(2.13) | buffer=previous slot=28 closest=bone-captured-T(2.08) next=bind(2.14)
[22:43:22.236] [38908] [I] SCOPY T0 frame=9254 capture=2 bone='NPC Spine [Spn0]' skin='Dress' root='skeleton_female.nif' bone-origin=(1.2,-487.0,3.8) bone-row1=(0.021,0.995,0.098) witness='hdtSSEPhysics_AutoRename_Head_00000002 BDOr_H_PPW13_L1_08_00' witness-radius=21.39 subtree-nodes=968
[22:43:22.236] [38908] [I] SCOPY T1 frame=9254 bone-row1=(0.022,0.981,-0.193) orientation-delta-deg=16.8 witness-moved=6.25 moved-range=[0.50,12.85] slot=28 buffer-pre=sampled pre-rel=swung probe-effective=true
[22:43:22.236] [38908] [I] SCOPY T2 frame=9254 pass-geometry='Dress' numMatrices=71 frameID=9523 buffer-submit=sampled changed-since-T1=false submit-rel=swung
[22:43:22.236] [38908] [I] SCOPY T3 frame=9254 drawn=45 buffer-after-draw=sampled changed-since-T2=true final-rel=swung node-row1=(0.022,0.981,-0.193)
[22:43:22.236] [38908] [I] SCOPY T1c frame=9254 buffer=current slot=28 closest=bone-captured-T(2.06) next=bind(2.07) | buffer=previous slot=28 closest=bone-captured-T(2.06) next=bind(2.08)
[22:43:22.236] [38908] [I] SCOPY T3c frame=9254 buffer=current slot=28 closest=bind(2.06) next=bone-captured-T(2.07) | buffer=previous slot=28 closest=bone-captured-T(2.06) next=bind(2.07)
[22:43:22.378] [38908] [I] SCOPY T0 frame=9262 capture=2 bone='NPC Spine [Spn0]' skin='Dress' root='skeleton_female.nif' bone-origin=(1.2,-487.0,3.8) bone-row1=(0.021,0.995,0.098) witness='hdtSSEPhysics_AutoRename_Head_00000002 BDOr_H_PPW13_L1_08_00' witness-radius=21.39 subtree-nodes=968
[22:43:22.378] [38908] [I] SCOPY T1 frame=9262 bone-row1=(0.022,0.994,-0.109) orientation-delta-deg=11.9 witness-moved=4.44 moved-range=[0.50,12.85] slot=28 buffer-pre=sampled pre-rel=swung probe-effective=true
[22:43:22.378] [38908] [I] SCOPY T2 frame=9262 pass-geometry='Dress' numMatrices=71 frameID=9531 buffer-submit=sampled changed-since-T1=false submit-rel=swung
[22:43:22.378] [38908] [I] SCOPY T3 frame=9262 drawn=45 buffer-after-draw=sampled changed-since-T2=true final-rel=swung node-row1=(0.022,0.994,-0.109)
[22:43:22.378] [38908] [I] SCOPY T1c frame=9262 buffer=current slot=28 closest=bind(2.00) next=bone-world(2.09) | buffer=previous slot=28 closest=bind(2.01) next=bone-world(2.08)
[22:43:22.378] [38908] [I] SCOPY T3c frame=9262 buffer=current slot=28 closest=bind(2.00) next=bone-world(2.09) | buffer=previous slot=28 closest=bind(2.00) next=bone-world(2.09)
[22:43:22.519] [38908] [I] SCOPY T0 frame=9270 capture=2 bone='NPC Spine [Spn0]' skin='Dress' root='skeleton_female.nif' bone-origin=(1.2,-487.0,3.8) bone-row1=(0.021,0.995,0.098) witness='hdtSSEPhysics_AutoRename_Head_00000002 BDOr_H_PPW13_L1_08_00' witness-radius=21.39 subtree-nodes=968
[22:43:22.519] [38908] [I] SCOPY T1 frame=9270 bone-row1=(0.022,1.000,-0.018) orientation-delta-deg=6.7 witness-moved=2.50 moved-range=[0.50,12.85] slot=28 buffer-pre=sampled pre-rel=swung probe-effective=true
[22:43:22.519] [38908] [I] SCOPY T2 frame=9270 pass-geometry='Dress' numMatrices=71 frameID=9539 buffer-submit=sampled changed-since-T1=false submit-rel=swung
[22:43:22.519] [38908] [I] SCOPY T3 frame=9270 drawn=45 buffer-after-draw=sampled changed-since-T2=true final-rel=swung node-row1=(0.022,1.000,-0.018)
[22:43:22.519] [38908] [I] SCOPY T1c frame=9270 buffer=current slot=28 closest=bone-prev-frame(2.00) next=bone-world(2.00) | buffer=previous slot=28 closest=bone-prev-frame(1.99) next=bind(2.00)
[22:43:22.519] [38908] [I] SCOPY T3c frame=9270 buffer=current slot=28 closest=bone-world(1.99) next=bone-prev-frame(2.00) | buffer=previous slot=28 closest=bone-prev-frame(2.00) next=bone-world(2.00)
[22:43:22.659] [38908] [I] SCOPY T0 frame=9278 capture=2 bone='NPC Spine [Spn0]' skin='Dress' root='skeleton_female.nif' bone-origin=(1.2,-487.0,3.8) bone-row1=(0.021,0.995,0.098) witness='hdtSSEPhysics_AutoRename_Head_00000002 BDOr_H_PPW13_L1_08_00' witness-radius=21.39 subtree-nodes=968
[22:43:22.659] [38908] [I] SCOPY T1 frame=9278 bone-row1=(0.021,0.997,0.075) orientation-delta-deg=1.3 witness-moved=0.50 moved-range=[0.50,12.85] slot=28 buffer-pre=sampled pre-rel=swung probe-effective=true
[22:43:22.659] [38908] [I] SCOPY T2 frame=9278 pass-geometry='Dress' numMatrices=71 frameID=9547 buffer-submit=sampled changed-since-T1=false submit-rel=swung
[22:43:22.659] [38908] [I] SCOPY T3 frame=9278 drawn=45 buffer-after-draw=sampled changed-since-T2=true final-rel=swung node-row1=(0.021,0.997,0.075)
[22:43:22.659] [38908] [I] SCOPY T1c frame=9278 buffer=current slot=28 closest=bind-x-world(2.03) next=world-x-bind(2.04) | buffer=previous slot=28 closest=bind-x-world(2.04) next=world-x-bind(2.04)
[22:43:22.659] [38908] [I] SCOPY T3c frame=9278 buffer=current slot=28 closest=bind-x-world(2.03) next=world-x-bind(2.03) | buffer=previous slot=28 closest=bind-x-world(2.03) next=world-x-bind(2.04)
[22:43:22.801] [38908] [I] SCOPY T0 frame=9286 capture=2 bone='NPC Spine [Spn0]' skin='Dress' root='skeleton_female.nif' bone-origin=(1.2,-487.0,3.8) bone-row1=(0.021,0.995,0.098) witness='hdtSSEPhysics_AutoRename_Head_00000002 BDOr_H_PPW13_L1_08_00' witness-radius=21.39 subtree-nodes=968
[22:43:22.801] [38908] [I] SCOPY T1 frame=9286 bone-row1=(0.020,0.986,0.168) orientation-delta-deg=4.0 witness-moved=1.51 moved-range=[0.50,12.85] slot=28 buffer-pre=sampled pre-rel=captured probe-effective=true
[22:43:22.801] [38908] [I] SCOPY T2 frame=9286 pass-geometry='Dress' numMatrices=71 frameID=9555 buffer-submit=sampled changed-since-T1=false submit-rel=captured
[22:43:22.801] [38908] [I] SCOPY T3 frame=9286 drawn=45 buffer-after-draw=sampled changed-since-T2=true final-rel=captured node-row1=(0.020,0.986,0.168)
[22:43:22.801] [38908] [I] SCOPY T1c frame=9286 buffer=current slot=28 closest=bind-T(1.98) next=captured-x-bind(2.02) | buffer=previous slot=28 closest=bind-T(1.99) next=captured-x-bind(2.03)
[22:43:22.801] [38908] [I] SCOPY T3c frame=9286 buffer=current slot=28 closest=bind-T(1.97) next=captured-x-bind(2.01) | buffer=previous slot=28 closest=bind-T(1.98) next=captured-x-bind(2.02)
[22:43:22.942] [38908] [I] SCOPY T0 frame=9294 capture=2 bone='NPC Spine [Spn0]' skin='Dress' root='skeleton_female.nif' bone-origin=(1.2,-487.0,3.8) bone-row1=(0.021,0.995,0.098) witness='hdtSSEPhysics_AutoRename_Head_00000002 BDOr_H_PPW13_L1_08_00' witness-radius=21.39 subtree-nodes=968
[22:43:22.942] [38908] [I] SCOPY T1 frame=9294 bone-row1=(0.019,0.966,0.259) orientation-delta-deg=9.3 witness-moved=3.48 moved-range=[0.50,12.85] slot=28 buffer-pre=sampled pre-rel=captured probe-effective=true
[22:43:22.942] [38908] [I] SCOPY T2 frame=9294 pass-geometry='Dress' numMatrices=71 frameID=9563 buffer-submit=sampled changed-since-T1=false submit-rel=captured
[22:43:22.942] [38908] [I] SCOPY T3 frame=9294 drawn=45 buffer-after-draw=sampled changed-since-T2=true final-rel=captured node-row1=(0.019,0.966,0.259)
[22:43:22.942] [38908] [I] SCOPY T1c frame=9294 buffer=current slot=28 closest=captured-x-bind(2.03) next=bind-T(2.04) | buffer=previous slot=28 closest=captured-x-bind(2.02) next=bind-T(2.03)
[22:43:22.942] [38908] [I] SCOPY T3c frame=9294 buffer=current slot=28 closest=bone-captured(2.04) next=captured-x-bind(2.04) | buffer=previous slot=28 closest=captured-x-bind(2.03) next=bind-T(2.04)
[22:43:23.084] [38908] [I] SCOPY T0 frame=9302 capture=2 bone='NPC Spine [Spn0]' skin='Dress' root='skeleton_female.nif' bone-origin=(1.2,-487.0,3.8) bone-row1=(0.021,0.995,0.098) witness='hdtSSEPhysics_AutoRename_Head_00000002 BDOr_H_PPW13_L1_08_00' witness-radius=21.39 subtree-nodes=968
[22:43:23.084] [38908] [I] SCOPY T1 frame=9302 bone-row1=(0.018,0.939,0.343) orientation-delta-deg=14.4 witness-moved=5.36 moved-range=[0.50,12.85] slot=28 buffer-pre=sampled pre-rel=captured probe-effective=true
[22:43:23.084] [38908] [I] SCOPY T2 frame=9302 pass-geometry='Dress' numMatrices=71 frameID=9571 buffer-submit=sampled changed-since-T1=false submit-rel=captured
[22:43:23.084] [38908] [I] SCOPY T3 frame=9302 drawn=45 buffer-after-draw=sampled changed-since-T2=true final-rel=captured node-row1=(0.018,0.939,0.343)
[22:43:23.084] [38908] [I] SCOPY T1c frame=9302 buffer=current slot=28 closest=bone-captured(2.01) next=captured-x-bind(2.11) | buffer=previous slot=28 closest=bone-captured(2.00) next=captured-x-bind(2.10)
[22:43:23.084] [38908] [I] SCOPY T3c frame=9302 buffer=current slot=28 closest=bone-captured(2.02) next=captured-x-bind(2.12) | buffer=previous slot=28 closest=bone-captured(2.01) next=captured-x-bind(2.11)
[22:43:23.225] [38908] [I] SCOPY T0 frame=9310 capture=2 bone='NPC Spine [Spn0]' skin='Dress' root='skeleton_female.nif' bone-origin=(1.2,-487.0,3.8) bone-row1=(0.021,0.995,0.098) witness='hdtSSEPhysics_AutoRename_Head_00000002 BDOr_H_PPW13_L1_08_00' witness-radius=21.39 subtree-nodes=968
[22:43:23.225] [38908] [I] SCOPY T1 frame=9310 bone-row1=(0.017,0.908,0.419) orientation-delta-deg=19.1 witness-moved=7.10 moved-range=[0.50,12.85] slot=28 buffer-pre=sampled pre-rel=captured probe-effective=true
[22:43:23.225] [38908] [I] SCOPY T2 frame=9310 pass-geometry='Dress' numMatrices=71 frameID=9579 buffer-submit=sampled changed-since-T1=false submit-rel=captured
[22:43:23.225] [38908] [I] SCOPY T3 frame=9310 drawn=45 buffer-after-draw=sampled changed-since-T2=true final-rel=captured node-row1=(0.017,0.908,0.419)
[22:43:23.225] [38908] [I] SCOPY T1c frame=9310 buffer=current slot=28 closest=bone-captured(2.09) next=captured-x-bind(2.18) | buffer=previous slot=28 closest=bone-captured(2.08) next=captured-x-bind(2.17)
[22:43:23.225] [38908] [I] SCOPY T3c frame=9310 buffer=current slot=28 closest=bone-captured(2.10) next=captured-x-bind(2.19) | buffer=previous slot=28 closest=bone-captured(2.09) next=captured-x-bind(2.18)
[22:43:23.368] [38908] [I] SCOPY T0 frame=9318 capture=2 bone='NPC Spine [Spn0]' skin='Dress' root='skeleton_female.nif' bone-origin=(1.2,-487.0,3.8) bone-row1=(0.021,0.995,0.098) witness='hdtSSEPhysics_AutoRename_Head_00000002 BDOr_H_PPW13_L1_08_00' witness-radius=21.39 subtree-nodes=968
[22:43:23.368] [38908] [I] SCOPY T1 frame=9318 bone-row1=(0.016,0.875,0.485) orientation-delta-deg=23.3 witness-moved=8.65 moved-range=[0.50,12.85] slot=28 buffer-pre=sampled pre-rel=captured probe-effective=true
[22:43:23.368] [38908] [I] SCOPY T2 frame=9318 pass-geometry='Dress' numMatrices=71 frameID=9587 buffer-submit=sampled changed-since-T1=false submit-rel=captured
[22:43:23.368] [38908] [I] SCOPY T3 frame=9318 drawn=45 buffer-after-draw=sampled changed-since-T2=true final-rel=captured node-row1=(0.016,0.875,0.485)
[22:43:23.368] [38908] [I] SCOPY T1c frame=9318 buffer=current slot=28 closest=bone-captured(2.16) next=captured-x-bind(2.25) | buffer=previous slot=28 closest=bone-captured(2.15) next=captured-x-bind(2.24)
[22:43:23.368] [38908] [I] SCOPY T3c frame=9318 buffer=current slot=28 closest=bone-captured(2.17) next=captured-x-bind(2.26) | buffer=previous slot=28 closest=bone-captured(2.16) next=captured-x-bind(2.25)
[22:43:23.510] [38908] [I] SCOPY T0 frame=9326 capture=2 bone='NPC Spine [Spn0]' skin='Dress' root='skeleton_female.nif' bone-origin=(1.2,-487.0,3.8) bone-row1=(0.021,0.995,0.098) witness='hdtSSEPhysics_AutoRename_Head_00000002 BDOr_H_PPW13_L1_08_00' witness-radius=21.39 subtree-nodes=968
[22:43:23.510] [38908] [I] SCOPY T1 frame=9326 bone-row1=(0.015,0.842,0.539) orientation-delta-deg=27.0 witness-moved=9.99 moved-range=[0.50,12.85] slot=28 buffer-pre=sampled pre-rel=captured probe-effective=true
[22:43:23.510] [38908] [I] SCOPY T2 frame=9326 pass-geometry='Dress' numMatrices=71 frameID=9595 buffer-submit=sampled changed-since-T1=false submit-rel=captured
[22:43:23.510] [38908] [I] SCOPY T3 frame=9326 drawn=45 buffer-after-draw=sampled changed-since-T2=true final-rel=captured node-row1=(0.015,0.842,0.539)
[22:43:23.510] [38908] [I] SCOPY T1c frame=9326 buffer=current slot=28 closest=bone-captured(2.22) next=captured-x-bind(2.31) | buffer=previous slot=28 closest=bone-captured(2.21) next=captured-x-bind(2.31)
[22:43:23.510] [38908] [I] SCOPY T3c frame=9326 buffer=current slot=28 closest=bone-captured(2.23) next=captured-x-bind(2.32) | buffer=previous slot=28 closest=bone-captured(2.22) next=captured-x-bind(2.31)
[22:43:23.652] [38908] [I] SCOPY T0 frame=9334 capture=2 bone='NPC Spine [Spn0]' skin='Dress' root='skeleton_female.nif' bone-origin=(1.2,-487.0,3.8) bone-row1=(0.021,0.995,0.098) witness='hdtSSEPhysics_AutoRename_Head_00000002 BDOr_H_PPW13_L1_08_00' witness-radius=21.39 subtree-nodes=968
[22:43:23.653] [38908] [I] SCOPY T1 frame=9334 bone-row1=(0.014,0.813,0.583) orientation-delta-deg=30.0 witness-moved=11.07 moved-range=[0.50,12.85] slot=28 buffer-pre=sampled pre-rel=captured probe-effective=true
[22:43:23.653] [38908] [I] SCOPY T2 frame=9334 pass-geometry='Dress' numMatrices=71 frameID=9603 buffer-submit=sampled changed-since-T1=false submit-rel=captured
[22:43:23.653] [38908] [I] SCOPY T3 frame=9334 drawn=45 buffer-after-draw=sampled changed-since-T2=true final-rel=captured node-row1=(0.014,0.813,0.583)
[22:43:23.653] [38908] [I] SCOPY T1c frame=9334 buffer=current slot=28 closest=bone-captured(2.27) next=captured-x-bind(2.36) | buffer=previous slot=28 closest=bone-captured(2.26) next=captured-x-bind(2.36)
[22:43:23.653] [38908] [I] SCOPY T3c frame=9334 buffer=current slot=28 closest=bone-captured(2.28) next=captured-x-bind(2.37) | buffer=previous slot=28 closest=bone-captured(2.27) next=captured-x-bind(2.36)
[22:43:23.795] [38908] [I] SCOPY T0 frame=9342 capture=2 bone='NPC Spine [Spn0]' skin='Dress' root='skeleton_female.nif' bone-origin=(1.2,-487.0,3.8) bone-row1=(0.021,0.995,0.098) witness='hdtSSEPhysics_AutoRename_Head_00000002 BDOr_H_PPW13_L1_08_00' witness-radius=21.39 subtree-nodes=968
[22:43:23.795] [38908] [I] SCOPY T1 frame=9342 bone-row1=(0.013,0.789,0.614) orientation-delta-deg=32.3 witness-moved=11.88 moved-range=[0.50,12.85] slot=28 buffer-pre=sampled pre-rel=captured probe-effective=true
[22:43:23.795] [38908] [I] SCOPY T2 frame=9342 pass-geometry='Dress' numMatrices=71 frameID=9611 buffer-submit=sampled changed-since-T1=false submit-rel=captured
[22:43:23.795] [38908] [I] SCOPY T3 frame=9342 drawn=45 buffer-after-draw=sampled changed-since-T2=true final-rel=captured node-row1=(0.013,0.789,0.614)
[22:43:23.795] [38908] [I] SCOPY T1c frame=9342 buffer=current slot=28 closest=bone-captured(2.31) next=captured-x-bind(2.40) | buffer=previous slot=28 closest=bone-captured(2.31) next=captured-x-bind(2.40)
[22:43:23.795] [38908] [I] SCOPY T3c frame=9342 buffer=current slot=28 closest=bone-captured(2.31) next=captured-x-bind(2.41) | buffer=previous slot=28 closest=bone-captured(2.31) next=captured-x-bind(2.40)
[22:43:23.937] [38908] [I] SCOPY T0 frame=9350 capture=2 bone='NPC Spine [Spn0]' skin='Dress' root='skeleton_female.nif' bone-origin=(1.2,-487.0,3.8) bone-row1=(0.021,0.995,0.098) witness='hdtSSEPhysics_AutoRename_Head_00000002 BDOr_H_PPW13_L1_08_00' witness-radius=21.39 subtree-nodes=968
[22:43:23.937] [38908] [I] SCOPY T1 frame=9350 bone-row1=(0.013,0.773,0.634) orientation-delta-deg=33.7 witness-moved=12.41 moved-range=[0.50,12.85] slot=28 buffer-pre=sampled pre-rel=captured probe-effective=true
[22:43:23.937] [38908] [I] SCOPY T2 frame=9350 pass-geometry='Dress' numMatrices=71 frameID=9619 buffer-submit=sampled changed-since-T1=false submit-rel=captured
[22:43:23.937] [38908] [I] SCOPY T3 frame=9350 drawn=45 buffer-after-draw=sampled changed-since-T2=true final-rel=captured node-row1=(0.013,0.773,0.634)
[22:43:23.937] [38908] [I] SCOPY T1c frame=9350 buffer=current slot=28 closest=bone-captured(2.34) next=captured-x-bind(2.43) | buffer=previous slot=28 closest=bone-captured(2.33) next=captured-x-bind(2.43)
[22:43:23.937] [38908] [I] SCOPY T3c frame=9350 buffer=current slot=28 closest=bone-captured(2.34) next=captured-x-bind(2.43) | buffer=previous slot=28 closest=bone-captured(2.34) next=captured-x-bind(2.43)
[22:43:24.060] [38908] [I] Clone draw: passes=45 rd-null=45 lights=3 | geoms=49 skinned=49 roots=2 num-mat=908 bone-count=941 bound=908
[22:43:24.060] [38908] [I] SCOPY DRAW frame=3001 passes=45 lights=true animation-driver=none physics-driver=none
[22:43:24.078] [38908] [I] SCOPY T0 frame=9358 capture=2 bone='NPC Spine [Spn0]' skin='Dress' root='skeleton_female.nif' bone-origin=(1.2,-487.0,3.8) bone-row1=(0.021,0.995,0.098) witness='hdtSSEPhysics_AutoRename_Head_00000002 BDOr_H_PPW13_L1_08_00' witness-radius=21.39 subtree-nodes=968
[22:43:24.078] [38908] [I] SCOPY T1 frame=9358 bone-row1=(0.012,0.766,0.643) orientation-delta-deg=34.4 witness-moved=12.64 moved-range=[0.50,12.85] slot=28 buffer-pre=sampled pre-rel=captured probe-effective=true
[22:43:24.078] [38908] [I] SCOPY T2 frame=9358 pass-geometry='Dress' numMatrices=71 frameID=9627 buffer-submit=sampled changed-since-T1=false submit-rel=captured
[22:43:24.078] [38908] [I] SCOPY T3 frame=9358 drawn=45 buffer-after-draw=sampled changed-since-T2=true final-rel=captured node-row1=(0.012,0.766,0.643)
[22:43:24.078] [38908] [I] SCOPY T1c frame=9358 buffer=current slot=28 closest=bone-captured(2.35) next=captured-x-bind(2.44) | buffer=previous slot=28 closest=bone-captured(2.35) next=captured-x-bind(2.44)
[22:43:24.078] [38908] [I] SCOPY T3c frame=9358 buffer=current slot=28 closest=bone-captured(2.35) next=captured-x-bind(2.44) | buffer=previous slot=28 closest=bone-captured(2.35) next=captured-x-bind(2.44)
[22:43:24.219] [38908] [I] SCOPY T0 frame=9366 capture=2 bone='NPC Spine [Spn0]' skin='Dress' root='skeleton_female.nif' bone-origin=(1.2,-487.0,3.8) bone-row1=(0.021,0.995,0.098) witness='hdtSSEPhysics_AutoRename_Head_00000002 BDOr_H_PPW13_L1_08_00' witness-radius=21.39 subtree-nodes=968
[22:43:24.219] [38908] [I] SCOPY T1 frame=9366 bone-row1=(0.012,0.768,0.640) orientation-delta-deg=34.1 witness-moved=12.56 moved-range=[0.50,12.85] slot=28 buffer-pre=sampled pre-rel=captured probe-effective=true
[22:43:24.219] [38908] [I] SCOPY T2 frame=9366 pass-geometry='Dress' numMatrices=71 frameID=9635 buffer-submit=sampled changed-since-T1=false submit-rel=captured
[22:43:24.219] [38908] [I] SCOPY T3 frame=9366 drawn=45 buffer-after-draw=sampled changed-since-T2=true final-rel=captured node-row1=(0.012,0.768,0.640)
[22:43:24.219] [38908] [I] SCOPY T1c frame=9366 buffer=current slot=28 closest=bone-captured(2.35) next=captured-x-bind(2.44) | buffer=previous slot=28 closest=bone-captured(2.35) next=captured-x-bind(2.44)
[22:43:24.219] [38908] [I] SCOPY T3c frame=9366 buffer=current slot=28 closest=bone-captured(2.35) next=captured-x-bind(2.44) | buffer=previous slot=28 closest=bone-captured(2.35) next=captured-x-bind(2.44)
[22:43:24.361] [38908] [I] SCOPY T0 frame=9374 capture=2 bone='NPC Spine [Spn0]' skin='Dress' root='skeleton_female.nif' bone-origin=(1.2,-487.0,3.8) bone-row1=(0.021,0.995,0.098) witness='hdtSSEPhysics_AutoRename_Head_00000002 BDOr_H_PPW13_L1_08_00' witness-radius=21.39 subtree-nodes=968
[22:43:24.361] [38908] [I] SCOPY T1 frame=9374 bone-row1=(0.013,0.780,0.626) orientation-delta-deg=33.1 witness-moved=12.18 moved-range=[0.50,12.85] slot=28 buffer-pre=sampled pre-rel=captured probe-effective=true
[22:43:24.361] [38908] [I] SCOPY T2 frame=9374 pass-geometry='Dress' numMatrices=71 frameID=9643 buffer-submit=sampled changed-since-T1=false submit-rel=captured
[22:43:24.361] [38908] [I] SCOPY T3 frame=9374 drawn=45 buffer-after-draw=sampled changed-since-T2=true final-rel=captured node-row1=(0.013,0.780,0.626)
[22:43:24.361] [38908] [I] SCOPY T1c frame=9374 buffer=current slot=28 closest=bone-captured(2.33) next=captured-x-bind(2.43) | buffer=previous slot=28 closest=bone-captured(2.33) next=captured-x-bind(2.43)
[22:43:24.361] [38908] [I] SCOPY T3c frame=9374 buffer=current slot=28 closest=bone-captured(2.33) next=captured-x-bind(2.42) | buffer=previous slot=28 closest=bone-captured(2.33) next=captured-x-bind(2.43)
[22:43:24.503] [38908] [I] SCOPY T0 frame=9382 capture=2 bone='NPC Spine [Spn0]' skin='Dress' root='skeleton_female.nif' bone-origin=(1.2,-487.0,3.8) bone-row1=(0.021,0.995,0.098) witness='hdtSSEPhysics_AutoRename_Head_00000002 BDOr_H_PPW13_L1_08_00' witness-radius=21.39 subtree-nodes=968
[22:43:24.503] [38908] [I] SCOPY T1 frame=9382 bone-row1=(0.013,0.800,0.600) orientation-delta-deg=31.2 witness-moved=11.51 moved-range=[0.50,12.85] slot=28 buffer-pre=sampled pre-rel=captured probe-effective=true
[22:43:24.503] [38908] [I] SCOPY T2 frame=9382 pass-geometry='Dress' numMatrices=71 frameID=9651 buffer-submit=sampled changed-since-T1=false submit-rel=captured
[22:43:24.503] [38908] [I] SCOPY T3 frame=9382 drawn=45 buffer-after-draw=sampled changed-since-T2=true final-rel=captured node-row1=(0.013,0.800,0.600)
[22:43:24.503] [38908] [I] SCOPY T1c frame=9382 buffer=current slot=28 closest=bone-captured(2.30) next=captured-x-bind(2.40) | buffer=previous slot=28 closest=bone-captured(2.31) next=captured-x-bind(2.40)
[22:43:24.503] [38908] [I] SCOPY T3c frame=9382 buffer=current slot=28 closest=bone-captured(2.30) next=captured-x-bind(2.39) | buffer=previous slot=28 closest=bone-captured(2.30) next=captured-x-bind(2.40)
[22:43:24.646] [38908] [I] SCOPY ANIM probe disabled; the copy keeps its captured pose
[22:43:26.178] [38908] [I] Clone draw: passes=45 rd-null=45 lights=3 | geoms=49 skinned=49 roots=2 num-mat=908 bone-count=941 bound=908
[22:43:26.178] [38908] [I] SCOPY DRAW frame=3121 passes=45 lights=true animation-driver=none physics-driver=none
[22:43:26.937] [38908] [I] SCOPY PARK snapshots held alive for the process lifetime: 2
[22:43:26.937] [38908] [I] SCOPY RELEASE reason=F4 capture=2
